text_idx,stat_automated_readability_index,stat_avg_sent_len,stat_avg_word_len,stat_char_count,stat_coleman_liau_index,stat_dale_chall_readability_score,stat_difficult_words,stat_flesch_kincaid_grade,stat_flesch_reading_ease,stat_gunning_fog,stat_has_because,stat_has_example,stat_has_multiple_choice,stat_has_therefore,stat_linsear_write_formula,stat_long_word_ratio,stat_max_sent_len,stat_mcalpine_eflaw,stat_n_comma,stat_n_exclaim,stat_n_newlines,stat_n_paragraphs,stat_n_paren,stat_n_question,stat_n_quote,stat_n_semicolon,stat_sentence_count,stat_smog_index,stat_spache_readability,stat_text_standard,stat_ttr,stat_unique_words,stat_word_count,stat_word_entropy
0,8.628565179352584,14.222222222222221,4.67578125,1495,9.71857707509881,7.953497452788757,33.0,8.081389986824771,62.15754391743525,8.7842775581906,1.0,0.0,0.0,0.0,7.571428571428571,0.2109375,34,19.166666666666668,13,0,0,1,0,0,0,0,18,9.861636050157227,4.180517127799736,7.0,0.51171875,131,256,6.363473894639812
1,15.005418502202645,30.625,4.681632653061224,1435,12.662555066079296,10.605415594713657,53.0,12.340533039647578,47.01828854625552,14.542555066079297,0.0,0.0,0.0,0.0,11.166666666666666,0.22857142857142856,81,31.7,21,0,0,1,0,0,4,0,8,14.117786864225405,6.426484140969162,10.0,0.5714285714285714,140,245,6.683500283190709
2,10.090021367521366,16.80952380952381,4.906515580736544,2154,11.043874643874645,10.434976923076924,78.0,10.116599002849004,48.580368589743614,12.231766381766384,0.0,0.0,0.0,0.0,11.166666666666666,0.26912181303116145,80,19.5,12,0,0,1,0,1,6,0,21,12.530574950772351,5.571780270655271,10.0,0.4985835694050991,176,353,6.884901842227634
3,7.273500000000002,15.391304347826088,4.11864406779661,1865,6.109999999999999,7.467994444444445,37.0,7.458333333333336,73.65,9.755555555555556,0.0,0.0,0.0,1.0,11.6,0.1327683615819209,35,26.2,7,0,0,1,0,4,4,2,23,9.766711354998122,4.380333333333333,6.0,0.4717514124293785,167,354,6.884753576915019
4,5.486212288042285,12.894736842105264,4.155102040816327,1286,6.621008403361348,7.309654002653693,21.0,4.91291021671827,82.15020123839012,6.018929677134012,1.0,0.0,0.0,0.0,4.7,0.1346938775510204,20,18.05263157894737,7,0,0,1,0,0,4,0,19,7.85451343220497,3.544706324635117,4.0,0.5551020408163265,136,245,6.663325937813814
5,5.77735336538462,11.428571428571429,4.30625,1752,6.913207547169812,7.272045524915336,45.0,5.544150943396229,77.0981277213353,6.527527818093856,0.0,1.0,0.0,0.0,4.2,0.153125,35,17.46153846153846,14,0,0,1,0,1,2,1,28,7.748469712250962,3.9968717948717947,6.0,0.546875,175,320,7.028494810701212
6,7.661666666666669,11.041666666666666,4.811320754716981,1601,9.41729323308271,7.807248370927319,45.0,7.6746052631579005,59.780153508771946,7.440852130325815,0.0,0.0,0.0,0.0,6.222222222222222,0.21509433962264152,26,14.75,22,1,0,1,2,0,6,0,24,10.411451182825502,3.8566372180451123,7.0,0.5471698113207547,145,265,6.544356761412411
7,7.19632768361582,27.714285714285715,4.396907216494846,1067,9.337853107344632,8.227849152542372,31.0,6.778333333333336,63.979590395480244,7.323163841807911,0.0,0.0,0.0,0.0,4.166666666666667,0.15979381443298968,34,13.222222222222221,9,1,0,1,0,1,2,0,7,9.586721724236664,3.828889830508474,6.0,0.5927835051546392,115,194,6.371764933660039
8,5.500532492298664,12.903225806451612,4.3075,2192,6.6675,7.220129411764706,46.0,6.22623529411765,71.37782352941178,7.2058823529411775,1.0,0.0,0.0,1.0,5.666666666666667,0.185,32,17.029411764705884,13,0,0,1,2,3,8,0,31,9.478462496947788,3.7448235294117644,6.0,0.435,174,400,6.706191704659518
9,9.382036066261271,13.0,5.040485829959514,1540,10.913147410358565,10.26803692598029,58.0,8.601945900608094,56.92033969385619,10.38381211994129,0.0,0.0,0.0,0.0,7.857142857142858,0.2631578947368421,28,17.68421052631579,10,0,0,1,0,0,0,0,19,10.771109862388435,5.13435353323548,9.0,0.6518218623481782,161,247,6.86488768414727
10,7.16368217841902,15.352941176470589,4.432950191570881,1457,8.030232558139538,7.492496409628723,33.0,6.308115055079565,74.02213586291312,8.222276621787026,0.0,0.0,0.0,0.0,7.2857142857142865,0.16091954022988506,29,19.31578947368421,12,0,0,1,0,0,4,0,17,8.99025400887824,3.9202982456140347,6.0,0.5823754789272031,152,261,6.7215477975523426
11,8.372783096731595,16.928571428571427,4.236286919831223,1263,7.515879828326181,8.45604255529878,20.0,7.3021459227467815,74.6327764938924,8.542621327170684,1.0,1.0,0.0,0.0,11.6,0.14345991561181434,31,24.307692307692307,9,0,0,1,0,0,0,0,14,9.661875296680812,4.362720369758996,7.0,0.5147679324894515,122,237,6.55502397251446
12,11.455908710217756,18.454545454545453,4.9507389162561575,2477,11.629722921914354,9.667268933669185,94.0,10.716161838790935,47.695586167086475,12.863518052057096,0.0,0.0,0.0,0.0,10.5,0.2438423645320197,70,22.166666666666668,23,0,0,1,0,7,8,0,22,12.954912879858846,5.554246536523928,10.0,0.5615763546798029,228,406,7.3780629179371235
13,6.856964149504197,16.0,4.357142857142857,1863,7.324629080118694,7.502505986324345,51.0,7.491706876532064,67.44790994710362,9.659089149787125,0.0,0.0,0.0,0.0,7.0,0.18452380952380953,30,21.17391304347826,20,0,0,1,0,1,12,0,21,10.568078804390687,4.410594503934975,6.0,0.5714285714285714,192,336,7.0890061767564765
14,10.982879554655874,15.4375,5.089068825910931,1541,11.799190283400808,9.836005668016195,50.0,9.587710020242916,53.819378795546584,10.709412955465588,0.0,0.0,0.0,0.0,6.0,0.31983805668016196,26,20.6875,15,0,0,1,0,0,6,1,16,11.20814326018867,5.627023532388664,9.0,0.5344129554655871,132,247,6.532039299157495
15,12.060767241379317,39.125,4.594249201277956,1795,11.561245674740483,9.668247750865053,63.0,9.256451124567473,60.869728589965405,10.546799307958478,0.0,0.0,0.0,0.0,9.0,0.1853035143769968,97,24.4375,18,0,0,1,0,0,4,1,8,10.820120047756994,5.558130839100345,8.0,0.5686900958466453,178,313,6.949580080399083
16,9.152713414634146,18.444444444444443,4.352409638554217,1830,8.44074074074074,8.428065432098766,46.0,7.746049382716048,71.58722222222224,10.162962962962965,0.0,0.0,0.0,0.0,10.166666666666666,0.1897590361445783,39,24.666666666666668,18,0,0,1,0,1,0,0,18,10.25414643259724,4.916506172839506,9.0,0.5210843373493976,173,332,6.945487836684989
17,10.156975881261594,14.64864864864865,5.068265682656826,3386,11.694402985074628,10.575897462686568,129.0,9.427417910447762,51.339597014925374,11.330149253731344,0.0,0.0,0.0,0.0,6.666666666666667,0.3062730627306273,36,18.05,31,0,0,1,0,2,16,2,37,11.407655852321103,5.536235820895522,10.0,0.5313653136531366,288,542,7.532276232629132
18,11.854211076280045,23.636363636363637,4.3076923076923075,1447,8.35249042145594,9.290230964820621,51.0,11.160188087774298,57.31043887147335,13.015813305468479,0.0,0.0,0.0,0.0,13.4,0.18076923076923077,38,34.90909090909091,19,0,0,1,2,0,4,0,11,12.563389971838223,6.095656565656565,12.0,0.5846153846153846,152,260,6.66370070523817
19,4.910290909090911,14.842105263157896,3.9397163120567376,1447,5.179636363636366,7.012572727272728,25.0,4.903909090909092,82.16786363636365,6.0181818181818185,0.0,0.0,0.0,0.0,4.888888888888889,0.1276595744680851,36,18.272727272727273,26,0,0,1,0,1,14,0,19,7.846244985919111,3.570954545454545,4.0,0.5709219858156028,161,282,6.790732879452066
20,10.925515212981743,18.1875,4.8728522336769755,1756,10.824827586206897,9.709652129817446,56.0,9.902251521298176,54.45201825557811,12.754563894523328,0.0,0.0,0.0,0.0,10.142857142857142,0.25773195876288657,41,23.41176470588235,13,0,0,1,0,0,2,0,16,12.827911418992354,5.527742393509127,9.0,0.6323024054982818,184,291,7.044924428005246
21,4.35836843323305,10.851851851851851,4.221843003412969,1609,5.697610921501706,7.424968918441803,38.0,4.17764858185242,83.10627986348125,6.089160880310698,0.0,0.0,0.0,0.0,4.0,0.16382252559726962,26,14.724137931034482,26,0,0,1,0,0,10,1,27,7.503015589744147,3.55505378368836,3.0,0.5972696245733788,175,293,6.924537475119438
22,12.407422222222223,79.0,4.318987341772152,2141,11.081142857142854,9.563515873015874,75.0,10.03047619047619,57.78174603174605,12.006349206349206,0.0,0.0,0.0,0.0,7.7142857142857135,0.16962025316455695,124,27.5,29,0,0,1,0,0,14,1,5,12.554650470220118,5.620095238095237,11.0,0.5139240506329114,203,395,7.136694533369235
23,6.514073482428113,15.8,4.094936708860759,1649,6.194249201277952,7.742260766773163,43.0,6.23426677316294,78.24034584664538,8.304728434504794,0.0,0.0,0.0,0.0,11.8,0.14556962025316456,39,22.8,12,0,0,1,0,0,4,0,20,8.697196308434329,4.474403993610224,6.0,0.5759493670886076,182,316,6.9367077511540245
24,5.5005303030303025,12.375,4.282828282828283,1069,6.531313131313134,6.9617141414141415,23.0,5.982714646464647,74.21073863636367,7.576262626262627,0.0,0.0,0.0,0.0,6.0,0.15151515151515152,20,17.8125,5,0,0,1,0,1,2,0,16,8.660442795831768,3.7566022727272723,5.0,0.601010101010101,119,198,6.497835485107933
25,10.261019065520948,20.36842105263158,4.465116279069767,2170,8.45102040816327,9.332377336197638,46.0,9.945601503759402,60.50466165413536,11.72201933404941,1.0,1.0,0.0,1.0,10.666666666666666,0.1834625322997416,35,29.842105263157894,19,0,0,1,0,0,0,1,19,11.101131339891392,6.029685284640172,9.0,0.34108527131782945,132,387,6.108147248372081
26,6.011616743471581,11.952380952380953,4.366533864541832,1381,7.279032258064515,8.23342173579109,35.0,6.239907834101384,71.35962365591398,7.627035330261137,0.0,1.0,0.0,0.0,5.888888888888889,0.17928286852589642,22,16.476190476190474,6,0,0,1,0,0,0,0,21,9.236282656511921,4.099304147465437,5.0,0.549800796812749,138,251,6.600279874015866
27,10.58245907349356,17.833333333333332,4.64797507788162,1886,9.947962382445144,10.158343538836643,62.0,9.188124346917451,60.75352751654478,11.47760362243121,0.0,0.0,0.0,0.0,9.0,0.21495327102803738,33,25.444444444444443,21,0,0,1,0,0,6,0,18,11.855464076750408,5.467613897596657,8.0,0.5358255451713395,172,321,6.845293956220622
28,13.227408216783218,37.833333333333336,4.748898678414097,1322,12.831884057971017,9.680654765041721,54.0,11.130733421168205,48.77802371541506,12.744664031620554,0.0,1.0,0.0,0.0,10.833333333333334,0.2555066079295154,68,26.272727272727273,9,0,0,1,2,0,4,0,6,13.023866798666859,5.818933684672814,12.0,0.6387665198237885,145,227,6.752637091426586
29,12.795350013308493,25.454545454545453,4.9071428571428575,1706,10.724567474048442,10.421360686718126,48.0,12.147820069204155,47.564194836305575,14.42863987223849,0.0,0.0,0.0,0.0,21.333333333333332,0.2892857142857143,53,29.76923076923077,8,0,0,1,0,1,4,0,11,13.757784519515319,6.175614586105935,12.0,0.5035714285714286,141,280,6.670210143718978
30,7.063955162484575,16.705882352941178,4.165492957746479,1508,6.44507042253521,6.633456835128418,28.0,6.547829328914666,77.87289560894781,7.949958574979289,1.0,0.0,0.0,0.0,7.428571428571429,0.15492957746478872,27,24.58823529411765,19,1,0,1,0,0,0,0,17,8.671277953709914,4.072698425849213,6.0,0.573943661971831,163,284,6.871450401802625
31,4.014755949490045,9.620689655172415,4.193548387096774,1522,5.704929577464792,6.9021675084992715,23.0,3.8933948518698394,84.59147887323947,6.452452646915979,0.0,0.0,0.0,0.0,5.555555555555555,0.1039426523297491,17,13.344827586206897,5,0,0,1,0,0,0,0,29,8.104835398774807,3.097996600291403,5.0,0.5340501792114696,149,279,6.705743191718184
32,11.399820295983083,19.636363636363637,4.659722222222222,2534,10.174883720930236,9.85704756871036,84.0,10.912727272727277,51.636363636363654,13.585623678646938,1.0,0.0,0.0,0.0,13.8,0.19675925925925927,44,27.136363636363637,29,0,0,1,2,0,2,0,22,13.246248875233395,5.7149090909090905,9.0,0.5300925925925926,229,432,7.194506722045348
33,10.231079545454545,16.0,4.809659090909091,2121,10.485470085470087,9.331292747992748,61.0,8.382700077700079,63.37959790209793,11.168142968142968,1.0,0.0,0.0,0.0,6.5,0.21022727272727273,38,21.772727272727273,18,0,0,1,0,0,6,0,22,11.479024033405114,4.779189199689199,10.0,0.5568181818181818,196,352,7.152536043852023
34,8.170481283422461,20.77777777777778,4.181818181818182,990,6.902673796791447,5.746159037433155,10.0,7.478401069518718,74.75289572192514,8.335614973262032,0.0,0.0,0.0,0.0,7.2857142857142865,0.13368983957219252,35,26.4,6,0,0,1,0,2,4,0,9,10.125756701596842,4.02757165775401,6.0,0.48128342245989303,90,187,6.000660303009135
35,8.115942622950818,17.5,4.355102040816327,1354,7.935802469135805,8.598703127572016,39.0,7.529646090534978,69.93274074074075,9.27835390946502,0.0,0.0,0.0,0.0,11.6,0.16326530612244897,29,22.533333333333335,10,0,0,1,0,0,4,0,14,9.888512548439397,4.609619753086419,7.0,0.6530612244897959,160,245,6.917626774614994
36,9.016437143419239,18.375,4.537414965986395,1680,8.722033898305089,9.475070289132603,54.0,8.37764705882353,65.90651046859426,10.466600199401794,0.0,0.0,0.0,0.0,15.25,0.18027210884353742,40,23.941176470588236,18,0,0,1,0,0,6,0,16,10.718039707386858,5.034917248255233,8.0,0.608843537414966,179,294,6.9864152992589945
37,13.50060606060606,22.0,4.959595959595959,1203,11.561616161616165,9.91128585858586,46.0,11.822323232323232,49.486818181818194,14.052525252525255,0.0,1.0,0.0,0.0,11.5,0.25757575757575757,35,29.11111111111111,14,0,0,1,0,0,0,1,9,13.731508374201276,6.286454545454545,11.0,0.5707070707070707,113,198,6.416553603740304
38,9.038596890405763,16.11111111111111,4.655172413793103,1688,9.389619377162628,8.749153133410227,46.0,8.106268742791237,65.5413792772011,10.43606305267205,1.0,1.0,0.0,0.0,7.571428571428571,0.2103448275862069,36,21.833333333333332,13,0,0,1,0,0,11,2,18,11.20814326018867,4.799027104959631,8.0,0.596551724137931,173,290,6.946949865057195
39,10.919672523961658,22.428571428571427,4.630573248407643,1818,9.838709677419356,9.283564516129033,51.0,9.742379032258068,59.72356854838712,11.362903225806452,1.0,0.0,0.0,0.0,11.4,0.23885350318471338,61,26.5625,16,0,0,1,0,0,6,0,14,11.333407214811011,5.429584677419355,10.0,0.5605095541401274,176,314,6.942794095665019
40,8.595839160839162,20.23076923076923,4.129277566539924,1379,6.6425855513307965,7.521771248903188,30.0,8.182889733840305,72.42852588476165,9.61322023983621,0.0,0.0,0.0,0.0,7.142857142857142,0.1634980988593156,35,29.46153846153846,17,0,0,1,0,0,0,0,13,8.617729084823388,4.803325533781807,7.0,0.5703422053231939,150,263,6.633705754441799
41,10.22439189189189,124.5,4.461847389558233,1386,11.1972972972973,9.161276576576576,50.0,6.883412162162163,70.42484797297298,8.613063063063064,0.0,0.0,0.0,0.0,6.25,0.18875502008032127,200,18.1875,16,0,0,1,0,0,12,0,2,9.354420925462398,5.003483108108108,8.0,0.5542168674698795,138,249,6.5888632181410305
42,6.788259109311738,21.24,4.1939736346516,2879,6.709230769230768,7.8983522267206485,71.0,5.676842105263159,78.7355263157895,7.781376518218623,0.0,0.0,0.0,0.0,14.5,0.16195856873822975,98,19.710526315789473,40,0,0,1,0,4,36,0,25,8.841846274778883,4.157704453441295,6.0,0.5141242937853108,273,531,7.420312240224801
43,12.309367529880475,18.285714285714285,5.20703125,1630,13.184860557768925,9.82471952191235,53.0,10.179121015936257,50.02453809760959,13.605677290836656,0.0,0.0,0.0,0.0,7.625,0.29296875,34,21.1875,20,2,0,1,0,0,2,0,14,13.526455162492045,5.4493438745019915,9.0,0.546875,140,256,6.647910167050068
44,4.3233246753246775,14.217391304347826,4.048929663608563,1723,5.067682926829267,6.672681010452962,37.0,4.987717770034845,80.16756097560979,6.636933797909407,0.0,0.0,0.0,0.0,4.5,0.14067278287461774,43,17.0,12,0,0,1,0,3,22,0,23,8.192908349453996,3.5394947735191633,4.0,0.5076452599388379,166,327,6.690079795670622
45,2.9626358664028842,9.865671641791044,3.950075642965204,3374,4.074277016742773,6.661357520196699,64.0,3.6363226788432286,86.9948703898841,5.747795340124107,0.0,0.0,0.0,0.0,4.6,0.13313161875945537,23,14.96923076923077,16,0,0,1,0,4,6,3,67,7.554174236665414,3.128111556023885,3.0,0.4689863842662632,310,661,7.482748897031878
46,18.958174273858923,41.333333333333336,5.701612903225806,1690,16.953526970954346,11.187171203319501,64.0,17.36003734439834,13.524537344398368,20.59435684647303,0.0,0.0,0.0,0.0,15.8,0.3790322580645161,56,32.6,14,0,0,1,0,0,6,1,6,18.35118385865746,7.448718257261412,16.0,0.5362903225806451,133,248,6.635479321434413
47,14.193311688311688,28.285714285714285,4.4646464646464645,2201,9.033838383838383,8.94709769119769,62.0,13.499004329004332,48.66136363636366,15.354689754689753,0.0,1.0,0.0,0.0,12.2,0.1919191919191919,42,40.214285714285715,22,0,0,1,2,0,0,0,14,13.596283718651353,6.781831168831168,13.0,0.45202020202020204,179,396,6.8271006861375065
48,7.6901520467836235,33.22222222222222,4.040133779264214,3063,8.16333333333333,8.493527290448343,95.0,6.515808966861602,73.65798245614037,8.424951267056532,1.0,0.0,0.0,0.0,4.9,0.1454849498327759,89,20.63157894736842,42,1,0,1,2,0,6,0,18,9.276330184999454,4.419350877192983,7.0,0.479933110367893,287,598,7.418556528436534
49,12.658712715855572,24.333333333333332,4.695205479452055,1715,10.253741496598643,10.343801308215594,59.0,11.331360544217688,54.10283359497646,13.6720041862899,0.0,0.0,0.0,0.0,16.0,0.2568493150684932,52,31.846153846153847,12,0,0,1,0,0,4,0,12,12.766815935922704,6.338653584510727,9.0,0.5205479452054794,152,292,6.6765444728753165
50,10.953983344899378,21.333333333333332,4.265625,1405,7.553076923076922,8.756363636363636,41.0,10.32972027972028,63.102552447552455,13.146853146853147,0.0,0.0,0.0,0.0,12.2,0.15234375,33,34.54545454545455,12,1,0,1,0,1,4,0,12,12.40481918309499,5.560958041958042,7.0,0.578125,148,256,6.586947017231978
51,13.133584715937651,24.428571428571427,5.099415204678363,2163,12.03735632183908,10.641151521298175,74.0,11.449851250845168,49.43321501014199,14.395131845841787,0.0,0.0,0.0,0.0,13.0,0.28362573099415206,43,27.176470588235293,15,0,0,1,0,0,12,0,14,13.310731037718625,6.2213299526707235,12.0,0.5526315789473685,189,342,7.074472659356492
52,14.431735294117644,59.666666666666664,5.078212290502793,2208,13.991150442477878,11.239682647926427,87.0,11.679684192260975,46.84249349297241,15.174110706229397,1.0,1.0,0.0,0.0,13.2,0.276536312849162,121,25.529411764705884,12,0,0,1,0,0,4,1,6,14.038888211671637,6.466635085892763,13.0,0.5363128491620112,192,358,7.034602205046837
53,4.971961538461535,13.733333333333333,4.15210355987055,3316,5.783739837398375,7.12436741713571,62.0,4.5255894308943105,83.68140478424019,6.161663539712321,0.0,0.0,0.0,0.0,4.888888888888889,0.14563106796116504,68,17.28846153846154,33,4,0,1,0,4,30,1,45,7.947957967961353,3.443506722951845,4.0,0.5048543689320388,312,618,7.5849092103120554
54,15.358511194029852,23.4,5.156695156695156,2206,14.244776119402982,11.41520895522388,99.0,14.097416044776121,31.283138992537317,15.897388059701493,0.0,0.0,0.0,0.0,8.428571428571429,0.301994301994302,53,28.125,24,0,0,1,2,1,6,0,15,14.731742533061166,6.948799440298506,14.0,0.5811965811965812,204,351,7.134973767498975
55,7.530731707317074,12.2,4.729508196721311,1439,9.347540983606564,8.512685573770494,34.0,7.25488524590164,64.77822950819672,7.502950819672131,0.0,1.0,0.0,0.0,6.5,0.20081967213114754,23,16.35,11,0,0,1,0,0,0,1,20,9.766711354998122,4.321495081967212,7.0,0.5368852459016393,131,244,6.548210366248145
56,10.844615384615388,16.0,5.077205882352941,1679,11.797794117647058,10.35135,62.0,9.347794117647059,56.541323529411784,12.723529411764707,0.0,0.0,0.0,0.0,7.25,0.27941176470588236,32,20.705882352941178,7,0,0,1,0,0,2,0,17,12.319762396917735,5.624411764705881,9.0,0.5735294117647058,156,272,6.831935404690553
57,12.626477572559367,18.95,5.105540897097625,2356,12.311345646437996,10.034177255936676,93.0,12.59838918205805,38.49045976253299,15.390026385224274,0.0,1.0,0.0,0.0,18.25,0.2928759894459103,41,26.15,16,0,0,1,0,0,2,0,20,14.836745963215662,6.075066094986807,11.0,0.5488126649076517,208,379,7.082267059355119
58,4.082722989261452,13.44,3.9107142857142856,1720,4.340059347181008,6.223474656555665,19.0,3.9840092317837126,88.7300945158809,5.823453126717222,0.0,0.0,0.0,0.0,6.428571428571429,0.1130952380952381,31,18.333333333333332,24,2,0,1,0,4,14,1,25,6.775458762138227,3.211351796900758,5.0,0.5059523809523809,170,336,6.895542358272701
59,9.839472455648924,16.357142857142858,4.786026200873362,2710,10.206126914660835,8.764970647077213,88.0,10.089142700844015,51.79872811816196,12.830540793998125,1.0,1.0,0.0,0.0,10.5,0.26419213973799127,46,23.285714285714285,24,1,0,1,0,2,6,0,28,12.785403640627713,5.417345498593312,9.0,0.4585152838427948,210,458,6.968591937862351
60,10.56478881987578,19.166666666666668,4.808695652173913,1392,10.7825327510917,9.68816363069245,53.0,8.927276980661262,60.19232532751093,10.73499688084841,0.0,0.0,0.0,0.0,10.166666666666666,0.2217391304347826,30,21.928571428571427,15,0,0,1,0,0,0,0,12,11.491704259439757,5.436186837180287,10.0,0.6217391304347826,143,230,6.728238300010515
61,9.266452429149801,16.42105263157895,4.631410256410256,1804,9.533548387096776,9.131827674023768,57.0,8.58735144312394,62.55576400679118,9.881154499151103,0.0,0.0,0.0,0.0,11.8,0.21474358974358973,31,22.263157894736842,8,0,0,1,0,1,4,0,19,10.542938554032801,5.247913412563667,8.0,0.5833333333333334,182,312,7.041712473582571
62,6.453530000000001,14.647058823529411,4.152610441767068,1316,6.313253012048197,7.2620144578313255,28.0,6.260097891566264,77.89930346385543,7.831425702811245,0.0,0.0,0.0,0.0,11.0,0.13253012048192772,33,23.0625,10,2,0,1,0,0,6,0,17,8.472884824447931,4.207609688755019,6.0,0.5301204819277109,132,249,6.4942473277961765
63,9.888814589665653,18.647058823529413,4.659305993690852,1887,9.371604938271602,9.938837037037038,70.0,9.639876543209876,58.009444444444455,11.520987654320988,0.0,0.0,0.0,0.0,11.2,0.2082018927444795,49,25.055555555555557,23,0,0,1,0,1,8,1,17,12.060818386365153,5.712802469135802,9.0,0.6056782334384858,192,317,7.039372282971001
64,11.490328638497651,23.25,4.369175627240144,1557,8.37879858657244,9.60460789163722,37.0,10.077464664310956,64.81664458186104,13.108244994110718,0.0,0.0,0.0,0.0,12.6,0.17562724014336917,41,32.833333333333336,19,0,0,1,0,0,0,0,12,12.457975602129121,5.501352473498233,12.0,0.4982078853046595,139,279,6.578555184813494
65,6.197762879322514,16.53846153846154,4.046511627906977,1113,5.826046511627908,7.247598389982111,25.0,6.666511627906978,76.72381037567085,9.033989266547406,0.0,1.0,0.0,0.0,7.0,0.12093023255813953,33,25.076923076923077,11,0,0,1,2,0,0,0,13,9.057496981413337,4.370923076923077,6.0,0.4883720930232558,105,215,6.263855552529297
66,6.562001849283405,21.785714285714285,4.288524590163934,1668,7.016393442622952,6.324159640905543,23.0,5.627072599531619,80.58775956284154,6.858704137392663,1.0,1.0,0.0,0.0,6.571428571428571,0.13114754098360656,53,20.333333333333332,14,0,0,1,0,1,16,0,14,7.793537801064561,3.6199718969555033,6.0,0.4786885245901639,146,305,6.666684990531468
67,13.797110016420362,22.0,4.94949494949495,1239,11.701492537313435,11.107367661691542,51.0,13.43243781094527,38.536815920398055,16.296517412935323,0.0,0.0,0.0,0.0,11.166666666666666,0.32323232323232326,37,31.444444444444443,21,0,0,1,0,0,2,0,9,15.322241378113624,6.683522388059702,11.0,0.6060606060606061,120,198,6.431460331176692
68,11.654472123368926,34.625,4.819494584837545,1697,10.806428571428572,10.370830952380953,60.0,9.853571428571431,57.66476190476192,11.466666666666669,0.0,0.0,0.0,0.0,11.8,0.22382671480144403,47,24.733333333333334,22,0,0,1,2,0,4,0,8,11.855464076750408,5.682428571428572,10.0,0.592057761732852,164,277,6.874703798018926
69,15.306153846153848,24.53846153846154,5.037617554858934,1999,12.066049382716052,10.769567331433999,65.0,13.177530864197532,44.97696581196584,14.907502374169042,0.0,0.0,0.0,0.0,15.5,0.30407523510971785,33,34.15384615384615,29,0,0,1,0,0,2,0,13,13.757784519515319,6.635869895536562,14.0,0.542319749216301,173,319,6.88763937923194
70,7.955238095238094,16.095238095238095,4.340236686390533,1849,7.919519519519522,9.212173444873445,55.0,8.063955383955385,65.49135135135137,9.345860145860147,1.0,0.0,0.0,0.0,6.0,0.1952662721893491,35,22.047619047619047,12,0,0,1,0,2,4,0,21,9.84237267433701,4.908490776490776,7.0,0.48520710059171596,164,338,6.655042916899481
71,8.458220211161386,14.4,4.787037037037037,1283,9.924423963133641,9.374830076804916,36.0,8.486101382488481,59.98819969278037,13.528602150537635,0.0,0.0,0.0,0.0,8.857142857142858,0.2824074074074074,25,19.933333333333334,7,1,0,1,0,0,0,0,15,12.913307274991674,5.217048847926266,8.0,0.5462962962962963,118,216,6.3407009039252955
72,9.653566552901022,22.384615384615383,4.463917525773196,1658,8.658219178082192,9.57070684931507,51.0,9.025445205479453,62.859880136986305,12.094520547945207,0.0,0.0,0.0,0.0,15.25,0.20618556701030927,56,25.875,20,0,0,1,2,1,6,0,13,11.698219412168324,5.444441780821917,8.0,0.5601374570446735,163,291,6.822010890605094
73,15.211003344481604,22.071428571428573,4.964401294498382,1894,12.882943143812707,11.800945484949834,71.0,13.467625418060205,39.471939799331125,15.755183946488296,0.0,0.0,0.0,0.0,17.75,0.29449838187702265,35,31.53846153846154,17,0,0,1,2,0,4,0,14,15.503899672038209,6.785678929765886,15.0,0.5372168284789643,166,309,6.76369385366993
74,9.635045787545785,18.0,4.608333333333333,2094,9.149999999999999,8.530491575091576,54.0,9.032087912087913,61.179578754578785,10.55970695970696,0.0,0.0,0.0,0.0,10.333333333333334,0.16944444444444445,60,23.61904761904762,26,0,0,1,0,4,6,0,20,10.712014347399686,4.842340659340659,8.0,0.5555555555555556,200,360,7.1293651755477905
75,18.009379562043797,27.1,5.317343173431734,1782,14.23037037037037,11.408662962962964,70.0,14.956296296296298,35.923333333333346,17.31851851851852,0.0,0.0,0.0,0.0,17.5,0.3173431734317343,40,34.7,14,0,0,1,14,0,4,0,10,15.903189008614273,7.257851851851852,17.0,0.6420664206642066,174,271,7.026166859683547
76,13.74790909090909,27.25,5.015290519877676,2030,11.859938837920492,9.111939021406728,62.0,12.00129663608563,47.84744954128442,13.979938837920493,0.0,1.0,0.0,0.0,15.25,0.2691131498470948,57,30.066666666666666,26,0,0,1,0,0,12,0,12,13.5591,6.148274006116209,13.0,0.5535168195718655,181,327,7.058050838987498
77,7.602375859434684,128.0,4.4453125,716,9.555932203389837,8.04916594761171,16.0,5.293636363636363,76.21630970724193,4.629892141756549,0.0,0.0,0.0,0.0,4.888888888888889,0.171875,128,14.454545454545455,11,0,0,1,0,0,0,0,1,6.574015621080383,3.6634098613251154,4.0,0.5390625,69,128,5.690718945008262
78,5.945364238410594,9.612903225806452,4.432885906040268,1669,6.947019867549667,8.157025615894039,31.0,5.649014569536423,76.07777350993379,7.745907284768212,0.0,0.0,0.0,0.0,5.222222222222222,0.15436241610738255,22,17.04,9,0,0,1,2,3,0,1,31,9.281916038205594,3.7098296688741716,5.0,0.4899328859060403,146,298,6.711257708040875
79,13.323043478260864,25.09090909090909,4.630434782608695,1579,9.970181818181818,7.919663636363636,32.0,11.538181818181819,56.86727272727275,12.472727272727273,1.0,0.0,0.0,0.0,12.6,0.21739130434782608,61,33.27272727272727,8,0,0,1,0,0,2,3,11,12.079253325248377,5.583636363636364,11.0,0.5869565217391305,162,276,6.864073473687902
80,8.056934001670843,57.2,4.1923076923076925,1513,8.49323308270677,8.28729732664996,42.0,6.586867167919802,74.15886382623228,9.069005847953218,0.0,0.0,0.0,1.0,6.857142857142857,0.13286713286713286,147,20.333333333333332,7,1,0,1,2,1,8,0,5,9.586721724236664,4.37755388471178,8.0,0.5699300699300699,163,286,6.854486615270758
81,5.5619823382101,10.37037037037037,4.485714285714286,1581,7.404285714285713,7.534441798941799,35.0,5.311587301587302,75.45193121693124,6.719576719576719,1.0,0.0,0.0,0.0,5.444444444444445,0.17857142857142858,17,14.222222222222221,13,0,0,1,0,0,0,0,27,8.28583001469385,3.74479365079365,6.0,0.575,161,280,6.843210139164027
82,8.55693998716303,18.27777777777778,4.355623100303951,1816,7.844036697247709,8.546288894253983,55.0,7.829750523096735,69.58099468855627,9.81999034282955,0.0,0.0,0.0,0.0,7.5,0.16717325227963525,42,24.68421052631579,25,1,0,1,2,0,2,0,18,9.93914555978268,4.896265250281667,7.0,0.601823708206687,198,329,7.154994226006258
83,10.859029695479478,17.705882352941178,4.8604651162790695,1840,10.622580645161293,9.634518975332067,56.0,10.287571157495254,53.784886148007615,11.681214421252372,1.0,0.0,0.0,0.0,12.8,0.26245847176079734,28,25.823529411764707,12,0,0,1,0,0,0,0,17,12.526319926815653,5.463079696394686,9.0,0.5016611295681063,151,301,6.294256241147657
84,9.200482993197276,15.580645161290322,4.6770186335403725,2826,9.304489795918371,9.183633333333333,76.0,8.624489795918368,62.32074829931976,11.349659863945579,0.0,1.0,0.0,0.0,7.7142857142857135,0.21325051759834368,46,22.766666666666666,21,0,0,1,0,1,0,0,31,11.917574213422942,4.984857142857143,8.0,0.5362318840579711,259,483,7.359446818145432
85,14.1478281068525,74.0,5.16554054054054,1873,13.594405594405597,10.986542331002331,73.0,13.011734265734269,35.73478088578091,16.1581351981352,0.0,0.0,0.0,0.0,12.666666666666666,0.3277027027027027,99,24.866666666666667,22,0,0,1,4,0,12,0,4,15.292465652647298,6.624602797202797,12.0,0.5540540540540541,164,296,6.88118200333613
86,7.946249999999999,14.5,4.541379310344827,1643,8.586805555555554,7.8048025,52.0,7.234333333333332,68.84400000000001,8.676666666666668,0.0,0.0,0.0,1.0,7.7142857142857135,0.21379310344827587,30,20.55,12,1,0,1,0,0,0,0,20,10.241411754978124,4.571483333333333,7.0,0.5448275862068965,158,290,6.739363962217702
87,10.090670443814922,23.533333333333335,4.079320113314448,1835,6.632954545454545,7.850787575757575,41.0,9.015977272727273,72.21917424242426,11.773030303030303,0.0,0.0,0.0,0.0,14.0,0.13314447592067988,41,34.8,15,0,0,1,2,0,6,2,15,10.355215969177355,5.418254545454545,9.0,0.43909348441926344,155,353,6.534442659706235
88,9.333263900278826,18.68,4.507494646680942,2637,8.459528907922913,9.46388053039038,78.0,8.21799785867238,68.1350877120738,10.782045791467633,1.0,0.0,0.0,0.0,11.4,0.1905781584582441,50,25.807692307692307,30,0,0,1,0,1,4,0,25,10.891193690592665,5.194703261406687,8.0,0.5310492505353319,248,467,7.196250966119801
89,11.871444843189266,27.285714285714285,4.513089005235602,2154,9.342175066312993,8.715365408019972,72.0,11.400468091745982,52.82561710095183,13.751224840068653,0.0,0.0,0.0,0.0,12.8,0.20418848167539266,59,32.05882352941177,23,0,0,1,2,1,6,0,14,13.310731037718625,5.836439382118895,12.0,0.5549738219895288,212,382,7.154474070165533
90,9.403918495297809,20.0,4.4796875,3581,8.614442700156982,8.802767880690737,91.0,8.66153218210361,65.379896389325,10.419717425431712,0.0,0.0,0.0,0.0,7.571428571428571,0.1828125,62,25.571428571428573,23,0,0,1,0,0,12,0,32,10.732481090015153,5.106298901098901,8.0,0.43125,276,640,7.34909945840756
91,5.955861378933964,37.714285714285715,4.03030303030303,1364,7.245188284518832,8.710527942514098,34.0,3.9161651810078233,85.49368382754231,6.164889939967256,0.0,0.0,0.0,0.0,4.090909090909091,0.10227272727272728,150,14.869565217391305,5,3,0,1,2,2,4,0,7,7.423996415210883,3.707521193378206,5.0,0.48484848484848486,128,264,6.446727774301358
92,3.2928855250709574,11.037037037037036,3.9630872483221475,1545,4.365771812080535,6.336835378715245,24.0,3.9244726749760304,85.88216442953022,5.4651965484180245,1.0,0.0,0.0,0.0,4.181818181818182,0.10067114093959731,20,15.821428571428571,20,1,0,1,0,4,10,0,27,7.447530270364452,3.1476965484180246,3.0,0.5167785234899329,154,298,6.711184341273332
93,9.975261904761908,20.88235294117647,4.808450704225352,2117,10.387535410764876,9.301187225145016,80.0,9.65183326588426,55.803361661945246,12.162903008228788,0.0,0.0,0.0,0.0,6.125,0.23380281690140844,53,23.0,23,0,0,1,0,1,4,1,17,12.374306866263186,5.401777418049372,9.0,0.6281690140845071,223,355,7.333375785736542
94,8.70170901639344,19.733333333333334,4.233108108108108,1638,7.197377049180329,9.810819672131148,50.0,8.132243852459016,70.710824795082,10.379098360655739,0.0,0.0,0.0,0.0,11.8,0.16891891891891891,42,27.25,14,0,0,1,0,2,6,0,15,10.550175099000144,5.105828893442622,9.0,0.5945945945945946,176,296,6.923459180809184
95,7.077468063597095,16.875,4.203703703703703,4411,6.716811955168119,7.520272113832387,114.0,6.7118105714681064,73.42799997693835,8.339181772058485,0.0,0.0,0.0,0.0,13.25,0.17160493827160495,36,21.814814814814813,84,0,0,1,4,6,39,0,48,9.348350401419415,4.3065814999308145,6.0,0.4679012345679012,379,810,7.615135092472334
96,7.3769986431479,15.227272727272727,4.358208955223881,1843,7.429940119760481,7.178769678824169,39.0,6.511747414262388,75.41707131192163,8.587697332607512,0.0,0.0,0.0,0.0,7.571428571428571,0.14328358208955225,29,21.727272727272727,14,0,0,1,2,2,2,0,22,9.457814108942454,4.009576483396842,6.0,0.5582089552238806,187,335,7.053714256074731
97,6.482643678160919,14.5,4.287356321839081,1405,6.958620689655174,7.985585057471265,35.0,6.295651340996173,75.7519827586207,9.0183908045977,0.0,1.0,0.0,0.0,8.0,0.18773946360153257,24,20.72222222222222,8,1,0,1,0,0,0,0,18,10.25414643259724,4.267408045977011,6.0,0.5670498084291188,148,261,6.722086093375684
98,10.178491555037859,18.875,4.642384105960265,1764,9.574834437086093,8.334417491234905,42.0,7.983268406700432,69.46739968835217,9.489988313206078,0.0,0.0,0.0,0.0,12.2,0.19536423841059603,28,24.647058823529413,24,0,0,1,2,0,6,0,16,9.627879704456738,4.824618231398519,9.0,0.5894039735099338,178,302,6.999092560615329
99,16.257094533373603,23.076923076923077,5.0633333333333335,1837,12.482000000000003,11.41049393939394,61.0,14.31969696969697,40.97318181818184,17.975757575757576,1.0,0.0,0.0,0.0,14.6,0.31333333333333335,39,37.09090909090909,2,0,0,1,0,0,0,0,13,16.24694786949722,7.350454545454545,15.0,0.4633333333333333,139,300,6.508162463727414
100,8.394421768707488,15.416666666666666,4.9135135135135135,1167,10.1340206185567,8.91732323024055,25.0,8.431319587628867,57.64993470790381,8.059931271477664,0.0,0.0,0.0,0.0,6.875,0.2918918918918919,29,18.0,11,0,0,1,0,0,0,0,12,11.473099999999999,4.43579587628866,7.0,0.4864864864864865,90,185,5.7254947159963585
101,8.097186147186143,14.9,4.617449664429531,1712,8.900336700336702,8.219029485329486,45.0,7.208542568542569,68.57090909090911,9.293506493506493,0.0,1.0,0.0,0.0,7.428571428571429,0.21140939597315436,33,19.571428571428573,14,0,0,1,0,3,0,0,20,10.070005560515861,4.4546916786916775,7.0,0.5771812080536913,172,298,6.927318398780573
102,3.940730897009967,11.92,4.10738255033557,1579,5.236666666666668,6.957495238095238,28.0,4.400571428571428,82.596,5.352380952380952,1.0,0.0,0.0,0.0,4.5,0.15771812080536912,35,15.642857142857142,10,1,0,1,0,1,8,0,25,7.83500028581142,3.4103809523809523,3.0,0.5503355704697986,164,298,6.817039680083197
103,9.501703910614523,14.791666666666666,4.591549295774648,2062,9.054341736694678,8.90266918767507,77.0,9.351484593837537,58.29596638655465,11.057703081232493,0.0,1.0,0.0,0.0,7.25,0.21971830985915494,38,23.333333333333332,32,1,0,1,2,0,2,0,24,11.39826440760492,5.235439775910363,8.0,0.6281690140845071,223,355,7.333427710237309
104,9.195,13.625,4.798165137614679,1936,10.880254777070068,9.99215115923567,83.0,8.474005095541404,56.67895668789811,10.88387261146497,1.0,1.0,0.0,0.0,6.777777777777778,0.2782874617737003,25,17.36,6,0,0,1,0,0,2,0,24,11.446984129993638,5.18448229299363,9.0,0.599388379204893,196,327,7.117895873290082
105,21.75733018867924,33.0,5.287878787878788,1762,14.932830188679247,12.370103773584907,68.0,18.613278301886798,20.61387971698116,21.25,0.0,0.0,0.0,0.0,13.8,0.3068181818181818,58,43.375,22,1,0,1,0,0,2,0,8,19.032712561301913,8.333021226415093,17.0,0.571969696969697,151,264,6.6746638953991075
106,9.756611683848803,71.0,4.55533199195171,2863,9.814432989690722,9.842779037800687,89.0,9.157061855670104,58.205627147766336,10.590378006872854,0.0,0.0,0.0,0.0,10.666666666666666,0.19114688128772636,117,22.266666666666666,31,0,0,1,10,1,0,0,7,11.140535015026959,5.334994845360825,9.0,0.4788732394366197,238,497,7.221906284302448
107,9.205625000000001,17.466666666666665,4.438931297709924,1487,9.295686274509809,10.06186274509804,48.0,8.302487745098041,63.92431985294121,10.924019607843139,0.0,0.0,0.0,0.0,10.833333333333334,0.18702290076335878,26,22.3125,11,0,0,1,2,0,2,0,15,11.080906280650957,5.042265931372549,10.0,0.5572519083969466,146,262,6.454292950182258
108,5.273055555555555,14.727272727272727,4.089506172839506,1697,5.703405572755422,7.530472961816306,36.0,5.185065789473686,81.85900219298246,7.736274509803923,0.0,0.0,0.0,0.0,6.0,0.13580246913580246,40,19.458333333333332,18,0,0,1,0,2,4,1,22,8.72156446121922,3.961392801857585,5.0,0.5030864197530864,163,324,6.8138420720025294
109,17.621979522184304,29.0,4.9862068965517246,1810,12.209556313993176,10.209404573378839,58.0,14.886146757679182,40.52280375426622,16.361638225255973,0.0,0.0,0.0,0.0,16.5,0.2517241379310345,52,38.6,13,0,0,1,6,0,8,0,10,15.112257680678326,7.230368259385665,15.0,0.5206896551724138,151,290,6.763344848004932
110,8.017017700697298,22.0,4.045454545454546,1709,6.2759878419452875,7.476041140711604,44.0,8.061598426604686,71.7346218487395,9.929626318612552,0.0,0.0,0.0,0.0,11.2,0.12727272727272726,39,28.352941176470587,13,0,0,1,2,3,4,0,15,10.194018383442646,4.744056499195422,7.0,0.5696969696969697,188,330,7.056627458046183
111,15.602980460054418,24.076923076923077,5.07667731629393,1968,13.099999999999998,11.135269230769232,74.0,13.08483870967742,43.72341191067002,15.21588089330025,0.0,0.0,0.0,0.0,12.4,0.30990415335463256,35,32.69230769230769,17,0,0,1,4,0,2,0,13,14.220115178616776,6.9477593052109174,12.0,0.5047923322683706,158,313,6.781271171447508
112,10.472623716153127,48.0,4.8359375,2273,12.163585434173676,10.35179000933707,106.0,9.82829131652661,48.14889822595708,11.339309056956116,0.0,0.0,0.0,0.0,5.454545454545454,0.2578125,123,18.74074074074074,13,2,0,1,0,3,6,0,8,11.502022097120243,5.425462184873949,9.0,0.578125,222,384,7.119802247904592
113,5.941538461538464,16.714285714285715,4.038461538461538,1207,5.718454935622322,6.711073505007153,14.0,5.357270386266094,84.32016881258943,6.7283547925608005,0.0,0.0,0.0,0.0,6.857142857142857,0.0811965811965812,51,22.133333333333333,8,2,0,1,0,0,4,0,14,7.554174236665414,3.619757939914163,5.0,0.5598290598290598,131,234,6.592736609032568
114,4.59534332084894,14.541666666666666,4.088825214899713,1835,5.586781609195402,6.771334865900384,30.0,4.322298850574715,87.03036398467434,6.304980842911878,0.0,0.0,0.0,1.0,5.875,0.12607449856733524,30,18.77777777777778,13,0,0,1,0,0,6,0,24,7.242747475848599,3.4718505747126436,5.0,0.5558739255014327,194,349,7.065563028339061
115,10.04457823011903,20.0,4.488235294117647,1899,8.897041420118345,8.733670623042116,60.0,9.549916463626872,62.00707448659938,10.911521058127393,0.0,0.0,0.0,0.0,8.666666666666666,0.18235294117647058,32,28.0,9,0,0,1,2,0,0,0,17,10.194018383442646,5.423476853463278,8.0,0.5441176470588235,185,340,6.989728196387648
116,8.673419023136248,17.652173913043477,4.352216748768473,2235,8.8,8.933222728682171,70.0,7.796554005167959,66.7367534883721,8.982697674418606,1.0,0.0,0.0,0.0,8.5,0.16748768472906403,31,21.92,20,1,0,1,7,0,10,0,23,9.888512548439397,4.710568888888888,8.0,0.5591133004926109,227,406,7.33284751689944
117,11.964545454545451,16.074074074074073,5.071428571428571,2690,12.162149532710284,9.90885293457944,88.0,11.075117757009348,46.15212523364488,13.109682242990656,1.0,0.0,0.0,0.0,13.333333333333334,0.28110599078341014,34,23.68,16,0,0,1,0,2,2,4,27,13.023866798666859,5.885162990654205,12.0,0.5230414746543779,227,434,7.224503134051424
118,12.747582159624415,18.533333333333335,5.136690647482014,1773,12.371830985915494,11.136227136150236,68.0,11.65456338028169,45.22752582159626,14.897276995305162,1.0,1.0,0.0,0.0,12.8,0.302158273381295,28,25.466666666666665,15,0,0,1,0,0,2,0,15,13.867442237049442,6.415642253521126,11.0,0.5143884892086331,143,278,6.635954754148111
119,7.582666666666665,12.56,4.6847133757961785,1833,9.027936507936513,8.321745714285715,43.0,6.1436825396825405,73.4574285714286,7.8336507936507935,0.0,0.0,0.0,0.0,5.444444444444445,0.21337579617834396,19,17.2,10,0,0,1,0,0,0,0,25,8.726425361277474,4.22639365079365,7.0,0.5254777070063694,165,314,6.846823342951804
120,6.811034897713601,17.25,4.213768115942029,1486,6.646376811594202,6.914279710144927,26.0,6.337101449275362,76.9390579710145,8.45217391304348,0.0,0.0,0.0,0.0,7.2857142857142865,0.14492753623188406,51,22.11111111111111,18,2,0,1,0,0,10,0,16,9.2995712137729,3.873463768115942,6.0,0.5615942028985508,155,276,6.909679801597772
121,8.317263157894736,9.047619047619047,4.910526315789474,1152,10.403191489361703,9.59461914893617,49.0,8.136117021276597,57.65875,9.593617021276597,0.0,0.0,0.0,0.0,4.545454545454546,0.2578947368421053,25,15.9375,4,0,0,1,0,0,2,0,21,10.125756701596842,4.965962765957446,9.0,0.7263157894736842,138,190,6.801022976569814
122,13.927340659340658,21.46153846153846,5.07168458781362,1743,12.465232974910396,9.964325641025642,60.0,12.066021505376344,46.78057071960299,13.745905707196028,0.0,1.0,0.0,0.0,12.4,0.26881720430107525,53,28.923076923076923,14,0,0,1,0,1,4,0,13,13.397384779245865,6.146080507306314,12.0,0.6057347670250897,169,279,6.993792653095579
123,13.228282571912011,21.11111111111111,4.95,2386,11.462051282051284,11.310576923076923,90.0,12.133333333333336,46.663333333333355,15.53846153846154,0.0,0.0,0.0,0.0,11.833333333333334,0.2631578947368421,33,29.88888888888889,27,0,0,1,0,0,0,0,18,14.554592549557764,6.429897435897436,11.0,0.5473684210526316,208,380,7.165823083349787
124,10.786890149561629,20.428571428571427,4.468531468531468,1591,9.45,8.676248861283645,55.0,9.884078674948242,59.31195652173915,11.94368530020704,0.0,1.0,0.0,0.0,8.0,0.19230769230769232,46,27.857142857142858,12,0,0,1,4,1,0,1,14,11.765960540728905,5.4882795031055895,8.0,0.583916083916084,167,286,6.898234633671526
125,5.728791810841983,12.083333333333334,4.320689655172414,1585,6.888581314878891,7.074873933102653,24.0,5.765073529411765,75.17741421568627,8.000057670126875,1.0,1.0,0.0,0.0,5.444444444444445,0.1310344827586207,20,17.125,17,0,0,1,0,0,0,0,24,9.188382445141503,3.667670847750865,5.0,0.4724137931034483,137,290,6.543218793795768
126,9.456029411764707,15.411764705882353,4.717557251908397,1571,9.636567164179105,9.593158208955224,56.0,8.37832089552239,64.82777985074628,10.43134328358209,0.0,0.0,0.0,0.0,10.5,0.22519083969465647,45,22.8125,8,0,0,1,2,0,8,0,17,10.550175099000144,5.254481343283581,9.0,0.6068702290076335,159,262,6.865861310264524
127,9.631016511867905,16.55,4.347432024169184,1866,7.709356725146197,8.835768042655658,46.0,9.09330925352597,65.69979876160994,11.67278981768146,0.0,0.0,0.0,0.0,15.0,0.16314199395770393,34,28.764705882352942,24,1,0,1,2,0,2,0,20,11.326091736570909,5.310091159270726,8.0,0.4773413897280967,158,331,6.643232634829476
128,2.1450899923784945,14.838709677419354,3.493478260869565,2163,2.122538293216632,5.8384924537228695,13.0,2.6795434384055845,97.8506759713762,5.20312259743332,0.0,0.0,0.0,0.0,5.625,0.04565217391304348,38,19.513513513513512,24,1,0,1,0,0,12,0,31,5.78547306074238,2.8439978709562954,5.0,0.391304347826087,180,460,6.731283700929891
129,6.525431372549022,19.214285714285715,4.130111524163569,1418,6.046840148698887,7.121495757708288,30.0,6.197533347911655,78.812779357096,8.113798381806253,0.0,0.0,0.0,0.0,6.375,0.137546468401487,41,22.705882352941178,11,0,0,1,0,0,8,0,14,9.007467420416297,4.189076754865514,6.0,0.5576208178438662,150,269,6.776188625723453
130,16.4964335525005,58.0,4.992337164750958,3171,14.593305439330546,10.414214325562863,132.0,13.850741183502691,36.30112273361229,15.631958557481571,0.0,1.0,0.0,0.0,13.0,0.29310344827586204,130,30.666666666666668,25,0,0,1,6,0,16,4,9,15.343465313023842,6.711190077704721,14.0,0.5498084291187739,287,522,7.5792318370078045
131,10.71364864864865,20.05,5.034912718204489,2521,11.76336633663366,10.07111801980198,96.0,12.470673267326735,41.632495049504996,14.02059405940594,1.0,0.0,0.0,0.0,11.333333333333334,0.2892768079800499,46,27.75,13,0,0,1,0,0,4,2,20,13.892738720246978,6.32680396039604,10.0,0.5486284289276808,220,401,7.155147040331562
132,11.26811059907834,18.0,4.7592592592592595,1631,10.22753623188406,9.992082194616977,57.0,11.252194616977228,49.503260869565224,13.248033126293997,0.0,0.0,0.0,0.0,13.6,0.24074074074074073,39,26.857142857142858,14,0,0,1,4,0,6,0,15,13.25671669890799,5.924511387163561,10.0,0.5666666666666667,153,270,6.66863038854378
133,10.27342664092664,17.066666666666666,4.8671875,1558,10.734883720930231,9.883237984496125,55.0,9.542160852713181,55.370450581395374,13.116666666666669,0.0,0.0,0.0,0.0,13.4,0.26171875,29,22.5,11,0,0,1,0,0,0,0,15,12.709666756460706,5.479291666666667,9.0,0.54296875,139,256,6.511149268217657
134,12.098165137614679,23.571428571428573,4.596969696969697,1897,9.713761467889913,9.449951253822631,61.0,10.774385321100919,56.64377981651376,13.245993883792051,1.0,1.0,0.0,0.0,12.0,0.19090909090909092,38,31.0,23,0,0,1,0,0,2,0,14,12.10132525352546,6.17457370030581,11.0,0.5151515151515151,170,330,6.755283145717591
135,6.014313067784766,31.77777777777778,4.311188811188811,1532,8.148679245283017,9.247616701607267,52.0,5.3366457023060825,74.28277428371769,8.152341020265549,0.0,0.0,0.0,0.0,4.8,0.1853146853146853,84,13.851851851851851,6,0,0,1,0,1,0,0,9,9.53975657930432,4.202511530398322,8.0,0.534965034965035,153,286,6.75064402282719
136,15.007375820056232,29.4,4.717687074829932,1724,10.78556701030928,9.83215060918463,53.0,12.123149015932523,55.2640487347704,14.568072477350828,1.0,0.0,0.0,0.0,15.25,0.2585034013605442,46,35.54545454545455,22,0,0,1,0,0,6,0,10,12.563389971838223,6.460499843798813,14.0,0.564625850340136,166,294,6.9183621355178015
137,14.981087040618952,21.09090909090909,5.392241379310345,1520,14.039316239316243,11.506969153069154,80.0,13.98670551670552,32.67395104895107,17.397979797979797,0.0,0.0,0.0,0.0,14.0,0.33620689655172414,30,28.272727272727273,13,0,0,1,0,0,0,0,11,16.018793980428352,7.182898989898989,13.0,0.6163793103448276,143,232,6.646212619350246
138,5.7258627909841096,15.08695652173913,4.121037463976945,1817,6.001714285714286,7.368825465838509,38.0,6.123068322981368,78.26706211180127,8.601242236024845,1.0,0.0,0.0,0.0,11.4,0.138328530259366,36,22.347826086956523,8,0,0,1,0,0,0,0,23,8.964715089967882,4.065795031055901,5.0,0.4610951008645533,160,347,6.7356617655275395
139,9.067702776265648,14.347826086956522,4.7272727272727275,1959,9.729129129129127,9.935101474201474,72.0,8.314383019383019,62.41213144963146,9.778269178269179,1.0,0.0,0.0,0.0,5.555555555555555,0.22121212121212122,40,20.90909090909091,18,0,0,1,0,1,0,0,23,10.537671172512404,5.22007411957412,9.0,0.5878787878787879,194,330,7.0504571378900245
140,15.063450189155105,23.615384615384617,5.068403908794788,1915,12.982119205298016,10.958348802852775,83.0,13.319006622516557,40.94848446255733,15.252572592969944,0.0,1.0,0.0,0.0,15.75,0.26384364820846906,43,31.615384615384617,13,0,0,1,2,0,0,1,13,14.220115178616776,7.019174223127866,14.0,0.5928338762214984,182,307,7.068366008649584
141,16.88392241379311,32.57142857142857,4.9868421052631575,1404,11.704310344827586,12.289296551724139,51.0,14.79327586206897,40.65431034482759,17.80689655172414,0.0,0.0,0.0,0.0,17.5,0.2675438596491228,43,39.125,11,0,0,1,0,0,4,0,7,15.247664890283005,7.745241379310345,14.0,0.5657894736842105,129,228,6.528857802409404
142,8.61137106088104,17.444444444444443,4.528662420382165,1793,8.656687898089174,8.629995072075094,48.0,7.50303385853168,70.70473851827022,8.648742876299028,1.0,0.0,0.0,0.0,8.333333333333334,0.16878980891719744,33,22.05263157894737,12,0,0,1,2,0,12,0,18,8.99025400887824,4.702968488099229,8.0,0.5477707006369427,172,314,6.970449966703496
143,6.7221044176706855,17.291666666666668,4.339759036144578,2288,7.342372881355935,7.874944100080711,59.0,6.293285714285716,74.46280185633579,8.605940274414852,1.0,0.0,0.0,0.0,5.777777777777778,0.19759036144578312,36,19.766666666666666,24,7,0,1,0,0,0,0,24,9.642632912329528,4.196080629539951,6.0,0.5445783132530121,226,415,7.29884353578008
144,8.092045303131243,12.473684210526315,4.818565400843882,1409,9.907627118644069,8.936058786797503,48.0,6.504210526315791,70.55390276538806,8.019268510258698,0.0,0.0,0.0,0.0,5.555555555555555,0.24050632911392406,28,16.31578947368421,0,1,0,1,0,0,0,0,19,9.134995656068206,4.813249776984835,8.0,0.569620253164557,135,237,6.64670230526175
145,12.992676691729322,22.615384615384617,4.782312925170068,1751,11.583157894736843,9.52172305764411,51.0,10.359812030075194,57.04618421052632,11.93233082706767,1.0,0.0,0.0,0.0,12.8,0.23129251700680273,46,27.714285714285715,15,0,0,1,4,1,3,0,13,11.491704259439757,5.972515037593984,11.0,0.5170068027210885,152,294,6.604944026930024
146,14.015272727272723,39.42857142857143,4.721014492753623,1619,10.753846153846155,10.015137495837497,67.0,12.631948051948054,48.70168831168834,14.90895770895771,0.0,0.0,0.0,0.0,16.25,0.213768115942029,83,33.72727272727273,21,0,0,1,0,0,2,3,7,13.606401829973382,6.701000999000998,13.0,0.6376811594202898,176,276,6.9941412189887116
147,6.997051149127355,18.114285714285714,4.058359621451104,3315,5.963893249607533,7.0177394208965636,44.0,6.371115907901622,80.9005706000349,8.396459096459095,1.0,0.0,0.0,0.0,14.0,0.13564668769716087,42,26.166666666666668,31,0,0,1,0,4,15,2,35,8.167268648758528,4.130462977498691,5.0,0.4589905362776025,291,634,7.415469898785557
148,8.156979166666666,14.7,4.360544217687075,1662,8.521830985915496,8.621911549295774,39.0,7.274056338028171,68.20298591549297,9.48281690140845,0.0,0.0,0.0,0.0,5.555555555555555,0.17346938775510204,34,20.2,19,1,0,1,12,0,2,0,20,10.355215969177355,4.446129577464788,8.0,0.5204081632653061,153,294,6.747387788860163
149,7.5188725295131995,17.0,4.23249299719888,1913,6.944846796657384,8.310969770526595,42.0,7.182992439315559,74.01258124419687,9.846451784056242,0.0,0.0,0.0,0.0,7.571428571428571,0.16806722689075632,62,24.761904761904763,16,0,0,1,0,0,0,1,21,9.957137785484202,4.7346653402308,6.0,0.45938375350140054,164,357,6.634153799327496
150,9.623005291005292,19.238095238095237,4.435643564356436,2245,8.242469135802473,8.842725749559083,45.0,8.801058201058204,66.31333333333336,9.98589065255732,1.0,0.0,0.0,0.0,7.7142857142857135,0.20297029702970298,60,27.333333333333332,17,0,0,1,4,0,2,0,21,9.957137785484202,5.320754850088182,8.0,0.4282178217821782,173,404,6.784720331648084
151,9.741451689671585,19.1,4.62303664921466,1102,9.27853403141361,8.300563588767254,32.0,9.036268443598285,61.20357924797716,9.249119466920515,0.0,0.0,0.0,0.0,8.333333333333334,0.25654450261780104,33,24.0,8,1,0,1,2,0,8,0,10,10.436869588844216,4.998267491670633,8.0,0.6178010471204188,118,191,6.503829740410695
152,8.30964527305725,16.63157894736842,4.4715189873417724,1769,8.373417721518987,8.259021252498336,47.0,7.476062624916725,71.08559293804133,9.05769487008661,0.0,0.0,0.0,0.0,8.5,0.17088607594936708,31,22.94736842105263,17,0,0,1,0,0,0,0,19,9.276330184999454,4.762533644237175,7.0,0.5253164556962026,166,316,6.829254437931868
153,10.871925925925922,14.434782608695652,5.240963855421687,2111,13.113125000000004,9.701508101851852,67.0,8.428472222222222,55.74412037037038,9.86574074074074,0.0,0.0,0.0,0.0,16.25,0.29819277108433734,37,15.481481481481481,7,15,0,1,0,2,2,0,23,10.903163001774267,4.794486111111111,9.0,0.5240963855421686,174,332,6.922784090292646
154,12.703911882510013,24.384615384615383,4.662460567823344,1865,9.795015576323987,9.692760258121941,66.0,11.474884290164663,53.63165887850468,14.280462839341343,0.0,0.0,0.0,0.0,13.0,0.2082018927444795,61,31.857142857142858,21,0,0,1,2,0,12,2,13,13.371156678226303,6.134856920338228,12.0,0.5425867507886435,172,317,6.891314063090967
155,12.171077888519754,47.285714285714285,4.7009063444108765,1913,12.566777408637872,9.711769398301957,64.0,8.886483942414177,61.135034145441125,11.340051679586564,0.0,0.0,0.0,0.0,8.0,0.19637462235649547,68,22.444444444444443,21,0,0,1,2,0,4,0,7,11.20814326018867,5.253976190476189,7.0,0.49244712990936557,163,331,6.81842154665724
156,11.934128352490426,19.666666666666668,4.72316384180791,2102,10.704624277456649,9.564228580603725,71.0,9.64077071290944,60.17993577392424,11.388310854206807,1.0,0.0,0.0,0.0,11.6,0.21468926553672316,37,25.166666666666668,24,0,0,1,0,3,8,2,18,11.429527900616531,5.811183044315992,10.0,0.5480225988700564,194,354,7.142934665011127
157,9.032453867294858,16.9375,4.660516605166052,1640,9.124381625441696,9.437876992540243,55.0,8.596083627797412,61.43595504515119,11.518570867687476,0.0,0.0,0.0,0.0,7.7142857142857135,0.23616236162361623,57,22.055555555555557,17,0,0,1,0,0,4,3,16,11.958738252310603,4.970320965842166,8.0,0.6088560885608856,165,271,6.811140617015031
158,7.118223668914204,18.523809523809526,4.074550128534704,2026,6.053984575835475,7.476680135545688,46.0,7.443698293993922,73.1882116148633,9.026454779154008,0.0,1.0,0.0,1.0,5.222222222222222,0.13624678663239073,59,25.727272727272727,17,0,0,1,0,1,4,0,21,9.68802393474861,4.503858728674924,6.0,0.519280205655527,202,389,7.132397782704431
159,9.108495720269534,14.894736842105264,4.8021201413427566,1700,9.793706293706297,10.069718917924181,63.0,8.970736105999265,57.55727824806772,11.755318365844682,0.0,0.0,0.0,0.0,10.833333333333334,0.24381625441696114,22,21.31578947368421,22,0,0,1,0,0,4,0,19,12.114078956130353,5.066316157526684,9.0,0.6254416961130742,177,283,6.999780008526041
160,4.989352040816325,16.466666666666665,3.8502024291497974,1220,4.7330612244897985,6.651714285714286,21.0,5.408813775510204,83.55730229591838,7.594387755102041,0.0,0.0,0.0,0.0,10.6,0.11740890688259109,36,23.375,8,0,0,1,0,0,0,0,15,7.865858978985526,3.8756135204081628,4.0,0.5101214574898786,126,247,6.338940679120928
161,8.015146520146523,12.833333333333334,4.568181818181818,1771,8.51575562700965,9.29590768641862,56.0,8.322048690858981,61.77503751339765,10.682651967539428,0.0,0.0,0.0,0.0,10.166666666666666,0.2012987012987013,31,21.714285714285715,17,0,0,1,0,0,0,0,24,11.30375656770974,5.028750574184658,8.0,0.5616883116883117,173,308,6.8698118885318475
162,6.7804203590093195,10.516129032258064,4.542944785276074,1861,8.242461538461537,9.57784472934473,60.0,6.895213675213679,67.06663817663821,8.999430199430199,0.0,1.0,0.0,0.0,5.6,0.2331288343558282,20,17.74074074074074,13,0,0,1,0,0,2,0,31,9.906371001090498,4.388529914529914,8.0,0.5122699386503068,167,326,6.708479651540692
163,13.013969974979148,19.727272727272727,5.142857142857143,1361,12.84392523364486,10.504249192863213,54.0,12.785123194562448,38.05031860662703,14.510790144435004,0.0,0.0,0.0,0.0,7.375,0.2534562211981567,46,25.363636363636363,14,1,0,1,0,1,0,0,11,13.88584557914918,6.31480118946474,12.0,0.5069124423963134,110,217,6.179680281153995
164,10.591026315789478,19.05,4.6430446194225725,2198,9.633245382585756,9.284256411609498,72.0,10.01422031662269,57.017636543535644,11.90717678100264,0.0,0.0,0.0,0.0,8.285714285714286,0.2125984251968504,35,26.55,21,0,0,1,0,0,0,0,20,12.340626583579944,5.280870844327177,9.0,0.5459317585301837,208,381,7.074283521794021
165,11.586199999999998,22.76923076923077,4.793918918918919,1765,10.385999999999996,10.4708,70.0,10.10666666666667,58.22500000000005,12.266666666666666,0.0,0.0,0.0,0.0,10.666666666666666,0.22972972972972974,42,27.066666666666666,13,0,0,1,0,0,2,0,13,12.221763196225844,5.923666666666666,9.0,0.6047297297297297,179,296,7.0675590906704135
166,4.180526951897512,9.95,4.175879396984925,1071,5.334010152284268,7.468191177181533,20.0,4.061464829586658,82.6524196277496,6.595020546289582,0.0,0.0,0.0,0.0,4.090909090909091,0.18090452261306533,19,13.619047619047619,9,1,0,1,0,0,12,0,20,8.269060116576782,3.25308484408992,3.0,0.6331658291457286,126,199,6.619200825213989
167,9.108032454361052,17.066666666666666,4.75390625,1535,9.98828125,10.181308272058825,61.0,8.628253676470589,60.02373161764709,11.336029411764706,0.0,0.0,0.0,0.0,8.428571428571429,0.22265625,31,20.11764705882353,17,0,0,1,1,1,4,0,15,11.78182255692154,5.347450367647058,8.0,0.6328125,162,256,6.965133934482756
168,12.559047619047618,45.5,5.102564102564102,1695,14.423015873015874,11.223360317460319,76.0,10.520000000000003,44.57500000000002,12.107936507936508,1.0,0.0,0.0,0.0,8.571428571428571,0.3076923076923077,65,18.61111111111111,15,0,0,1,0,0,6,0,6,11.958738252310603,5.918555555555555,10.0,0.6007326007326007,164,273,6.939918596517684
169,9.483162055335967,18.157894736842106,4.681159420289855,2039,9.650877192982456,10.086414194577353,74.0,8.552259436469964,61.435311004784694,9.96087187666135,0.0,0.0,0.0,0.0,5.333333333333333,0.22318840579710145,54,21.272727272727273,26,0,0,1,0,5,20,0,19,10.92785942931718,5.444944178628388,9.0,0.5507246376811594,190,345,7.068829750693405
170,8.121086956521737,14.409090909090908,4.618296529968454,1828,9.129299363057324,9.342310246469122,50.0,7.058551647743009,68.77231099418445,8.136028800886182,0.0,0.0,0.0,0.0,7.571428571428571,0.19242902208201892,25,18.47826086956522,17,0,0,1,0,0,0,0,22,9.761364909221204,4.626376903904735,7.0,0.5899053627760252,187,317,7.053293637846091
171,7.483967220475979,15.352941176470589,4.417624521072797,1444,7.9630769230769225,7.917472850678733,30.0,6.667782805429866,74.49839366515837,9.34841628959276,1.0,0.0,0.0,0.0,6.25,0.1532567049808429,29,20.823529411764707,12,0,0,1,0,3,0,0,17,10.194018383442646,4.35162443438914,6.0,0.5632183908045977,147,261,6.772916248018083
172,10.879268381021369,25.90909090909091,4.757894736842105,1669,12.961600000000004,9.000296363636362,57.0,7.816218181818183,59.2641090909091,10.785454545454545,1.0,0.0,0.0,0.0,6.888888888888889,0.17894736842105263,56,15.045454545454545,18,0,0,1,0,2,0,1,11,11.115808304768276,4.608472727272726,10.0,0.6035087719298246,172,285,7.065199269782809
173,10.259018740239458,19.454545454545453,5.200934579439252,1428,11.608,12.29323725490196,59.0,8.556653594771241,57.289176470588245,10.627450980392158,0.0,0.0,0.0,0.0,11.5,0.35046728971962615,28,17.41176470588235,16,0,0,1,6,0,0,0,11,11.08844711333714,5.839398692810457,10.0,0.5887850467289719,126,214,6.561441954808877
174,9.727808564231736,16.833333333333332,4.71039603960396,2353,9.991939546599497,9.395810468513854,86.0,9.655592947103276,54.120830226700264,11.692050377833754,1.0,0.0,0.0,0.0,8.571428571428571,0.24752475247524752,58,22.4,18,0,0,1,0,5,4,1,24,12.269494039646212,5.35263919395466,9.0,0.5198019801980198,210,404,7.074205578081
175,4.4875980392156904,13.217391304347826,4.042763157894737,1576,5.184918032786886,6.803587431693989,26.0,4.493463114754103,85.4816154371585,6.00136612021858,1.0,0.0,0.0,0.0,6.0,0.10855263157894737,25,18.791666666666668,10,0,0,1,0,0,2,1,23,7.3335674157376936,3.5049733606557374,5.0,0.5328947368421053,162,304,6.782859105978731
176,7.422077562326869,14.52,4.366391184573002,2018,7.792243767313021,8.551726770083102,46.0,7.496447645429363,67.03601772853187,9.986526315789474,1.0,0.0,0.0,0.0,10.833333333333334,0.18732782369146006,39,20.64,25,1,0,1,2,3,0,0,25,11.044913438933486,4.49498459833795,7.0,0.4903581267217631,178,363,6.923641647023647
177,6.88788891046805,15.0,4.32962962962963,1489,7.1225092250922515,8.1894876869295,34.0,6.4316721693532735,74.35494270732184,8.50969120217518,0.0,0.0,0.0,0.0,7.125,0.1259259259259259,26,19.789473684210527,16,0,0,1,0,2,4,0,18,9.811843763644266,4.182946591571179,6.0,0.5962962962962963,161,270,6.941021810946522
178,9.29244336005577,15.736842105263158,4.725752508361204,1763,9.655149501661132,9.720574068893164,63.0,9.327291484525265,56.40709040041966,11.652456723203358,0.0,0.0,0.0,0.0,7.571428571428571,0.1939799331103679,33,21.473684210526315,18,0,0,1,0,0,2,1,19,11.723238792162213,5.387022556390978,9.0,0.5785953177257525,173,299,6.7772364606031354
179,8.200084033613447,12.714285714285714,4.808988764044944,2120,9.747752808988768,8.835583627608347,70.0,9.687110754414128,48.256404494382025,11.37784911717496,1.0,0.0,0.0,0.0,7.25,0.2612359550561798,24,17.75,16,0,0,1,0,0,0,0,28,11.765960540728905,4.805871589085072,8.0,0.5449438202247191,194,356,7.067263083798737
180,4.909999999999997,11.846153846153847,4.35064935064935,864,6.507189542483658,7.651308888888889,23.0,5.123947712418303,76.49376470588236,6.694379084967321,0.0,0.0,0.0,0.0,4.9,0.14285714285714285,23,14.4,9,0,0,1,0,3,14,0,13,8.238735603445708,3.626219607843137,4.0,0.6883116883116883,106,154,6.443616696730562
181,13.007929824561401,18.125,5.0793103448275865,1795,12.82112676056338,9.523867981220658,65.0,11.571464788732396,45.8233004694836,14.756431924882628,0.0,0.0,0.0,0.0,13.0,0.296551724137931,35,25.8,8,0,0,1,4,1,0,0,16,13.867442237049442,5.84029014084507,12.0,0.5724137931034483,166,290,6.803366321637627
182,14.972902684563756,106.66666666666667,5.028125,2011,14.900000000000002,11.448555033557048,89.0,11.195226510067119,47.97156459731545,13.624496644295304,0.0,0.0,0.0,0.0,11.166666666666666,0.271875,162,25.1875,18,0,0,1,10,0,0,0,3,13.328392162939544,6.177876677852348,10.0,0.609375,195,320,7.05927736003035
183,9.49450569838325,17.2,4.65406976744186,2028,9.549122807017547,8.747496065922382,63.0,8.586762360446574,61.18794258373205,10.194790005316321,1.0,0.0,0.0,0.0,5.111111111111111,0.24127906976744187,37,21.863636363636363,26,0,0,1,0,2,14,0,20,10.832165505486643,4.942020202020203,8.0,0.5901162790697675,203,344,7.1654921600277754
184,15.944371772805503,24.0,5.204365079365079,3195,13.582329317269082,10.932146242111303,131.0,13.799133677567415,38.36740963855425,15.26884681583477,0.0,0.0,0.0,0.0,16.25,0.2757936507936508,68,31.19047619047619,31,0,0,1,2,0,0,0,21,13.99691118717104,6.790344807802638,13.0,0.5853174603174603,295,504,7.559590724986652
185,12.783363544813696,25.23076923076923,4.835365853658536,1959,10.737160120845921,9.16747192346425,55.0,11.161619335347435,54.34246928499499,13.539657603222558,1.0,1.0,0.0,0.0,13.8,0.21646341463414634,73,30.066666666666666,13,0,0,1,0,0,8,0,13,12.340626583579944,5.925022356495468,12.0,0.524390243902439,172,328,6.942620108837582
186,13.720042925278214,21.41176470588235,5.096153846153846,2280,12.116304347826087,10.24527563938619,69.0,12.059418158567777,47.15834398976983,14.963171355498723,0.0,0.0,0.0,0.0,10.833333333333334,0.24725274725274726,47,29.470588235294116,11,0,0,1,10,0,2,0,17,14.213455907419831,6.228191815856778,13.0,0.4945054945054945,180,364,6.813722781663446
187,11.757887112887111,20.357142857142858,4.722807017543859,1680,10.067832167832172,9.729057842157843,56.0,10.407212787212789,56.83356643356646,12.646953046953048,0.0,1.0,0.0,0.0,15.5,0.24210526315789474,47,27.714285714285715,21,0,0,1,4,0,2,0,14,12.416235457179464,5.734113886113885,9.0,0.5859649122807018,167,285,7.0165380342908685
188,6.233875968992251,24.857142857142858,3.836206896551724,1767,5.148104956268224,6.610277648202138,33.0,5.745014577259475,82.96512147716233,7.5828960155490766,1.0,0.0,0.0,0.0,7.833333333333334,0.09195402298850575,57,24.333333333333332,21,0,0,1,0,0,14,0,14,7.957251820313856,4.044623906705539,5.0,0.4942528735632184,172,348,6.853815084644779
189,11.828664215686274,17.933333333333334,5.059479553903346,1670,11.625830258302585,10.009580836408364,68.0,11.224265682656828,46.76892004920052,13.278327183271834,0.0,0.0,0.0,0.0,8.833333333333334,0.2788104089219331,29,25.066666666666666,15,0,0,1,2,0,4,0,15,12.80148409080202,5.956879704797048,10.0,0.6059479553903345,163,269,6.918833376848833
190,13.11515224358974,22.076923076923077,4.839721254355401,1722,10.977777777777778,9.395573824786325,45.0,12.92152777777778,41.88009615384618,16.083760683760683,0.0,0.0,0.0,0.0,15.2,0.2578397212543554,35,31.0,18,0,0,1,0,0,5,0,13,15.503899672038209,6.20227564102564,15.0,0.5156794425087108,148,287,6.725535255347533
191,2.99915057915058,12.090909090909092,3.8095238095238093,2013,3.589420654911841,6.197132881748247,27.0,3.426332629859079,89.60830417319083,5.400204234461162,1.0,0.0,0.0,0.0,5.111111111111111,0.09523809523809523,26,16.2972972972973,17,4,0,1,0,6,24,0,33,6.643151254067906,3.0450908843352167,5.0,0.45614035087719296,182,399,6.826316662671775
192,10.481684981684978,16.0,4.666666666666667,1405,10.52532188841202,9.341299019006744,49.0,9.537624156958923,56.325332618025755,10.605640711220111,0.0,0.0,0.0,0.0,10.666666666666666,0.2708333333333333,32,23.428571428571427,8,0,0,1,0,0,6,0,15,11.491704259439757,5.474054874310239,9.0,0.5916666666666667,142,240,6.767234801991099
193,12.84085714285714,20.8,4.955128205128205,1906,11.471974522292996,10.65890161358811,57.0,10.950433121019106,53.83798513800426,13.978428874734607,1.0,0.0,0.0,1.0,11.833333333333334,0.24358974358974358,38,28.4,14,0,0,1,0,0,2,0,15,13.454273218885966,6.09123694267516,10.0,0.5416666666666666,169,312,6.9312584688259955
194,8.344646153846153,12.96,4.830246913580247,1930,9.94153846153846,9.917115384615386,68.0,7.706461538461543,62.96553846153847,10.0,0.0,1.0,0.0,0.0,6.444444444444445,0.24691358024691357,23,17.48,10,0,0,1,0,0,0,0,25,10.444984826868176,4.974153846153847,9.0,0.5555555555555556,180,324,6.975950562140483
195,6.676306588973556,14.65,4.453924914675768,1637,7.75241379310345,6.7665119940029985,32.0,6.132218890554725,73.55510494752625,7.52623688155922,1.0,0.0,0.0,0.0,5.2,0.17747440273037543,39,18.130434782608695,6,0,0,1,0,0,10,1,20,9.761364909221204,3.65475712143928,6.0,0.5733788395904437,168,293,6.987846176706574
196,11.936338383838383,19.272727272727273,4.8584905660377355,1297,10.930232558139537,9.453117336152221,41.0,11.242029598308672,49.27543340380552,13.399577167019027,0.0,0.0,0.0,0.0,13.0,0.25471698113207547,40,27.636363636363637,18,0,0,1,0,0,2,1,11,13.463846863241148,5.754909090909091,12.0,0.5849056603773585,124,212,6.344929596581928
197,9.707877405559515,14.090909090909092,4.967741935483871,1891,11.329180327868855,8.642960441910192,47.0,8.152230933713472,60.234233784746976,9.501069137562366,0.0,0.0,0.0,0.0,7.7142857142857135,0.2032258064516129,24,17.782608695652176,15,0,0,1,0,1,2,0,22,10.662846686107436,4.485176051318602,7.0,0.49032258064516127,152,310,6.605972397624133
198,9.986811145510838,18.823529411764707,4.58125,1825,9.056346749226009,8.63639226006192,39.0,9.574798761609909,60.257120743034065,11.439009287925698,1.0,0.0,0.0,0.0,10.333333333333334,0.19375,39,26.0,14,0,0,1,0,0,0,0,17,11.442366930564873,5.142148606811146,8.0,0.48125,154,320,6.708786977931035
199,6.466816608996538,14.789473684210526,4.277580071174377,1561,6.89160839160839,7.547947832167832,32.0,6.036650349650355,77.25266783216784,7.398321678321679,1.0,0.0,0.0,0.0,5.222222222222222,0.16725978647686832,47,20.6,13,0,0,1,0,0,10,0,19,8.238735603445708,4.088167132867133,6.0,0.5231316725978647,147,281,6.7851212379181876
200,17.3874358974359,51.333333333333336,5.39935064935065,2035,14.593485342019541,11.283153203040174,81.0,15.566001628664495,29.028828718783956,17.13887079261672,0.0,0.0,0.0,0.0,12.333333333333334,0.33116883116883117,71,34.0,21,0,0,1,0,0,5,0,6,16.52667757954773,7.415631107491857,16.0,0.5551948051948052,171,308,6.770851935243553
201,8.04737341772152,12.64,4.7974683544303796,1870,9.709206349206351,8.923269523809523,69.0,6.7805079365079415,68.89171428571431,8.84952380952381,1.0,0.0,0.0,0.0,6.25,0.24367088607594936,21,16.84,13,0,0,1,0,0,0,0,25,9.69254577184881,4.717822222222221,8.0,0.5949367088607594,188,316,7.003368960283427
202,10.273316865651157,17.4,4.772988505747127,2073,10.288760806916429,9.643573747770002,75.0,9.421432688349118,56.94633045148896,10.75937971730479,0.0,0.0,0.0,0.0,7.0,0.2442528735632184,34,22.61904761904762,19,0,0,1,0,0,6,0,20,11.58411153163022,5.498540139975299,9.0,0.5890804597701149,205,348,7.22965349861405
203,5.003080357142856,13.666666666666666,4.059233449477352,1484,5.463194444444444,6.5646105158730155,22.0,4.7544047619047625,85.40250000000003,5.902380952380952,1.0,0.0,0.0,0.0,5.111111111111111,0.13240418118466898,29,20.0,8,0,0,1,0,0,2,0,21,7.07126945348624,3.459519841269841,4.0,0.5505226480836237,158,287,6.77172887209593
204,10.596424300867888,18.058823529411764,4.736156351791531,1797,10.200000000000003,8.875103664416587,48.0,9.513288331726134,58.81224686595951,11.504339440694311,0.0,1.0,0.0,1.0,10.166666666666666,0.24104234527687296,48,24.352941176470587,20,0,0,1,0,0,0,0,17,11.78182255692154,5.286082931533269,9.0,0.5439739413680782,167,307,6.900991161792079
205,14.167122015915119,22.615384615384617,4.928571428571429,1794,11.873103448275863,9.534409814323608,64.0,11.908620689655173,49.41614058355438,14.440318302387267,0.0,0.0,0.0,0.0,12.6,0.272108843537415,37,29.923076923076923,18,0,0,1,0,0,8,0,13,13.991409890343128,6.119557029177718,13.0,0.5510204081632653,162,294,6.786586310236084
206,12.923009708737865,21.928571428571427,5.003257328990228,1886,11.688025889967633,10.688098187702266,73.0,11.76697734627832,47.39007766990292,14.065242718446605,1.0,1.0,0.0,0.0,13.2,0.2768729641693811,47,27.266666666666666,15,0,0,1,0,0,5,0,14,13.5591,6.44327637540453,10.0,0.5928338762214984,182,307,7.0673008453274875
207,9.060312500000002,15.5,4.76036866359447,1296,9.713513513513512,10.041978249678248,43.0,7.390682110682111,70.3183783783784,9.045559845559847,1.0,0.0,0.0,0.0,7.0,0.2350230414746544,33,20.928571428571427,9,0,0,1,0,0,0,0,14,9.424239791934728,5.011794079794079,8.0,0.6036866359447005,131,217,6.639523696946189
208,7.12182795698925,13.071428571428571,4.633879781420765,1069,8.60540540540541,9.283963063063062,30.0,6.9518918918918935,67.18801801801803,9.69009009009009,1.0,0.0,0.0,0.0,8.142857142857142,0.19672131147540983,22,16.8,7,0,0,1,0,1,4,0,14,10.65027996061788,4.3444864864864865,8.0,0.6557377049180327,120,183,6.513971765184856
209,8.66409594095941,15.823529411764707,4.70631970260223,1570,9.422222222222224,8.76661111111111,41.0,8.702962962962964,59.383333333333354,10.444444444444445,1.0,0.0,0.0,0.0,7.571428571428571,0.25650557620817843,31,20.444444444444443,14,0,0,1,0,0,0,0,17,10.62613485830676,4.86511111111111,8.0,0.5278810408921933,142,269,6.709971447990317
210,11.71264411027569,55.0,4.836363636363636,1636,11.55263157894737,9.799193634085213,61.0,10.711714285714287,49.8499523809524,13.108370927318298,0.0,0.0,0.0,1.0,13.4,0.26545454545454544,92,25.066666666666666,10,0,0,1,0,0,12,0,5,12.68835289967788,5.861204511278196,12.0,0.5345454545454545,147,275,6.604677426460992
211,8.072343750000002,21.4,3.987538940809969,1644,5.8475,6.997,33.0,7.881875000000004,74.17562500000004,9.375,0.0,0.0,0.0,0.0,14.5,0.14641744548286603,82,30.375,19,0,0,1,0,1,8,0,15,8.660442795831768,4.8146249999999995,7.0,0.5295950155763239,170,321,6.7905682770755424
212,12.548941441441443,19.4,5.120274914089347,1825,12.54671280276817,10.656797946943485,77.0,12.135072664359864,42.37621914648213,14.35026528258362,0.0,1.0,0.0,0.0,13.8,0.2852233676975945,42,26.466666666666665,10,0,0,1,4,1,0,0,15,13.968273953766033,6.41234740484429,12.0,0.6185567010309279,180,291,6.97385951772159
213,8.69746287128713,18.875,4.317880794701987,1631,7.5788778877887815,7.077186138613861,29.0,7.7626216996699675,73.13818997524754,10.347277227722772,0.0,0.0,0.0,0.0,8.166666666666666,0.16556291390728478,40,26.9375,7,0,0,1,0,0,0,0,16,9.978442167317969,4.417438325082508,7.0,0.46688741721854304,141,302,6.505620480172609
214,10.615146982980917,19.5,4.6300366300366305,1583,9.520727272727271,9.261658441558442,48.0,10.264168831168831,56.45968181818185,12.075324675324675,1.0,0.0,0.0,0.0,11.6,0.21245421245421245,26,27.428571428571427,17,0,0,1,2,0,0,1,14,12.031772070788634,5.266097402597403,9.0,0.5421245421245421,148,273,6.6036989918741655
215,5.722806076854333,12.7,4.199475065616798,2030,6.652010723860595,6.835472153708668,38.0,5.8992144772118,74.91328999106346,8.08325290437891,0.0,1.0,0.0,0.0,6.0,0.16010498687664043,29,18.333333333333332,16,0,0,1,0,0,2,0,30,9.3871,3.7449150134048255,5.0,0.44881889763779526,171,381,6.763966573798568
216,10.749767441860463,17.94736842105263,4.838709677419355,2067,10.493294460641398,10.103408221574345,75.0,9.916575801749271,54.51171501457728,12.224431486880466,0.0,0.0,0.0,0.0,7.875,0.24926686217008798,36,24.1,27,0,0,1,0,0,10,0,19,12.428777171816233,5.68921997084548,9.0,0.5777126099706745,197,341,7.131836856011523
217,9.52862272503689,16.736842105263158,4.644654088050315,1856,9.34,9.356899671052632,55.0,8.38342105263158,64.95526315789476,10.486842105263158,1.0,0.0,0.0,0.0,11.6,0.20754716981132076,31,22.94736842105263,12,0,0,1,0,2,0,0,19,10.992663274268292,5.202486842105262,8.0,0.550314465408805,175,318,6.948746724331475
218,14.98014936519791,24.153846153846153,4.945859872611465,1917,12.33009708737864,10.845292033856111,87.0,13.346666666666668,41.70923076923077,15.850734378889719,0.0,0.0,0.0,0.0,13.0,0.27388535031847133,47,32.76923076923077,19,0,0,1,2,0,0,0,13,14.663929897715473,7.001464774707493,12.0,0.6050955414012739,190,314,7.130234583483058
219,7.165343027591348,19.866666666666667,4.154362416107382,1586,6.599324324324325,7.386097147147147,22.0,5.892252252252252,82.10740240240243,8.1993993993994,1.0,0.0,0.0,0.0,8.166666666666666,0.13758389261744966,37,24.22222222222222,20,4,0,1,0,1,8,0,15,7.984000788550335,4.145504504504504,7.0,0.5302013422818792,158,298,6.809833675110178
220,21.917490683229815,33.142857142857146,5.512931034482759,1547,15.562445414847168,12.223277043044291,69.0,18.50132252027449,20.685021834061132,20.421958827199003,0.0,0.0,0.0,0.0,23.333333333333332,0.3577586206896552,55,43.714285714285715,19,0,0,1,6,0,0,0,7,17.931933174767593,8.606299438552714,17.0,0.5905172413793104,137,232,6.658369116520493
221,13.536122112211217,7.75,5.365591397849462,1345,13.746733668341708,13.10782730318258,57.0,12.580012562814073,34.40693676716921,15.6785594639866,0.0,0.0,0.0,0.0,10.571428571428571,0.3978494623655914,47,23.583333333333332,19,0,0,1,0,0,0,1,24,14.554592549557764,6.504888190954773,12.0,0.5698924731182796,106,186,6.329841859458091
222,4.054191592964326,12.666666666666666,3.9883040935672516,1784,4.65086705202312,7.285880466414191,33.0,4.444028303767194,84.45158959537575,6.737731712178593,0.0,1.0,0.0,0.0,8.333333333333334,0.11403508771929824,29,17.24137931034483,13,0,0,1,2,0,8,0,27,7.990435384864732,3.391218058600757,3.0,0.5409356725146199,185,342,6.955927653003505
223,6.924360902255639,13.736842105263158,4.425287356321839,1471,7.553383458646618,8.129997744360903,34.0,6.948947368421056,70.17763157894737,9.058646616541353,0.0,0.0,0.0,1.0,7.7142857142857135,0.19923371647509577,22,20.105263157894736,17,0,0,1,0,0,0,1,19,10.30751831280988,4.3325488721804515,6.0,0.4904214559386973,128,261,6.332974758563975
224,10.881319457013575,21.533333333333335,4.712074303405573,1896,9.9462962962963,9.114132461873638,57.0,9.907138707334788,57.979183006535976,12.191430646332607,0.0,0.0,0.0,0.0,15.25,0.20743034055727555,40,25.823529411764707,15,0,0,1,0,0,4,0,15,12.108454555606663,5.331232389251996,9.0,0.6006191950464397,194,323,7.155764871391125
225,13.070917979359045,20.153846153846153,5.187022900763359,1664,12.815209125475285,10.331921618685497,68.0,11.522740358500815,45.90970532319395,14.20630092341119,1.0,0.0,0.0,0.0,11.333333333333334,0.31297709923664124,37,24.642857142857142,7,0,0,1,0,0,6,0,13,13.596283718651353,6.071055676262899,10.0,0.648854961832061,170,262,7.008451270692696
226,7.894340659340656,13.4,4.600746268656716,1579,8.832472324723248,10.135148265682657,60.0,7.851695571955723,62.90389022140221,9.995645756457566,0.0,0.0,0.0,0.0,11.0,0.2537313432835821,24,19.6,19,0,0,1,0,1,0,0,20,10.355215969177355,5.06615516605166,7.0,0.5708955223880597,153,268,6.737123095341242
227,7.889534120734904,15.708333333333334,4.403183023872679,2113,7.591556728232192,8.0027218117854,53.0,8.066375329815305,65.35738181618296,9.905057167985929,1.0,0.0,0.0,0.0,7.0,0.1724137931034483,31,22.708333333333332,29,0,0,1,0,0,8,0,24,10.504223727775692,4.540559036939314,7.0,0.5623342175066313,212,377,7.191497076045261
228,8.059609665427509,12.714285714285714,4.741573033707865,1571,9.4187265917603,6.95989595505618,32.0,6.543091760299628,71.92969382022473,8.486067415730338,0.0,0.0,0.0,0.0,6.875,0.20973782771535582,23,17.45,12,0,0,1,0,0,0,0,21,9.766711354998122,4.009739513108613,6.0,0.4794007490636704,128,267,6.472522207760514
229,8.891304347826086,20.25,4.530864197530864,923,8.92125,8.180225,28.0,8.7925,60.52250000000001,11.15,1.0,1.0,0.0,0.0,7.5,0.2037037037037037,40,22.3,11,1,0,1,0,0,6,0,8,11.792908689023552,4.86875,7.0,0.6728395061728395,109,162,6.515776201116924
230,7.286590154032012,13.727272727272727,4.513245033112582,1698,8.203986710963456,7.724918846270009,32.0,6.524646632437332,72.6529379341589,8.529205678042889,0.0,0.0,0.0,0.0,7.7142857142857135,0.17218543046357615,26,18.818181818181817,9,0,0,1,0,1,2,1,22,9.339509955726097,4.396707792207792,7.0,0.4768211920529801,144,302,6.540096045676828
231,7.052111222111225,15.105263157894736,4.376306620209059,1601,7.457342657342661,7.679801964701965,33.0,6.101148851148853,75.57740093240096,8.244821844821846,0.0,0.0,0.0,0.0,7.571428571428571,0.18466898954703834,32,19.38095238095238,22,0,0,1,0,2,10,0,19,9.362217197678863,4.142502497502496,6.0,0.5818815331010453,167,287,6.912605707711331
232,5.537027579162412,12.666666666666666,4.293233082706767,1452,6.434586466165413,6.6700060833902945,19.0,4.030717703349282,87.69956937799044,6.1897470950102536,0.0,0.0,0.0,0.0,5.75,0.16165413533834586,24,17.272727272727273,12,1,0,1,0,1,2,0,21,7.520522993642369,3.319758031442242,5.0,0.5075187969924813,135,266,6.540859985095208
233,4.24652896995708,14.625,3.6965811965811968,1142,3.8489270386266092,6.324078969957082,19.0,4.776070278969957,86.75792516094423,7.198390557939914,0.0,0.0,0.0,0.0,6.125,0.08974358974358974,28,21.9375,11,1,0,1,0,0,6,0,16,7.865858978985526,3.593600053648068,3.0,0.5598290598290598,131,234,6.578156900511279
234,5.521518646674359,14.473684210526315,4.196363636363636,1473,6.495999999999995,6.805841414141414,25.0,7.10287878787879,71.34987373737377,8.147474747474748,1.0,0.0,0.0,0.0,6.625,0.1709090909090909,30,22.444444444444443,12,0,0,1,0,0,0,0,19,9.861636050157227,3.8688030303030305,6.0,0.5418181818181819,149,275,6.717819034568277
235,9.928347826086956,13.833333333333334,4.765060240963855,2022,9.972781065088757,10.360953017751479,77.0,9.189757396449703,59.277357988165676,11.493727810650888,0.0,0.0,0.0,0.0,11.0,0.2469879518072289,37,23.25,20,0,0,1,12,0,0,0,24,11.886574207783884,5.61361597633136,9.0,0.608433734939759,202,332,7.1284196478066475
236,6.993077816492448,26.363636363636363,3.817241379310345,1435,4.923344947735195,6.236035981416957,13.0,5.892209059233448,86.89689663182348,8.350197444831592,0.0,0.0,0.0,0.0,7.5,0.06896551724137931,40,28.8,13,0,0,1,0,3,8,0,11,6.42735559955562,3.9563121951219506,5.0,0.46206896551724136,134,290,6.4140590565321975
237,12.1567619047619,54.42857142857143,4.745406824146982,2271,12.359444444444442,11.109813492063491,90.0,10.205158730158733,52.43000000000001,13.634920634920633,0.0,0.0,0.0,0.0,11.333333333333334,0.2283464566929134,147,23.61904761904762,22,0,0,1,0,0,6,0,7,13.5591,5.621142857142857,11.0,0.5275590551181102,201,381,6.943300303746103
238,10.315904109589042,19.944444444444443,4.651810584958217,2117,9.512328767123293,9.170549315068493,76.0,9.502294520547945,59.44111301369864,12.231506849315068,0.0,0.0,0.0,0.0,8.833333333333334,0.22284122562674094,56,25.75,30,0,0,1,0,0,4,0,18,12.251624239485473,5.367866438356165,9.0,0.5543175487465181,199,359,7.01369205335667
239,7.912187500000002,17.875,4.398601398601398,1592,7.604166666666668,7.8841625,32.0,7.120833333333334,72.50750000000001,9.03888888888889,0.0,0.0,0.0,0.0,12.2,0.17132867132867133,47,22.666666666666668,17,0,0,1,0,0,6,0,16,9.725611199111238,4.408888888888889,7.0,0.5734265734265734,164,286,6.9879763547977705
240,8.037394067796612,19.625,4.131634819532909,2482,6.52893617021277,7.055065106382979,50.0,8.312212765957447,68.95300000000002,10.158297872340427,1.0,0.0,0.0,0.0,11.6,0.16772823779193205,48,27.92,26,1,0,1,2,1,2,2,24,10.793553405168563,4.55107659574468,7.0,0.46709129511677283,220,471,7.122812592035418
241,9.376650943396225,21.333333333333332,4.225,1726,7.552201257861636,8.445664779874214,50.0,8.822256289308175,67.2109316037736,11.34622641509434,0.0,0.0,0.0,0.0,10.166666666666666,0.14375,32,28.6875,17,0,0,1,0,2,0,0,15,11.698219412168324,5.15584040880503,7.0,0.5625,180,320,6.948194174611477
242,5.701469648562302,12.4,4.2935483870967746,1699,6.740575079872205,7.536565482428116,39.0,6.182256869009585,73.03838210862622,8.330683706070287,0.0,0.0,0.0,0.0,7.7142857142857135,0.15806451612903225,33,18.04,9,0,0,1,0,0,4,0,25,9.69254577184881,4.08802607028754,6.0,0.5258064516129032,163,310,6.764787820869096
243,17.50870579657309,35.0,4.688095238095238,2459,10.591448931116389,10.643632029965284,86.0,16.155439429928744,36.916634386990694,18.464534989950668,0.0,0.0,0.0,0.0,13.2,0.21428571428571427,69,44.84615384615385,33,0,0,1,0,0,6,0,12,15.804545918419173,7.7135443084231685,15.0,0.5214285714285715,219,420,7.080477960288318
244,11.176294292197596,19.58823529411765,4.723723723723723,1964,10.035820895522384,10.128628182616332,73.0,10.270816505706758,56.524275680421454,12.18086040386304,0.0,0.0,0.0,0.0,10.333333333333334,0.22822822822822822,40,26.647058823529413,14,0,0,1,0,0,10,0,17,12.214722805548657,5.927977172958736,9.0,0.5825825825825826,194,333,7.059982611080738
245,6.6850974025974,15.55,4.106109324758842,1642,6.25,7.578846493506494,40.0,7.043272727272729,71.9949090909091,8.887272727272729,1.0,0.0,0.0,0.0,8.0,0.16720257234726688,40,22.5,17,0,0,1,0,0,7,1,20,10.467255456243755,4.155205194805195,6.0,0.5819935691318328,181,311,6.965043353749975
246,12.681287955465585,23.53846153846154,4.601307189542483,1750,9.663815789473688,9.730751923076923,54.0,10.453684210526315,61.76540485829962,12.380161943319838,0.0,0.0,0.0,0.0,11.6,0.16013071895424835,61,31.692307692307693,18,0,0,1,0,0,0,2,13,10.891193690592665,6.144783400809716,9.0,0.5980392156862745,183,306,7.00397199557919
247,11.334857594936715,19.6875,4.720634920634921,1857,10.13035143769968,9.399292012779553,67.0,9.720525159744412,60.21420626996806,11.403274760383388,0.0,0.0,0.0,0.0,12.6,0.20952380952380953,40,27.125,21,0,0,1,6,0,6,0,16,11.20814326018867,5.65801537539936,10.0,0.6095238095238096,192,315,6.992719359959119
248,6.888891402714933,16.857142857142858,4.3559322033898304,1298,7.38119658119658,9.177690950226244,40.0,6.469688285570644,73.19459276018101,9.266566113624938,0.0,0.0,0.0,0.0,10.333333333333334,0.19915254237288135,30,19.647058823529413,10,1,0,1,0,2,8,0,14,9.916854025145753,4.4704218200100545,6.0,0.6016949152542372,142,236,6.782496237121791
249,11.85462686567164,21.866666666666667,4.6432926829268295,1919,9.692727272727272,10.230275757575757,83.0,10.904545454545453,56.066818181818206,13.64848484848485,1.0,0.0,0.0,0.0,13.75,0.21951219512195122,46,30.533333333333335,24,0,0,1,2,1,6,0,15,12.457975602129121,6.260393939393939,9.0,0.6432926829268293,211,328,7.180438988808976
250,13.861390134529152,20.90909090909091,4.765217391304348,1365,11.638565022421524,10.831997040358745,50.0,12.050497757847534,48.38525336322871,13.404304932735426,0.0,0.0,0.0,0.0,13.2,0.24347826086956523,34,30.6,18,0,0,1,2,0,0,0,11,12.68835289967788,6.451461434977578,12.0,0.6304347826086957,145,230,6.817735062637116
251,7.939356780139175,15.692307692307692,4.419117647058823,2277,8.129411764705885,8.517142383107089,72.0,8.20107843137255,64.21466063348419,10.590648567119155,0.0,0.0,0.0,0.0,7.7142857142857135,0.19607843137254902,35,22.23076923076923,21,0,0,1,2,0,0,0,26,11.437924896087662,4.7800467571644045,7.0,0.5808823529411765,237,408,7.276137016346626
252,6.808943089430894,13.722222222222221,4.4089068825910935,1363,7.591869918699189,7.395342276422764,27.0,6.480650406504065,72.94138211382115,8.23089430894309,0.0,0.0,0.0,0.0,6.75,0.16194331983805668,24,18.61111111111111,10,0,0,1,0,0,0,0,18,9.725611199111238,4.059495934959349,6.0,0.5465587044534413,135,247,6.628122673776326
253,10.045550146056478,21.363636363636363,4.604255319148936,1365,9.291914893617022,8.228647299509003,28.0,8.733191489361701,64.6469230769231,9.783960720130933,0.0,0.0,0.0,0.0,10.166666666666666,0.17872340425531916,45,24.923076923076923,15,0,0,1,0,0,12,0,11,10.560738912317856,4.8882716857610475,9.0,0.574468085106383,135,235,6.611106244843144
254,11.913035258048033,54.333333333333336,4.957055214723926,1962,12.731391585760516,10.217489201158235,71.0,9.655544200306593,54.80362289218195,11.942156361778231,1.0,0.0,0.0,0.0,8.428571428571429,0.27300613496932513,117,22.05263157894737,9,0,0,1,0,0,4,0,6,12.114078956130353,5.553464486458866,11.0,0.50920245398773,166,326,6.726366444048851
255,6.957571428571427,15.615384615384615,4.261083743842365,1118,7.027884615384615,9.592215384615384,33.0,7.045192307692307,73.04980769230771,8.9,0.0,1.0,0.0,0.0,10.333333333333334,0.1477832512315271,27,23.307692307692307,11,0,0,1,0,0,0,0,13,9.466822959209587,4.872884615384615,6.0,0.5517241379310345,112,203,6.21560851093088
256,10.975937888198757,17.0,5.017647058823529,2116,11.431884057971015,9.714690476190476,61.0,10.107577639751558,51.85739130434786,12.832298136645964,0.0,0.0,0.0,0.0,11.333333333333334,0.3058823529411765,34,22.666666666666668,18,0,0,1,0,0,0,0,20,13.023866798666859,5.398906832298136,10.0,0.43529411764705883,148,340,6.279332315868892
257,10.168605263157897,14.578947368421053,4.956678700361011,1721,11.142652329749104,11.495804584040748,66.0,9.761214865119786,51.2337521222411,12.612035465006603,0.0,1.0,0.0,0.0,8.571428571428571,0.30324909747292417,30,19.736842105263158,20,0,0,1,4,0,0,1,19,12.488612386084178,5.899437841916619,9.0,0.5740072202166066,159,277,6.712395458316021
258,9.780470723306543,71.33333333333333,4.481308411214953,1202,10.13134328358209,9.038267929582855,36.0,8.28676616915423,63.18929965556832,9.368694986605435,0.0,0.0,0.0,0.0,6.375,0.1542056074766355,92,21.46153846153846,12,0,0,1,0,0,2,0,3,9.661875296680812,4.7305197091465745,8.0,0.5887850467289719,126,214,6.614711536404339
259,10.972619823173567,21.571428571428573,4.400662251655629,1715,8.562913907284766,8.627800473036897,55.0,10.17120151371807,60.56119205298015,12.072280037842953,0.0,1.0,0.0,0.0,8.333333333333334,0.19205298013245034,51,30.571428571428573,23,0,0,1,2,1,12,1,14,11.062562989136584,5.6176575212866595,8.0,0.5165562913907285,156,302,6.7180049361566
260,10.310272500778574,18.833333333333332,4.660766961651918,1984,9.988023952095809,9.519613394264104,60.0,9.107106838953676,61.079194768358036,11.223195713835487,1.0,0.0,0.0,0.0,12.2,0.2153392330383481,47,24.210526315789473,15,0,0,1,2,0,8,1,18,11.723238792162213,5.274517806492279,9.0,0.551622418879056,187,339,6.974121264961249
261,8.64173294059892,19.3,4.318652849740933,2115,7.776963350785337,7.6802135876340065,46.0,8.555594614809277,66.12245200698082,10.626975816504611,0.0,0.0,0.0,0.0,7.428571428571429,0.15544041450777202,50,26.19047619047619,19,0,0,1,0,5,16,0,20,10.181067101454742,4.687103216155572,7.0,0.4533678756476684,175,386,6.858814768000712
262,10.795849802371542,14.782608695652174,5.155882352941177,2138,12.050588235294118,9.710452685421995,78.0,11.172276214833758,41.29241687979541,13.207161125319693,0.0,0.0,0.0,0.0,8.571428571428571,0.3,25,20.304347826086957,17,0,0,1,2,1,0,0,23,13.023866798666859,5.528641943734016,10.0,0.5352941176470588,182,340,6.905505807316605
263,4.472323473282444,71.25,4.049122807017544,1475,6.0597701149425305,8.03392356321839,42.0,4.3189068486590045,78.6253717672414,5.561350574712645,1.0,0.0,0.0,0.0,4.4,0.12280701754385964,127,11.21875,11,0,0,1,0,1,12,0,4,7.413659706084162,3.504740062260536,3.0,0.5929824561403508,169,285,6.9242489189207035
264,10.16453815261044,22.636363636363637,4.293172690763052,1372,7.95564516129032,8.1633811827957,40.0,9.265967741935487,65.43978494623659,11.008602150537635,0.0,0.0,0.0,0.0,8.666666666666666,0.1686746987951807,46,29.416666666666668,15,0,0,1,2,0,6,1,11,10.125756701596842,5.244129032258064,8.0,0.570281124497992,142,249,6.643137232489196
265,5.460310077519381,10.413793103448276,4.327814569536423,1700,6.6220735785953195,7.669074091415831,29.0,4.8327859531772575,78.16565607580827,5.99335562987737,0.0,0.0,0.0,0.0,4.4,0.18543046357615894,23,13.766666666666667,11,0,0,1,12,8,10,0,29,7.908726449838941,3.624902006688963,4.0,0.5364238410596026,162,302,6.869236511155652
266,10.87573979591837,18.3125,4.822525597269625,1738,10.475085324232083,10.203332423208192,62.0,9.433103668941978,60.04849509385667,11.420563139931742,0.0,0.0,0.0,0.0,10.333333333333334,0.26621160409556316,29,24.75,16,0,0,1,0,0,0,0,16,11.45678717892309,5.857239974402731,10.0,0.5597269624573379,164,293,6.916655522855949
267,12.257958666406708,79.16666666666667,4.663157894736842,2721,11.640540540540538,10.60415330983157,113.0,10.515722679200945,54.05324911868391,12.766784175479827,1.0,0.0,0.0,1.0,15.0,0.24421052631578946,120,26.82608695652174,20,0,0,1,2,1,0,0,6,12.50853898387179,6.156408538973757,11.0,0.5073684210526316,241,475,7.075344134329207
268,12.970592885375495,51.2,4.69140625,1487,10.585657370517929,10.178401340094169,53.0,11.643752263672582,52.22434625135824,15.183049619703008,1.0,0.0,0.0,0.0,15.75,0.25390625,83,31.454545454545453,12,0,0,1,0,1,8,0,5,14.424011203321125,6.420507062658457,10.0,0.6171875,158,256,6.853515090743747
269,9.759728260869565,18.4,4.532608695652174,1044,9.04699453551913,8.685819344262296,32.0,8.440989071038253,67.13918852459018,9.724371584699455,0.0,0.0,0.0,0.0,6.375,0.15217391304347827,39,24.8,7,0,0,1,0,0,2,2,10,10.125756701596842,5.064108743169399,8.0,0.6467391304347826,119,184,6.631502361016699
270,2.130717786561263,14.0,3.6766917293233083,1312,2.878195488721804,6.109683654789147,13.0,2.98284079764629,94.27600359594642,5.678718535469108,0.0,0.0,0.0,0.0,4.888888888888889,0.07142857142857142,33,17.956521739130434,16,5,0,1,0,2,14,0,19,6.280692351149826,3.0193197123242888,5.0,0.5112781954887218,136,266,6.613883217070606
271,11.009192789968651,24.615384615384617,4.615625,1842,9.740880503144652,8.793243396226416,44.0,8.93357704402516,66.41281839622644,10.843081761006289,0.0,0.0,0.0,0.0,12.6,0.15625,38,26.375,12,0,0,1,0,0,0,1,13,10.270032843473604,5.020620283018868,8.0,0.4875,156,320,6.705616669330321
272,4.714611889435819,14.473684210526315,3.941818181818182,1393,4.975272727272728,6.765958373205741,29.0,5.673645933014356,80.16457416267943,7.680382775119617,0.0,0.0,0.0,0.0,7.428571428571429,0.14181818181818182,31,21.94736842105263,9,0,0,1,0,0,2,0,19,8.841846274778883,3.8492440191387556,4.0,0.5236363636363637,144,275,6.543009033523946
273,14.879902597402598,18.166666666666668,4.98776758409786,2052,13.978571428571431,10.999579220779221,69.0,11.648019480519483,45.838457792207805,14.193506493506494,0.0,0.0,0.0,0.0,16.5,0.28134556574923547,50,25.8125,7,1,0,1,0,0,0,0,18,13.526455162492045,6.205847402597403,13.0,0.5290519877675841,173,327,6.971114768958232
274,4.622415026833629,11.88,4.138047138047138,1595,5.556146179401988,7.568057577306415,21.0,5.233305647840531,78.16216394071047,6.092563250702786,0.0,0.0,0.0,0.0,7.571428571428571,0.13468013468013468,22,16.53846153846154,24,0,0,1,0,0,2,0,25,8.841846274778883,3.5856318681318675,4.0,0.531986531986532,158,297,6.728047481529035
275,3.594620689655173,9.862068965517242,4.073426573426573,1523,4.770934256055366,6.753350208805632,29.0,4.5879012051067924,79.9193079584775,6.615964682018853,1.0,0.0,0.0,0.0,5.444444444444445,0.16433566433566432,24,14.689655172413794,17,10,0,1,0,1,0,1,29,8.939507131559953,3.2261448514497073,4.0,0.486013986013986,139,286,6.443968665757713
276,8.101555399719494,13.391304347826088,4.691558441558442,1812,9.558441558441555,7.889345059288537,44.0,7.71572557876906,63.596072840203306,8.733145115753812,0.0,0.0,0.0,0.0,6.5,0.24025974025974026,23,18.26086956521739,12,0,0,1,0,0,0,0,23,9.971965246562196,4.095355731225297,7.0,0.5551948051948052,171,308,6.742788071961348
277,8.76926750303521,18.526315789473685,4.377840909090909,1989,7.975498575498573,8.60421803011803,46.0,7.334269434269437,72.24948717948719,9.990557590557593,0.0,0.0,0.0,0.0,11.8,0.16477272727272727,43,23.38095238095238,23,0,0,1,0,0,18,1,19,10.398101306919678,4.592295482295482,7.0,0.5596590909090909,197,352,7.1565501602701085
278,5.777003081664098,17.55,3.9116809116809117,1800,5.025714285714287,6.455733766233767,29.0,5.44883116883117,84.33298701298702,7.049350649350649,0.0,0.0,0.0,0.0,7.0,0.08547008547008547,41,23.954545454545453,31,0,0,1,0,0,4,0,20,7.348242739294969,3.8438961038961033,6.0,0.4928774928774929,173,351,6.849654440141734
279,6.546808080808081,12.454545454545455,4.416058394160584,760,7.6518518518518555,7.169301346801348,14.0,5.279326599326598,79.07151515151516,5.7979797979797985,0.0,0.0,0.0,0.0,5.444444444444445,0.17518248175182483,19,17.363636363636363,6,0,0,1,0,0,0,0,11,8.575989854853784,3.525010101010101,6.0,0.6131386861313869,84,137,5.990566576297084
280,7.717639007698889,12.214285714285714,4.643274853801169,988,9.25988023952096,6.875582292557741,22.0,6.797472198460223,67.57420658682638,7.406159110350727,1.0,0.0,0.0,0.0,5.888888888888889,0.22807017543859648,18,16.285714285714285,6,0,0,1,0,0,4,0,14,9.957137785484202,3.705359709153122,6.0,0.6198830409356725,106,171,6.369913242877832
281,20.607279745685737,30.416666666666668,5.506849315068493,2450,15.313896457765669,10.96174396003633,94.0,18.169107629427796,19.271390781108124,19.53578564940963,0.0,0.0,0.0,0.0,21.666666666666668,0.3863013698630137,48,40.666666666666664,29,0,0,1,4,0,2,0,12,18.062587368997235,7.916372615803814,17.0,0.5397260273972603,197,365,6.894034225283323
282,5.537206003289473,13.421052631578947,4.180392156862745,1356,6.218039215686275,6.840968524251806,23.0,5.146171310629516,82.07145510835915,6.937048503611971,0.0,0.0,0.0,0.0,7.2857142857142865,0.11764705882352941,26,18.263157894736842,13,0,0,1,0,0,2,0,19,8.371475516178862,3.7094076367389057,5.0,0.5137254901960784,131,255,6.574164159590123
283,16.13421348314607,33.0,4.303030303030303,1453,8.34135338345865,9.619045864661654,36.0,12.81509398496241,62.406550751879706,15.254887218045113,1.0,0.0,0.0,0.0,18.0,0.14393939393939395,44,46.5,16,0,0,1,2,0,4,0,8,10.9516,6.755821428571428,7.0,0.6022727272727273,159,264,6.879801472002733
284,12.61309278350516,19.333333333333332,5.0137931034482754,1794,11.953264604811,10.241901512027491,60.0,11.926515463917525,44.108948453608264,15.182680412371134,0.0,0.0,0.0,0.0,8.428571428571429,0.25862068965517243,36,26.333333333333332,14,0,0,1,4,0,0,0,15,14.362553787682575,5.938661168384879,11.0,0.5896551724137931,171,290,6.943270961905686
285,12.646574500768047,18.956521739130434,4.894495412844036,2623,11.40277136258661,10.202114692620697,104.0,11.582144506763445,48.74916089299461,14.714131749697572,1.0,0.0,0.0,0.0,12.8,0.27293577981651373,52,28.571428571428573,17,1,0,1,0,1,6,1,23,13.925175675911131,6.129657538766084,10.0,0.536697247706422,234,436,7.215660375178092
286,15.432177914110426,26.916666666666668,4.876160990712075,1942,11.42345679012346,10.72637901234568,67.0,14.497407407407412,39.21333333333334,17.590123456790124,1.0,0.0,0.0,0.0,17.0,0.2631578947368421,59,37.916666666666664,21,0,0,1,0,0,0,0,12,16.00919986374329,7.034888888888888,16.0,0.5201238390092879,168,323,6.779963717978259
287,5.040631313131314,12.702127659574469,4.1289782244556115,3151,5.73063973063973,7.387034006734007,65.0,4.949718013468015,81.61679924242426,6.9028619528619535,1.0,0.0,0.0,0.0,10.8,0.1440536013400335,51,17.770833333333332,21,1,0,1,2,0,2,0,47,8.144726394080802,3.8145147306397305,4.0,0.4656616415410385,278,597,7.422775522218783
288,5.308720830473575,12.566666666666666,4.212201591511937,2028,6.280213903743313,7.5702208556149735,50.0,4.795909953424186,82.16652147662586,6.216180783163706,1.0,0.0,0.0,0.0,3.5,0.14323607427055704,33,17.322580645161292,15,0,0,1,0,2,10,0,30,7.359569317364361,3.8967812661721575,5.0,0.5411140583554377,204,377,7.014384656738117
289,7.304102564102564,14.130434782608695,4.461538461538462,1871,8.014197530864198,9.128049097815765,55.0,6.824320987654321,68.33098290598294,8.935232668566002,1.0,0.0,0.0,0.0,4.9,0.16307692307692306,36,17.46153846153846,24,0,0,1,0,0,12,0,23,10.035473477838034,4.401015194681861,8.0,0.5753846153846154,187,325,7.023039503540541
290,10.968080495356041,23.0,4.537267080745342,1810,9.196884735202492,7.796911962616822,43.0,10.070018691588785,60.981289719626176,12.921370716510905,1.0,0.0,0.0,1.0,11.8,0.22981366459627328,36,30.066666666666666,11,0,0,1,0,0,0,1,14,12.10132525352546,5.463876635514017,11.0,0.40683229813664595,131,322,6.319564222454098
291,8.054507393254696,20.130434782608695,4.215982721382289,2487,6.914285714285718,7.593827872127872,57.0,8.24822510822511,67.57585414585417,10.224575424575427,1.0,0.0,0.0,0.0,10.166666666666666,0.1490280777537797,48,25.884615384615383,32,0,0,1,0,5,8,0,23,10.302915286807346,4.591647685647686,7.0,0.4946004319654428,229,463,7.204258113756516
292,4.736188679245284,12.227272727272727,4.204460966542751,1438,6.073962264150943,6.307316603773585,25.0,4.173433962264152,84.0209056603774,5.598490566037736,1.0,0.0,0.0,0.0,4.454545454545454,0.16356877323420074,28,15.4,13,0,0,1,0,4,4,0,22,8.238735603445708,3.274732075471698,5.0,0.5241635687732342,141,269,6.631552086579993
293,13.349199690402479,97.25,4.732647814910026,2288,11.454497354497356,9.501434080298786,75.0,11.593404917522566,51.547128851540634,13.232741985683163,1.0,0.0,0.0,0.0,15.5,0.2442159383033419,140,30.529411764705884,17,0,0,1,2,0,0,0,4,12.627914446148157,5.99904419545596,12.0,0.493573264781491,192,389,6.965713707679828
294,6.340836550836549,12.095238095238095,4.496062992125984,1446,7.620077220077221,8.332905148005148,43.0,5.98602316602317,74.11280566280567,8.331016731016732,1.0,0.0,0.0,0.0,6.125,0.1732283464566929,21,17.571428571428573,11,0,0,1,0,2,0,0,21,9.236282656511921,4.138617760617761,5.0,0.5984251968503937,152,254,6.640316827210569
295,10.483049307958478,17.0,4.747404844290657,1692,10.0560553633218,8.466240830449827,42.0,8.888977076124572,63.504330666089984,10.26998269896194,0.0,1.0,0.0,0.0,13.75,0.2179930795847751,33,24.0625,9,0,0,1,0,0,0,0,17,10.270032843473604,4.962975129757785,9.0,0.5501730103806228,159,289,6.838994096796575
296,9.552147887323944,17.8125,4.56140350877193,1616,9.040845070422534,7.741618309859155,43.0,9.48954225352113,58.64198943661975,10.902816901408451,0.0,0.0,0.0,0.0,8.285714285714286,0.21754385964912282,40,25.5625,14,1,0,1,0,0,2,0,16,11.333407214811011,4.855834507042253,8.0,0.4982456140350877,142,285,6.624722053964849
297,14.037021276595745,23.583333333333332,4.918727915194347,1701,11.5290780141844,9.505504255319149,62.0,13.24166666666667,41.982500000000016,15.215602836879434,1.0,0.0,0.0,0.0,13.4,0.2579505300353357,52,33.083333333333336,15,0,0,1,0,0,0,0,12,14.434950587195996,6.256755319148937,13.0,0.5795053003533569,164,283,6.877363618876594
298,9.262219983883966,17.9375,4.498257839721254,1665,8.6648275862069,9.872996957403652,63.0,8.966389452332656,61.1616734279919,11.099391480730224,0.0,0.0,0.0,0.0,9.0,0.20557491289198607,49,24.0,17,0,0,1,0,1,4,0,16,11.326091736570909,5.587052738336714,8.0,0.6027874564459931,173,287,7.016066782395546
299,3.728925992779782,9.89655172413793,4.041811846689895,1502,5.102898550724639,7.325278260869565,25.0,3.507083333333334,85.28062500000001,4.6094202898550725,0.0,0.0,0.0,0.0,3.0,0.09407665505226481,35,12.5,13,3,0,1,0,1,11,1,29,7.292943589461545,2.989907608695652,2.0,0.5087108013937283,146,287,6.591410379301428
300,9.00487752602572,24.529411764705884,4.381294964028777,2346,7.943262411347515,8.916155504162813,56.0,7.734381745297565,72.36782608695653,9.815150580737999,0.0,0.0,0.0,0.0,8.833333333333334,0.1606714628297362,69,25.82608695652174,23,0,0,1,0,0,10,0,17,10.074871250255047,4.89600370027752,8.0,0.5347721822541966,223,417,7.197172375771811
301,8.125201451905625,31.266666666666666,4.567164179104478,2635,10.147586206896548,9.032036600120993,77.0,6.343898971566848,69.96902450090747,8.808832425892318,0.0,0.0,0.0,0.0,10.833333333333334,0.18336886993603413,64,15.236842105263158,13,2,0,1,0,0,4,0,15,10.001912283498694,4.331239866908651,8.0,0.43710021321961623,205,469,6.981661939184317
302,2.528169398907103,14.115384615384615,3.5749318801089918,1754,2.535890410958906,6.229939269406392,17.0,2.7007534246575347,97.36966894977171,5.524200913242009,0.0,0.0,0.0,0.0,5.625,0.05449591280653951,36,19.1,18,1,0,1,0,0,0,0,26,6.42735559955562,2.9786095890410955,5.0,0.45231607629427795,166,367,6.684546415798939
303,6.362543252595152,13.80952380952381,4.248275862068965,1550,6.635986159169551,6.975780553633218,26.0,5.438579584775088,81.80769636678201,6.8872664359861595,0.0,0.0,0.0,0.0,6.25,0.1413793103448276,28,20.1,4,1,0,1,0,2,0,0,21,8.548686976883017,3.6799102076124566,5.0,0.5448275862068965,158,290,6.880053060097687
304,8.76592465753425,14.5,4.748275862068965,1712,9.65085910652921,9.241685154639175,52.0,7.5614759450171825,66.76571907216497,8.431683848797253,0.0,0.0,0.0,0.0,5.444444444444445,0.20689655172413793,27,19.95,18,0,0,1,0,0,2,0,20,9.120678840339163,4.959278522336769,8.0,0.5310344827586206,154,290,6.625793221140552
305,9.04357283680175,19.857142857142858,4.347721822541966,2270,7.998550724637685,7.849930127360562,60.0,8.907545015371106,64.71715415019764,11.005533596837944,0.0,0.0,0.0,0.0,11.333333333333334,0.1774580335731415,51,26.681818181818183,17,0,0,1,0,0,2,0,21,11.479024033405114,4.9880158102766785,7.0,0.4892086330935252,204,417,7.022624676793329
306,10.581277043269232,20.333333333333332,4.561475409836065,1466,9.180237154150202,9.657088750380055,53.0,10.143083003952569,57.004858619641226,12.843903922164792,0.0,1.0,0.0,0.0,12.6,0.20901639344262296,43,27.53846153846154,19,0,0,1,0,1,2,2,12,12.896187039172386,5.418650045606567,9.0,0.639344262295082,156,244,6.796741507780634
307,10.367751004016064,16.266666666666666,4.844262295081967,1492,10.661290322580648,10.95082752688172,54.0,8.700741935483872,62.130279569892494,11.290752688172043,0.0,0.0,0.0,0.0,7.571428571428571,0.21311475409836064,29,23.066666666666666,7,0,0,1,0,0,2,1,15,11.729898335038438,5.528264516129033,10.0,0.6147540983606558,150,244,6.789352745515644
308,4.588098377281948,11.96551724137931,4.043227665706052,1794,5.523529411764706,6.772281947261662,25.0,3.6630020283975675,89.68264705882353,5.748478701825558,0.0,1.0,0.0,0.0,4.7,0.10951008645533142,34,16.689655172413794,15,0,0,1,0,0,4,0,29,7.6298220110433,3.17504462474645,5.0,0.521613832853026,181,347,7.024056550872795
309,5.518333333333334,13.636363636363637,4.153333333333333,1624,6.68271186440678,8.260573446327683,37.0,5.243750000000002,79.36031426553672,7.628531073446329,0.0,0.0,0.0,0.0,8.142857142857142,0.15,34,17.583333333333332,6,7,0,1,2,0,0,1,22,9.188382445141503,3.854836864406779,7.0,0.5066666666666667,152,300,6.690267264625243
310,10.659075942644712,18.928571428571427,4.713207547169811,1552,9.805204460966543,9.637632660647903,55.0,9.493906001062136,61.218745353159875,12.29537971322358,0.0,0.0,0.0,0.0,6.25,0.23018867924528302,34,26.928571428571427,9,0,0,1,0,0,0,0,14,11.765960540728905,5.562340679766331,9.0,0.569811320754717,151,265,6.652500248089746
311,10.530451730418942,17.166666666666668,4.805825242718447,1825,10.67344262295082,9.653993624772312,71.0,9.240628415300545,58.99179872495449,11.499089253187615,0.0,0.0,0.0,0.0,8.285714285714286,0.2621359223300971,38,22.666666666666668,14,0,0,1,0,1,0,0,18,11.538034831475386,5.681281420765027,10.0,0.5954692556634305,184,309,7.095788632498561
312,4.118414710485133,9.394736842105264,4.176470588235294,1908,5.460281690140846,6.482991392801252,30.0,3.5792136150234732,86.96512715179969,5.071205007824727,0.0,0.0,0.0,0.0,3.833333333333333,0.13445378151260504,29,14.36111111111111,16,1,0,1,0,1,6,0,38,7.492282038375204,3.1015293427230044,3.0,0.49299719887955185,176,357,6.916695000956806
313,16.481885441527446,57.625,5.164859002169197,2861,15.821531100478467,11.774862488038277,117.0,14.072004784688996,31.39853349282299,17.5466028708134,0.0,0.0,0.0,0.0,18.25,0.3210412147505423,90,27.5,32,0,0,1,0,1,4,0,8,15.710118619332857,7.283507655502392,15.0,0.45770065075921906,211,461,7.125783223835429
314,8.189707259953163,15.851851851851851,4.558411214953271,2420,8.718969555035127,9.311096721311475,69.0,7.684432084309133,67.13095725995318,10.034426229508197,0.0,0.0,0.0,0.0,7.0,0.17990654205607476,35,20.785714285714285,4,0,0,1,0,0,6,0,27,10.290406445055957,4.862317915690866,7.0,0.4953271028037383,212,428,7.067846310064037
315,9.057475247524756,15.346153846153847,4.629072681704261,2325,9.200495049504951,9.245387485148514,67.0,8.295568316831687,64.37022376237626,9.929346534653465,0.0,0.0,0.0,0.0,7.142857142857142,0.20300751879699247,28,22.56,25,0,0,1,0,0,0,0,26,10.264317810270406,4.841817425742574,8.0,0.5338345864661654,213,399,7.047153550967625
316,3.2420378054402974,7.2727272727272725,4.1625,1275,5.012499999999999,7.432763888888889,27.0,4.249166666666664,80.4302777777778,5.388888888888889,0.0,0.0,0.0,0.0,3.071428571428571,0.16666666666666666,12,13.444444444444445,2,0,0,1,0,0,0,0,33,7.793537801064561,3.489833333333333,4.0,0.5208333333333334,125,240,6.3984588127132795
317,3.8123684210526285,11.4,4.06140350877193,586,5.057894736842108,6.279571578947368,5.0,2.6226666666666674,96.56400000000001,4.910877192982457,0.0,0.0,0.0,0.0,4.777777777777778,0.06140350877192982,25,15.4,0,0,0,1,0,1,0,0,10,5.683917801722854,2.82359298245614,4.0,0.6403508771929824,73,114,5.862115536091071
318,6.561336534613844,13.424242424242424,4.3521444695259595,2455,7.353636363636365,9.661336898395723,85.0,7.022967914438503,67.76106951871661,8.267379679144385,1.0,0.0,0.0,0.0,5.75,0.19413092550790068,32,18.205882352941178,31,0,0,1,0,0,10,2,33,9.007467420416297,5.048251336898396,6.0,0.5282167042889391,234,443,7.165990504530308
319,12.762754098360652,18.875,5.145695364238411,1903,12.328947368421051,10.032682894736842,70.0,11.07263157894737,49.518421052631595,12.600000000000001,0.0,0.0,0.0,0.0,14.5,0.25165562913907286,36,25.0625,23,0,0,1,0,0,2,0,16,12.273956033585218,5.837736842105263,11.0,0.6125827814569537,185,302,7.087937610030196
320,8.163642638036809,29.454545454545453,4.046296296296297,1679,6.466666666666669,7.730571962616822,44.0,8.372069704049846,70.77249707943926,10.517211838006231,0.0,0.0,0.0,0.0,11.2,0.12962962962962962,56,29.1875,14,1,0,1,2,2,4,0,11,10.550175099000144,4.927002531152647,7.0,0.5833333333333334,189,324,7.08380077323568
321,7.020358208955223,12.62962962962963,4.296187683284457,1881,7.3379104477611925,8.590363880597016,42.0,6.08555223880597,75.29907462686569,7.509253731343285,0.0,0.0,0.0,0.0,6.714285714285714,0.1495601173020528,26,18.96,18,0,0,1,0,0,16,0,27,8.608573733854374,4.166011940298507,6.0,0.5513196480938416,188,341,7.015405125082487
322,16.854192513368986,30.90909090909091,4.758823529411765,1987,10.928823529411765,10.603208556149733,85.0,14.928074866310162,43.08815508021391,16.598930481283425,0.0,0.0,0.0,0.0,15.75,0.25588235294117645,45,42.0,11,0,0,1,0,0,0,0,11,13.88584557914918,7.6254171122994645,10.0,0.5735294117647058,195,340,6.973148507174178
323,7.225586300309601,14.894736842105264,4.169611307420495,1514,7.293726937269373,8.597347465527287,47.0,6.344587298504564,74.97929695086427,8.804894154204701,0.0,0.0,0.0,0.0,6.125,0.1696113074204947,32,20.210526315789473,10,0,0,1,0,5,20,0,19,9.276330184999454,4.4368211303165666,6.0,0.5795053003533569,164,283,6.816248561083032
324,10.645756097560977,27.863636363636363,4.169657422512235,3268,7.241571194762688,8.497631914893617,98.0,10.08727495908347,64.59788461538464,12.476923076923079,1.0,0.0,0.0,0.0,11.2,0.16802610114192496,72,35.26923076923077,27,0,0,1,0,2,12,0,22,11.130083040563491,5.785233224222585,10.0,0.4698205546492659,288,613,7.346190514449303
325,8.917563025210086,18.294117647058822,4.366559485530547,1724,7.846349206349203,8.716098506069095,47.0,8.343772175536884,68.2447899159664,11.094304388422037,1.0,0.0,0.0,0.0,12.4,0.18971061093247588,41,26.0,16,0,0,1,0,1,0,0,17,11.326091736570909,5.035139122315593,7.0,0.5594855305466238,174,311,6.888887693267348
326,5.346257928118394,14.8,4.081081081081081,1574,5.2365448504983405,7.51508495922682,28.0,5.6229855028692235,79.11738976140141,8.263424947145877,0.0,0.0,0.0,0.0,5.444444444444445,0.12162162162162163,35,20.09090909090909,17,2,0,1,0,1,12,0,20,8.97023862654752,3.853850649350649,4.0,0.5337837837837838,158,296,6.7993060775405985
327,8.496421248835041,35.55555555555556,4.753125,1855,11.083783783783787,8.57036342031687,59.0,7.1670410065237675,61.85810810810813,8.947623485554521,0.0,0.0,0.0,0.0,6.625,0.221875,68,13.448275862068966,4,0,0,1,0,0,0,0,9,9.838380243014921,4.341010251630941,8.0,0.51875,166,320,6.864961814572358
328,13.065004916420847,18.72222222222222,5.207715133531157,2147,12.858160237388727,10.609365545664359,94.0,12.580509396636995,38.2129533465216,15.916188592152984,0.0,0.0,0.0,0.0,13.6,0.3026706231454006,36,25.444444444444443,20,0,0,1,0,0,2,0,18,14.867677710551934,6.285954995054402,12.0,0.6172106824925816,208,337,7.09059661964891
329,6.619655172413793,18.272727272727273,4.1940298507462686,1100,6.841584158415845,7.791563083451202,19.0,5.926251768033946,78.27316831683169,7.553606789250354,1.0,0.0,0.0,0.0,12.2,0.12935323383084577,44,20.142857142857142,9,0,0,1,0,0,6,0,11,9.236282656511921,3.810062234794908,6.0,0.5572139303482587,112,201,6.395441584881558
330,10.712837837837839,20.6875,4.519637462235649,1871,8.943373493975905,8.70832048192771,51.0,10.06033132530121,59.89302710843374,13.23975903614458,0.0,0.0,0.0,0.0,12.6,0.21148036253776434,60,28.875,17,0,0,1,0,0,6,0,16,12.815532586354998,5.370774096385542,12.0,0.4984894259818731,165,331,6.7646120039241895
331,7.317339334310237,16.529411764705884,4.224199288256227,1502,6.806405693950175,7.884081243458238,37.0,7.359673435210386,71.73807410508688,9.03169353150513,1.0,1.0,0.0,0.0,7.2857142857142865,0.1708185053380783,38,23.941176470588236,18,0,0,1,0,0,0,0,17,10.056822442137396,4.4550563114925685,6.0,0.5302491103202847,149,281,6.714035662195031
332,4.83066308243728,14.529411764705882,4.012145748987854,1267,5.2516129032258085,6.993990681003584,20.0,5.104301075268818,83.0070071684588,6.317562724014337,0.0,0.0,0.0,0.0,5.25,0.13765182186234817,33,20.666666666666668,8,0,0,1,0,0,2,0,17,6.69162321629862,3.891344086021505,4.0,0.48582995951417,120,247,6.266026362942954
333,8.658890398550724,12.26086956521739,4.907801418439717,1744,10.171527777777783,10.39813381642512,78.0,8.468478260869567,56.6504347826087,10.703140096618359,0.0,0.0,0.0,0.0,8.714285714285714,0.22340425531914893,19,16.347826086956523,16,0,0,1,0,0,4,0,23,11.295486806799005,5.351787439613526,9.0,0.6382978723404256,180,282,7.046047886700263
334,6.249076455459431,10.724137931034482,4.620578778135048,1845,8.659354838709678,8.659271712158809,44.0,6.683870967741935,68.37888337468983,8.640198511166252,0.0,0.0,0.0,0.0,5.6,0.20257234726688103,28,15.923076923076923,14,0,0,1,0,1,4,0,29,9.75724932402239,4.545315136476427,8.0,0.4855305466237942,151,311,6.770584155359027
335,9.937857142857144,19.0,4.555023923444976,1184,9.033492822966508,7.147608133971293,22.0,8.64488038277512,66.92416267942586,9.705263157894738,0.0,0.0,0.0,0.0,7.428571428571429,0.20095693779904306,34,25.818181818181817,9,0,0,1,0,0,0,0,11,10.018931242160765,4.834746411483254,8.0,0.5406698564593302,113,209,6.459601120411729
336,8.281622404635442,17.210526315789473,4.3577981651376145,1795,7.918153846153849,8.517444129554656,57.0,8.254591093117408,66.34761943319842,10.16518218623482,0.0,0.0,0.0,0.0,7.428571428571429,0.21712538226299694,27,25.105263157894736,17,0,0,1,0,0,4,0,19,10.65788864234165,5.10314979757085,7.0,0.5107033639143731,167,327,6.705878972784663
337,12.368623737373731,103.0,4.899676375404531,1842,12.26936026936027,10.299018181818184,76.0,11.753078703703704,43.86072916666669,15.236447811447812,0.0,1.0,0.0,0.0,13.2,0.2621359223300971,114,25.25,8,0,0,1,0,0,0,3,3,14.283593685282177,6.091329335016836,11.0,0.5436893203883495,168,309,6.837347108538534
338,8.094767895109854,19.529411764705884,4.099397590361446,1728,6.578181818181822,7.470232620320856,37.0,8.286042780748666,70.23024064171126,10.67379679144385,1.0,0.0,0.0,0.0,15.0,0.18373493975903615,34,29.058823529411764,12,0,0,1,2,0,4,0,17,11.08844711333714,4.77484670231729,7.0,0.5030120481927711,167,332,6.745128301922046
339,12.051610738255036,19.666666666666668,4.88135593220339,1789,10.962962962962962,9.722418383838384,60.0,11.043784511784516,51.150121212121206,13.980606060606062,0.0,1.0,0.0,0.0,10.142857142857142,0.27796610169491526,33,27.666666666666668,16,0,0,1,6,0,2,1,15,13.662883650711645,5.86042962962963,9.0,0.5525423728813559,163,295,6.794202863543978
340,7.7851954397394145,15.3,4.473856209150327,1710,8.059934853420195,8.101052182410424,41.0,7.539171009771987,68.35051547231272,9.006449511400652,0.0,0.0,0.0,0.0,7.125,0.17973856209150327,27,21.7,12,0,0,1,0,0,2,0,20,10.577609850970193,4.291949348534201,7.0,0.5392156862745098,165,306,6.866518865248675
341,4.296281179138319,10.722222222222221,4.16580310880829,1039,5.421428571428574,7.721282766439909,21.0,5.152585034013608,77.51543083900228,7.416780045351475,0.0,0.0,0.0,0.0,5.1,0.12953367875647667,24,15.666666666666666,9,0,0,1,0,0,4,0,18,9.444778638647367,3.6467823129251697,4.0,0.5854922279792746,113,193,6.432334840997223
342,8.968356164383561,15.4,4.51948051948052,861,9.821917808219183,8.254084657534246,24.0,8.046465753424659,63.37764383561645,10.223561643835616,0.0,0.0,0.0,0.0,8.0,0.18831168831168832,43,19.6,9,0,0,1,0,0,0,0,10,11.407655852321103,4.488010958904109,7.0,0.5909090909090909,91,154,6.132538869486312
343,10.11979885057471,20.176470588235293,4.498542274052478,1970,8.932173913043481,9.713195652173914,68.0,9.465289855072466,61.339094202898565,11.144927536231885,0.0,0.0,0.0,0.0,7.0,0.21865889212827988,32,26.666666666666668,20,0,0,1,0,0,6,0,17,11.538034831475386,5.3612101449275364,8.0,0.6034985422740525,207,343,7.257028507221409
344,7.957887700534759,16.5625,4.362264150943396,1475,7.800757575757576,8.653311853832442,37.0,6.110409982174691,78.91355614973266,7.575401069518716,0.0,0.0,0.0,0.0,7.2857142857142865,0.12075471698113208,37,20.88235294117647,16,0,0,1,2,0,8,0,16,7.928766900206845,4.3642531194295895,7.0,0.6113207547169811,162,265,6.832841218075455
345,14.43011494252874,53.4,4.52434456928839,1524,10.35478927203065,11.101864597701148,58.0,12.266394636015324,53.605568965517264,14.271417624521076,0.0,0.0,0.0,0.0,11.4,0.21348314606741572,120,37.6,19,0,0,1,0,0,4,0,5,12.516099999999998,7.023314559386973,11.0,0.5580524344569289,149,267,6.522911720868159
346,13.234564796905225,37.0,4.212837837837838,1589,8.692907801418443,8.883560090264346,44.0,10.141515151515154,68.01409090909092,12.09851708575113,1.0,0.0,0.0,0.0,18.666666666666668,0.14527027027027026,70,36.54545454545455,20,0,0,1,0,0,12,0,8,9.80015041476705,5.856564152159896,8.0,0.5574324324324325,165,296,6.8496805375353595
347,10.380208791208787,18.333333333333332,4.667532467532467,2260,9.555555555555557,9.120272905131046,64.0,9.220915466961976,61.776511627906984,12.022591362126246,0.0,0.0,0.0,0.0,10.333333333333334,0.21298701298701297,42,24.904761904761905,27,0,0,1,0,1,11,0,21,11.765960540728905,5.459650793650793,9.0,0.4805194805194805,185,385,6.941534231679206
348,6.483372409462003,17.625,4.0,1454,5.810000000000002,7.6114411764705885,30.0,6.468529411764706,78.02235294117649,8.159663865546218,0.0,0.0,0.0,0.0,7.428571428571429,0.11702127659574468,32,24.11764705882353,16,0,0,1,0,0,5,0,16,9.168548406835143,4.267067226890756,5.0,0.5921985815602837,167,282,6.921607774236309
349,10.691835820895527,16.095238095238095,4.834319526627219,2023,10.671044776119405,10.7833,76.0,9.857723880597018,54.221212686567185,13.505970149253734,0.0,0.0,0.0,0.0,8.571428571428571,0.22485207100591717,40,22.45,20,0,0,1,2,1,2,1,21,12.941063947141263,5.716570895522388,9.0,0.6035502958579881,204,338,7.2763299708280025
350,8.91184364548495,19.533333333333335,4.354948805460751,1631,7.62006688963211,9.421861538461538,50.0,8.825884197324417,65.0698630852843,10.551923076923078,1.0,0.0,0.0,0.0,11.8,0.18430034129692832,33,26.9375,18,0,0,1,0,0,6,0,15,10.686352973137792,5.372265259197324,8.0,0.5938566552901023,174,293,6.901291593355554
351,9.519152542372879,31.6,4.572784810126582,1794,10.78979591836735,10.346138095238096,81.0,8.814217687074834,56.804591836734716,10.770068027210884,0.0,0.0,0.0,0.0,7.857142857142858,0.23417721518987342,69,19.333333333333332,21,0,0,1,2,0,0,0,10,11.013438906972478,5.474904761904762,9.0,0.6012658227848101,190,316,6.9947181199310595
352,12.6882183908046,21.833333333333332,4.790076335877862,1548,10.816858237547894,8.889667816091954,42.0,10.298630268199236,59.96564655172416,11.918390804597701,0.0,0.0,0.0,0.0,15.0,0.2633587786259542,45,30.0,8,0,0,1,2,0,0,0,12,11.698219412168324,5.6521101532567055,10.0,0.5534351145038168,145,262,6.555307289556572
353,12.026376720901126,22.352941176470587,4.573684210526316,2163,9.517021276595749,8.597045932415519,63.0,11.112478097622027,54.78558823529414,13.208760951188987,1.0,0.0,0.0,1.0,12.4,0.1868421052631579,34,31.41176470588235,21,0,0,1,0,0,2,1,17,12.526319926815653,5.5586520650813505,11.0,0.5078947368421053,193,380,7.070315969370307
354,5.239492251895811,13.0,4.165680473372781,1799,6.126190476190477,7.214369444444444,35.0,5.242500000000003,79.64138888888891,7.35873015873016,0.0,0.0,0.0,0.0,6.125,0.13313609467455623,25,18.0,22,0,0,1,0,2,2,0,26,8.515128840125781,3.7454523809523805,6.0,0.5236686390532544,177,338,6.8387058860089045
355,9.022597547380158,25.0,4.74,2054,9.80343839541547,7.6919054565840295,44.0,8.010920642830449,64.65468169926501,9.049507910801047,1.0,0.0,0.0,0.0,7.7142857142857135,0.26571428571428574,55,20.91304347826087,15,3,0,1,2,0,4,0,14,10.176274734539398,4.604882770649059,7.0,0.49714285714285716,174,350,6.868074369897363
356,8.50170744680851,18.153846153846153,4.61864406779661,1361,9.012765957446813,6.985468085106383,29.0,7.762805851063835,65.5671875,8.59840425531915,0.0,0.0,0.0,0.0,5.444444444444445,0.1906779661016949,46,19.9375,9,0,0,1,0,3,8,0,13,9.673873057562805,4.117597074468085,8.0,0.4830508474576271,114,236,6.268345332806734
357,11.088393655371299,22.0625,4.742209631728045,2158,10.658988764044945,10.686690065050266,81.0,9.815121230041395,58.0654198698995,11.65204021289178,0.0,0.0,0.0,0.0,16.0,0.2096317280453258,51,26.42105263157895,23,0,0,1,0,0,14,0,16,11.520995432342353,5.848310467179184,10.0,0.5807365439093485,205,353,7.15271273396058
358,4.919616788321168,10.76923076923077,4.139285714285714,1475,6.03003663003663,5.9358648351648355,22.0,4.5363598901098925,82.79926510989013,6.015201465201465,0.0,0.0,0.0,0.0,5.111111111111111,0.11071428571428571,22,15.708333333333334,8,4,0,1,0,1,2,0,26,8.59863814320734,3.198918956043956,5.0,0.5071428571428571,142,280,6.64194454483788
359,9.26975352112676,14.25,4.856140350877193,1706,10.543661971830986,10.12307352112676,56.0,7.855746478873243,64.03256338028169,9.341971830985916,0.0,0.0,0.0,0.0,6.375,0.256140350877193,24,18.6,4,0,0,1,0,0,0,0,20,10.125756701596842,4.900354929577464,9.0,0.5508771929824562,157,285,6.64864219496467
360,10.573854251012143,67.6,4.65680473372781,1944,10.640740740740739,9.59944015594542,65.0,10.144476933073427,52.7043567251462,12.87043534762833,0.0,0.0,0.0,1.0,11.5,0.23372781065088757,135,23.526315789473685,13,0,0,1,0,1,0,0,5,13.023866798666859,5.340334632878493,9.0,0.5295857988165681,179,338,6.942452618297365
361,10.296470588235294,15.444444444444445,4.838129496402877,1679,10.805755395683452,10.581850486669488,56.0,9.081891663140073,59.07633305120612,11.577147693609817,0.0,0.0,0.0,0.0,10.333333333333334,0.26618705035971224,30,21.529411764705884,15,0,0,1,0,1,2,0,18,11.670169846198839,5.681455353364367,9.0,0.5431654676258992,151,278,6.72428002031646
362,10.701791443850269,18.7,4.644385026737968,2182,9.756149732620319,9.334795401069519,74.0,9.43455080213904,60.72829679144385,11.865026737967916,0.0,1.0,0.0,0.0,12.2,0.22727272727272727,38,25.95,24,0,0,1,0,0,0,0,20,11.886574207783884,5.430245454545455,8.0,0.5802139037433155,217,374,6.990505162436347
363,12.755734463276838,23.6,4.536723163841808,2038,9.756940509915015,10.216189593956564,61.0,11.839558073654391,52.09427573182248,14.399169027384326,1.0,0.0,0.0,0.0,10.5,0.2344632768361582,41,33.666666666666664,9,0,0,1,0,2,0,0,15,13.662883650711645,6.252384135977337,9.0,0.5141242937853108,182,354,6.865165172079355
364,1.583371040723982,8.037037037037036,3.8433179723502304,1118,2.564976958525346,6.1310843317972346,14.0,1.8970161290322594,95.26552419354839,4.574654377880185,1.0,0.0,0.0,0.0,3.666666666666667,0.08755760368663594,18,11.607142857142858,8,7,0,1,0,7,22,0,27,6.5431188927421005,2.5262200460829494,1.0,0.5806451612903226,126,217,6.568403894547473
365,14.597620320855619,27.818181818181817,4.627450980392157,1742,9.956209150326796,8.937981164587047,53.0,12.689156268568038,53.63483957219253,14.65668449197861,0.0,0.0,0.0,0.0,13.0,0.21895424836601307,40,37.54545454545455,10,0,0,1,0,0,0,0,11,13.023866798666859,6.616265597147949,12.0,0.5196078431372549,159,306,6.872185443190533
366,3.799435483870969,17.263157894736842,3.9207317073170733,1716,5.188414634146344,7.482775365853659,39.0,6.419414634146342,78.248756097561,8.389268292682926,0.0,0.0,0.0,0.0,8.666666666666666,0.16463414634146342,68,24.9,22,0,0,1,0,0,6,2,19,9.516144504307135,4.2264,6.0,0.5579268292682927,183,328,6.838640324692806
367,10.284919064748202,17.375,4.755395683453237,1638,10.17111913357401,9.454514079422381,67.0,9.223968862815884,59.76678361913358,10.679512635379062,0.0,0.0,0.0,0.0,10.166666666666666,0.20863309352517986,30,23.6875,18,0,0,1,0,0,4,0,16,11.20814326018867,5.515441561371841,9.0,0.6223021582733813,173,278,6.92773583973671
368,10.781564455569459,17.6875,4.957597173144876,1713,11.189361702127659,10.058567250730079,67.0,9.667355027117235,55.2979411764706,11.741677096370465,0.0,1.0,0.0,0.0,9.0,0.2826855123674912,44,22.529411764705884,12,0,0,1,0,0,0,0,16,11.78182255692154,5.678650396328743,10.0,0.6113074204946997,173,283,6.970385749195036
369,17.26056277056277,41.125,4.680851063829787,1944,12.14793650793651,10.771339826839828,70.0,14.158499278499278,44.55766233766235,16.152958152958153,1.0,0.0,0.0,0.0,13.4,0.24012158054711247,69,38.54545454545455,23,0,0,1,2,0,12,0,8,14.02287970970757,7.388473304473305,13.0,0.5075987841945289,167,329,6.89097808854205
370,6.731805555555553,15.11111111111111,4.25,1461,6.891176470588238,7.694944934640523,24.0,6.571715686274512,74.86119281045754,8.691503267973856,0.0,0.0,0.0,0.0,10.833333333333334,0.13602941176470587,31,21.77777777777778,12,0,0,1,0,0,0,0,18,10.380263240014207,4.234372549019607,6.0,0.48161764705882354,131,272,6.442452490857621
371,6.631363636363634,14.227272727272727,4.34185303514377,1708,7.173248407643317,7.00961835552982,33.0,5.421586566299943,81.61378691372322,7.49253039953677,0.0,0.0,0.0,0.0,7.666666666666666,0.14696485623003194,28,19.772727272727273,12,0,0,1,0,1,0,0,22,8.438071523408619,4.001773016792125,6.0,0.4504792332268371,141,313,6.525175288029239
372,8.498793791574279,18.272727272727273,4.2164179104477615,2215,7.180693069306933,8.338499729972998,48.0,7.198055805580562,76.16373087308733,9.325652565256526,0.0,0.0,0.0,0.0,8.833333333333334,0.11194029850746269,32,25.636363636363637,20,2,0,1,4,1,2,0,22,9.218907990703514,4.535203420342034,8.0,0.5621890547263682,226,402,7.267101861416307
373,13.338401759530797,18.210526315789473,5.329479768786127,2240,13.794134897360703,10.409218123167156,90.0,10.576215542521997,49.604323313783,12.802404692082114,0.0,1.0,0.0,0.0,7.0,0.2745664739884393,37,21.8,24,0,0,1,2,2,6,1,19,12.516099999999998,5.714604252199413,12.0,0.6184971098265896,214,346,7.337994637517273
374,8.43826229508197,15.842105263157896,4.578073089700997,1746,8.562500000000004,9.58449894736842,56.0,7.611026315789477,67.56818421052633,9.237894736842106,1.0,0.0,0.0,0.0,7.125,0.2059800664451827,37,21.65,20,0,0,1,4,2,2,2,19,10.241411754978124,4.877594736842106,7.0,0.5980066445182725,180,301,7.070688167495517
375,11.399100303951364,17.46153846153846,5.096916299559472,1455,11.899999999999999,10.538605494505495,58.0,11.301221001221005,43.80846153846156,14.54896214896215,0.0,0.0,0.0,0.0,13.6,0.32158590308370044,45,23.5,14,0,0,1,0,0,0,0,13,14.554592549557764,5.841868131868132,10.0,0.5638766519823789,128,227,6.425709814413056
376,7.608897535667964,14.444444444444445,4.415384615384616,1454,8.153725490196077,8.549833333333334,42.0,7.241666666666664,68.37583333333336,8.647058823529411,0.0,0.0,0.0,0.0,7.7142857142857135,0.16538461538461538,26,20.5,15,1,0,1,4,2,0,0,18,10.125756701596842,4.489049019607842,7.0,0.573076923076923,149,260,6.8102466674581486
377,3.2734222314824457,11.448275862068966,3.891566265060241,1665,4.245921450151059,6.301596947598708,24.0,3.4420439629128055,90.71404833836858,5.169746848630066,0.0,0.0,0.0,0.0,5.25,0.1144578313253012,31,17.03448275862069,10,0,0,1,0,0,0,0,29,6.129581340695534,3.1498554016043334,4.0,0.5090361445783133,169,332,6.802969049404412
378,7.632383298435766,15.173913043478262,4.415472779369628,1955,7.7388101983002855,8.647185601675083,54.0,7.844943958615591,66.15440694666833,9.651878310136716,1.0,0.0,0.0,0.0,5.111111111111111,0.18051575931232092,27,22.26086956521739,21,1,0,1,0,1,0,0,23,10.568078804390687,4.830238945682966,7.0,0.47564469914040114,166,349,6.652660116664933
379,15.44734793187348,22.833333333333332,5.2700729927007295,2639,13.699509803921572,10.52721274509804,92.0,12.656372549019611,44.69450980392159,15.047058823529412,0.0,1.0,0.0,0.0,17.5,0.31630170316301703,48,29.555555555555557,17,0,0,1,4,0,2,0,18,14.15073652397713,6.627647058823529,14.0,0.5279805352798054,217,411,7.258488218127939
380,5.520816683316685,16.454545454545453,3.861878453038674,1810,4.78397790055249,6.633584681064791,36.0,6.40848819688599,78.42424409844301,8.018282270215972,1.0,0.0,0.0,0.0,7.142857142857142,0.12154696132596685,41,24.045454545454547,14,0,0,1,0,4,10,0,22,8.575989854853784,4.038096433952788,6.0,0.5082872928176796,184,362,6.910208948798619
381,6.57619482173175,12.947368421052632,4.434959349593496,1378,7.564516129032253,9.059112139219016,44.0,6.34407470288625,72.8269015280136,9.092020373514432,0.0,0.0,0.0,0.0,6.25,0.17479674796747968,23,17.68421052631579,10,0,0,1,2,0,0,0,19,9.682069395223575,4.447969439728353,6.0,0.5447154471544715,134,246,6.537690315301167
382,4.262330827067668,11.772727272727273,4.003861003861004,1361,4.759848484848483,7.84867922077922,36.0,4.4204329004329,85.76136363636367,6.846753246753247,0.0,0.0,0.0,0.0,4.2,0.138996138996139,28,19.0,13,0,0,1,0,1,6,0,22,7.447530270364452,3.784298701298701,3.0,0.6138996138996139,159,259,6.843138715209372
383,13.76979578392622,51.8,4.984555984555985,1581,12.547410358565735,10.209902921646748,61.0,11.513316733067729,49.77271082337322,15.219256308100931,0.0,0.0,0.0,0.0,13.6,0.28957528957528955,82,28.0,12,0,0,1,0,0,10,0,5,14.06817628641468,6.357971115537849,13.0,0.6332046332046332,164,259,7.022549371564783
384,7.830225641025642,17.157894736842106,4.3052147239263805,3537,7.435384615384621,8.107012820512821,89.0,7.684153846153848,69.6561794871795,9.497435897435897,1.0,0.0,0.0,0.0,8.833333333333334,0.19325153374233128,42,23.94871794871795,29,1,0,1,0,0,2,1,38,9.97462318616391,4.710538461538462,7.0,0.4785276073619632,312,652,7.433196147856059
385,13.13435714285714,21.3125,4.900293255131965,2114,11.4121387283237,10.094128901734104,82.0,11.464559248554913,51.38389089595378,14.545953757225433,0.0,0.0,0.0,0.0,10.666666666666666,0.2316715542521994,37,29.125,26,0,0,1,0,0,0,0,16,13.720815070044132,6.05055274566474,10.0,0.6656891495601173,227,341,7.335989404597418
386,7.734393203883496,14.714285714285714,4.6375404530744335,1799,8.667313915857605,8.925229449838188,62.0,8.143224110032367,59.61153519417476,12.010841423948222,0.0,1.0,0.0,0.0,7.222222222222221,0.26537216828478966,40,18.625,22,0,0,1,0,4,12,0,21,11.93303328291395,5.020070792880258,7.0,0.5436893203883495,168,309,6.882471698127333
387,5.182474418604652,48.1,4.076923076923077,2495,6.75838926174497,8.002467244160034,69.0,4.461501482753238,81.59110348056814,6.663732376047033,0.0,0.0,0.0,0.0,5.875,0.13721413721413722,119,14.976744186046512,28,0,0,1,0,1,9,0,10,7.97965635744439,3.6899790853753704,5.0,0.5280665280665281,254,481,7.276984416678562
388,10.957824626865673,20.9375,4.561194029850746,1893,9.32776119402985,8.445746268656716,55.0,10.821595149253735,54.76910914179106,13.151119402985074,0.0,0.0,0.0,0.0,16.5,0.21791044776119403,38,30.0,7,0,0,1,2,0,0,1,16,12.920253819902943,5.5111875,9.0,0.5343283582089552,179,335,6.976086426683256
389,10.88666666666667,18.466666666666665,4.527075812274369,1589,10.254752851711025,9.96961340937896,53.0,9.239634980988598,60.047792141951845,10.96770595690748,0.0,0.0,0.0,0.0,11.333333333333334,0.20938628158844766,38,24.0,25,3,0,1,0,0,4,2,15,11.20814326018867,5.469374904942965,10.0,0.6064981949458483,168,277,6.987292574219984
390,12.453168316831686,25.083333333333332,4.903654485049834,1832,11.236963696369632,10.839773135313532,79.0,11.643115511551155,47.56566336633668,15.34072607260726,1.0,0.0,0.0,0.0,18.25,0.2425249169435216,55,27.666666666666668,14,0,0,1,2,0,6,0,12,14.265292616868656,6.525483828382839,10.0,0.5980066445182725,180,301,7.0240511728974875
391,9.11188191881919,22.583333333333332,3.974169741697417,1380,6.020000000000003,7.384166666666667,24.0,8.393888888888892,74.9575,10.333333333333334,1.0,0.0,0.0,0.0,11.0,0.12546125461254612,36,34.0,15,0,0,1,0,0,0,1,12,9.075114841892004,4.903351851851852,8.0,0.5313653136531366,144,271,6.652822901457235
392,11.588913043478264,57.4,5.10801393728223,1807,13.59927272727273,11.2661,78.0,10.540500000000002,43.98275000000001,13.5,0.0,0.0,0.0,0.0,7.25,0.2926829268292683,74,18.05,10,0,0,1,2,1,2,0,5,12.941063947141263,5.811204545454546,10.0,0.578397212543554,166,287,6.9019682366659705
393,9.050928381962862,15.16,4.796833773087071,2237,10.135106382978723,10.023074222585926,86.0,9.225000000000001,54.68153846153848,10.359083469721767,0.0,0.0,0.0,0.0,8.571428571428571,0.2532981530343008,22,19.307692307692307,9,0,0,1,0,0,2,0,25,11.130083040563491,5.46265139116203,9.0,0.554089709762533,210,379,7.122722308867809
394,10.989028810408918,16.9375,4.940959409594096,1643,11.578277153558055,9.727533333333334,57.0,10.717375936329589,47.94662570224719,12.967134831460676,0.0,0.0,0.0,0.0,12.6,0.24723247232472326,31,23.0625,9,0,0,1,2,1,0,0,16,12.602617957971052,5.639877574906366,10.0,0.5608856088560885,152,271,6.625178134451105
395,6.074171498857847,13.4,4.376865671641791,1484,7.310037174721188,7.793785466454239,33.0,5.548465215082317,78.09801734820324,8.543883873251904,1.0,0.0,0.0,0.0,5.444444444444445,0.17537313432835822,22,18.285714285714285,6,0,0,1,0,1,0,0,20,9.236282656511921,4.179715347849177,5.0,0.5111940298507462,137,268,6.5285134421571485
396,10.587397435897437,17.533333333333335,4.771863117870723,1548,10.443846153846152,10.20492564102564,62.0,9.913846153846155,54.857820512820524,11.856410256410257,0.0,0.0,0.0,0.0,12.4,0.22433460076045628,35,24.333333333333332,13,0,0,1,0,0,0,0,15,12.10132525352546,5.962230769230768,9.0,0.6273764258555133,165,263,6.924702214425219
397,5.647472400724997,14.1,4.23404255319149,1536,6.5151943462897535,7.708417280834595,34.0,6.719424533064114,70.8902355712603,8.64135958270234,1.0,0.0,0.0,0.0,5.555555555555555,0.1702127659574468,37,19.38095238095238,15,1,0,1,0,0,4,1,20,9.725611199111238,4.19780010095911,5.0,0.5390070921985816,152,282,6.786271818460167
398,9.57213622291022,17.05263157894737,4.682098765432099,1896,9.686335403726712,8.01478049689441,42.0,8.53558385093168,62.54256832298138,9.669813664596274,0.0,0.0,0.0,0.0,7.142857142857142,0.2006172839506173,46,21.85,32,0,0,1,0,0,2,0,19,10.793553405168563,4.684876397515527,8.0,0.5092592592592593,165,324,6.798490031511752
399,10.179705882352941,15.6875,4.812749003984064,1539,10.952380952380953,10.432938095238097,68.0,10.172341269841272,50.184464285714284,12.49047619047619,0.0,0.0,0.0,0.0,12.166666666666666,0.24701195219123506,35,21.625,9,0,0,1,8,0,2,0,16,12.38480682065935,5.6192738095238095,9.0,0.6215139442231076,156,251,6.6833615939548965
400,9.752319442138472,15.789473684210526,4.636666666666667,1855,9.327848101265822,11.656869353764158,64.0,9.04441705529647,59.84128914057297,11.589340439706863,0.0,0.0,0.0,0.0,11.0,0.25333333333333335,34,23.263157894736842,21,0,0,1,6,0,0,0,19,11.920831013317361,5.252407061958694,10.0,0.6166666666666667,185,300,7.129280107758762
401,10.333808139534884,55.4,4.534296028880866,1557,10.747859922178993,9.041176653696498,55.0,9.040133754863817,58.85841074902726,11.24990272373541,0.0,0.0,0.0,0.0,11.166666666666666,0.22382671480144403,80,22.375,11,0,0,1,0,1,0,0,5,11.698219412168324,5.14505763618677,10.0,0.592057761732852,164,277,6.8930617071543
402,14.084645608628655,80.33333333333333,4.912863070539419,1477,11.967796610169493,9.85246748844376,47.0,10.97727272727273,54.5738906009245,12.480123266563945,0.0,1.0,0.0,0.0,12.8,0.2987551867219917,119,28.727272727272727,14,0,0,1,4,0,16,1,3,13.172668634160413,5.759006163328197,12.0,0.6514522821576764,157,241,6.837245648883698
403,9.363363351071087,19.833333333333332,4.484593837535014,2014,8.809742120343838,8.08028900259244,45.0,6.748735161686454,76.27784145176696,8.02297721380816,0.0,0.0,0.0,0.0,8.333333333333334,0.1876750700280112,55,22.428571428571427,20,2,0,1,0,2,6,7,18,8.11559375814309,4.586870241506345,7.0,0.5266106442577031,188,357,7.092105931834193
404,2.5130681818181806,12.428571428571429,3.7126436781609193,1270,3.093536121673008,5.550281956446595,8.0,3.429687175941929,91.76577514690635,5.238091946076738,0.0,0.0,0.0,0.0,5.625,0.07662835249042145,22,18.772727272727273,2,1,0,1,0,2,6,0,21,6.7829847944221076,2.85158710680954,2.0,0.5287356321839081,138,261,6.508810583979019
405,11.080930232558138,22.333333333333332,4.3283582089552235,724,8.810852713178296,8.25258992248062,17.0,9.534534883720934,64.99854651162792,11.08062015503876,0.0,0.0,0.0,0.0,12.0,0.11194029850746269,42,30.333333333333332,5,0,0,1,0,0,0,0,6,10.864195022040775,5.537166666666666,10.0,0.5522388059701493,74,134,5.871648052783807
406,18.78727272727273,29.90909090909091,5.25531914893617,2099,13.691185410334349,11.647164161370545,95.0,17.737767339043938,21.16298701298706,20.59585520862117,0.0,0.0,0.0,0.0,18.5,0.3343465045592705,43,40.63636363636363,13,0,0,1,0,0,10,0,11,18.14513906131404,8.166820116054158,17.0,0.5288753799392097,174,329,6.843867402895198
407,5.517308825810456,14.0,4.009740259740259,1586,5.601954397394135,7.24186534822398,38.0,6.523806421591438,74.3282627578719,7.9323096013649765,1.0,0.0,0.0,0.0,8.166666666666666,0.1331168831168831,35,22.238095238095237,12,0,0,1,0,2,2,1,22,8.704169506293173,3.9647808282922283,6.0,0.512987012987013,158,308,6.640888337682152
408,7.045150521609539,13.818181818181818,4.457236842105263,1702,8.064686468646869,8.853389648964896,54.0,7.033508850885092,69.16657290729076,9.33747374737474,0.0,0.0,0.0,0.0,6.75,0.1611842105263158,22,18.863636363636363,14,0,0,1,0,0,0,0,22,9.80015041476705,4.6258390339033895,8.0,0.5921052631578947,180,304,7.015117696981813
409,28.09622009569378,54.5,5.63302752293578,1496,18.27804878048781,14.52790487804878,75.0,23.88487804878049,-3.1546341463414365,26.15609756097561,0.0,0.0,0.0,0.0,37.0,0.3669724770642202,120,51.2,6,0,0,1,4,0,0,0,4,21.9031,10.815121951219512,17.0,0.5825688073394495,127,218,6.66048574472705
410,9.009277522935779,16.285714285714285,4.62719298245614,1312,10.242396313364058,9.402748387096775,44.0,8.079098502304149,61.295790610599084,9.111635944700462,1.0,0.0,0.0,0.0,6.444444444444445,0.21929824561403508,45,18.125,11,0,0,1,0,0,6,0,14,10.411451182825502,4.851773329493087,8.0,0.6228070175438597,142,228,6.775291247200114
411,6.988058720420685,16.25,4.2615384615384615,1758,7.110493827160493,7.03342380952381,31.0,6.816031746031747,73.67500000000003,7.6529100529100536,0.0,0.0,0.0,0.0,8.333333333333334,0.14461538461538462,43,21.761904761904763,9,0,0,1,2,0,0,0,20,9.236282656511921,4.0230705467372125,6.0,0.47692307692307695,155,325,6.709363143557631
412,6.4109890109890095,15.055555555555555,4.162361623616236,1451,6.3074074074074105,7.480018518518519,34.0,6.037037037037038,78.49666666666668,8.074074074074074,0.0,0.0,0.0,0.0,5.444444444444445,0.15867158671586715,24,22.5,25,0,0,1,0,6,0,2,18,8.841846274778883,4.164370370370371,5.0,0.5756457564575646,156,271,6.794393652557994
413,4.209492835595778,13.290322580645162,4.009708737864078,2176,4.706142506142509,6.986233534933534,38.0,3.73012285012285,86.90693756693759,6.1399609399609405,1.0,0.0,0.0,0.0,7.2857142857142865,0.11650485436893204,24,15.538461538461538,30,0,0,1,0,1,32,0,31,7.793537801064561,3.3247121527121526,6.0,0.5048543689320388,208,412,7.106292812408488
414,7.6353208556149745,20.88888888888889,4.191489361702128,2006,6.8374331550802125,7.435047593582888,43.0,6.973155080213907,75.3473796791444,8.297326203208556,0.0,0.0,0.0,0.0,7.0,0.13031914893617022,44,24.59090909090909,20,1,0,1,0,2,12,0,18,8.296473431620573,4.362737967914438,6.0,0.5558510638297872,209,376,7.121614646339021
415,10.820952380952384,14.8125,4.751054852320675,1495,9.898412698412699,11.547077777777778,55.0,8.802222222222223,64.015,11.326984126984128,0.0,0.0,0.0,0.0,9.0,0.2320675105485232,27,25.285714285714285,22,0,0,1,0,0,4,0,16,10.914260884657427,5.595253968253967,8.0,0.5864978902953587,139,237,6.587887212267282
416,15.620824392998308,14.363636363636363,6.272151898734177,1181,18.591139240506326,12.343873072497123,58.0,14.657387802071348,15.559706559263532,17.137859608745686,0.0,0.0,0.0,0.0,15.4,0.44936708860759494,34,18.272727272727273,5,0,0,1,2,0,0,0,11,14.937675812826573,6.619968929804372,14.0,0.6582278481012658,104,158,6.415853034490155
417,8.850110212335693,18.130434782608695,4.398081534772182,2342,7.827505827505828,8.68397882841796,65.0,8.600431742170873,66.62332319854062,10.817512921860748,1.0,1.0,0.0,0.0,10.833333333333334,0.18705035971223022,31,26.782608695652176,15,0,0,1,2,0,0,4,23,10.940254816364696,5.072686125468733,8.0,0.5035971223021583,210,417,7.051621661100417
418,14.13669312169312,22.928571428571427,5.006230529595015,1981,11.981308411214954,10.381420694259013,72.0,12.577688028482424,45.7251168224299,15.277347574543837,0.0,0.0,0.0,0.0,11.166666666666666,0.2772585669781931,44,32.0,24,0,0,1,0,0,2,0,14,14.656154480655498,6.5367260792167325,10.0,0.5794392523364486,186,321,6.99685352684658
419,15.356471264367812,80.0,4.590625,1810,12.595172413793108,10.225545977011496,69.0,12.38948275862069,49.279626436781626,14.632183908045977,0.0,0.0,0.0,0.0,22.0,0.178125,117,32.916666666666664,22,2,0,1,0,0,0,0,4,13.81666964889586,6.411327586206896,12.0,0.609375,195,320,7.109687931297923
420,14.839714661984196,35.72727272727273,5.096692111959287,2490,12.292269326683293,10.397947792283997,76.0,12.059785829543788,50.613140677717496,13.225817808420127,0.0,0.0,0.0,0.0,14.5,0.32061068702290074,59,31.11764705882353,24,0,0,1,0,0,10,0,11,12.000913495891488,6.545489804899516,11.0,0.4631043256997455,182,393,6.94411751759611
421,3.0806015037593966,9.137931034482758,4.052830188679246,1382,4.447547169811319,6.966004043126684,22.0,3.062580862533693,89.96233490566041,5.144204851752022,0.0,0.0,0.0,0.0,4.0,0.1509433962264151,20,14.642857142857142,6,0,0,1,0,0,8,0,29,7.021680442328713,3.179502021563342,3.0,0.5094339622641509,135,265,6.468732251447411
422,13.035424174174175,52.5,5.063492063492063,1946,13.890847457627117,10.872439736346516,73.0,10.801666666666666,46.81044726930321,13.33521657250471,0.0,0.0,0.0,0.0,10.571428571428571,0.30158730158730157,91,22.0,10,0,0,1,0,0,10,0,6,13.205437297517054,5.890172316384181,10.0,0.5333333333333333,168,315,6.843343352133462
423,11.101221703197986,18.736842105263158,4.98876404494382,2261,11.72396694214876,11.509592873398013,86.0,9.841801413342917,52.61234638878912,11.822685351539107,0.0,0.0,0.0,0.0,10.666666666666666,0.26685393258426965,30,21.47826086956522,18,0,0,1,4,0,0,0,19,12.122386844133771,5.788865732423044,11.0,0.5337078651685393,190,356,6.926171307171819
424,8.210699951052376,12.61111111111111,4.58590308370044,1356,9.588340807174887,11.190092027902342,58.0,6.703550074738416,69.06745266567017,8.184255107125063,0.0,0.0,0.0,0.0,5.333333333333333,0.1894273127753304,25,16.61111111111111,19,0,0,1,0,2,0,0,18,9.150863307647796,5.13112481315396,8.0,0.5947136563876652,135,227,6.622000996729514
425,12.628464247020581,22.076923076923077,4.7456445993031355,1678,10.660563380281694,9.445949512459372,46.0,12.12577464788733,47.037210184182044,14.231419284940413,0.0,0.0,0.0,0.0,16.5,0.2229965156794425,52,30.53846153846154,16,8,0,1,0,0,0,0,13,13.274406872562384,6.008744312026002,12.0,0.5156794425087108,148,287,6.598339641403798
426,15.8113986013986,29.818181818181817,5.076219512195122,2049,12.47333333333334,10.876637529137529,74.0,13.65484848484849,42.37688811188812,16.335664335664337,0.0,0.0,0.0,0.0,16.75,0.27134146341463417,65,34.30769230769231,15,0,0,1,0,0,10,0,11,14.772240535888997,7.128533799533798,15.0,0.5457317073170732,179,328,6.863558143986757
427,6.499207373271894,14.619047619047619,4.156351791530945,1663,6.439482200647248,8.249953166897829,32.0,5.958280166435507,78.55242718446603,7.698012020342117,0.0,0.0,0.0,0.0,8.833333333333334,0.12052117263843648,33,21.428571428571427,17,0,0,1,8,0,0,0,21,8.269060116576782,4.110478039759593,7.0,0.4527687296416938,139,307,6.5175736510878455
428,10.944693251533742,26.416666666666668,4.596214511041009,1865,9.267901234567905,10.440313580246913,60.0,10.298858024691363,57.29236111111112,11.433333333333335,0.0,0.0,0.0,0.0,11.8,0.19873817034700317,49,27.875,22,0,0,1,4,0,4,0,12,11.45678717892309,5.791163580246913,10.0,0.5615141955835962,178,317,6.958856409949754
429,15.290192307692308,94.33333333333333,5.102473498233215,1734,14.932307692307688,11.12669230769231,73.0,12.587692307692311,40.43730769230771,14.0,0.0,0.0,0.0,1.0,11.166666666666666,0.26855123674911663,99,26.692307692307693,16,0,0,1,2,0,0,0,3,13.397384779245865,6.635923076923076,10.0,0.5300353356890459,150,283,6.610258795522605
430,8.477262265293763,19.384615384615383,4.190476190476191,1339,6.889763779527559,7.589544700181708,19.0,7.267795275590554,77.75621744397337,8.917746820109025,0.0,0.0,0.0,0.0,10.6,0.0873015873015873,31,27.615384615384617,12,0,0,1,0,0,0,0,13,8.384062270229773,4.23723016353725,7.0,0.6190476190476191,156,252,6.587546453938841
431,4.457678571428573,10.428571428571429,3.863013698630137,1107,4.445662100456623,6.4515732420091325,22.0,5.40628310502283,82.30641095890414,6.75324200913242,0.0,0.0,0.0,0.0,4.888888888888889,0.1187214611872146,50,21.266666666666666,17,6,0,1,0,1,0,0,21,8.238735603445708,3.8007963470319632,4.0,0.6301369863013698,138,219,6.667848062227148
432,12.798613559865366,21.352941176470587,4.865013774104683,2192,11.00708446866485,9.526023064593685,79.0,11.220692418656835,53.06681038627988,12.99496714217022,0.0,0.0,0.0,0.0,10.5,0.22865013774104684,40,28.88235294117647,22,0,0,1,0,0,2,0,17,12.42361498592204,5.898200032056419,11.0,0.5977961432506887,217,363,7.290526132263097
433,8.653576537911299,246.0,4.3861788617886175,1336,9.078969957081547,9.760644320457796,39.0,7.433665236051503,69.43347353361948,10.333505007153077,0.0,0.0,0.0,0.0,6.75,0.18699186991869918,246,21.266666666666666,8,0,0,1,0,0,0,0,1,10.793553405168563,4.653234334763948,8.0,0.5121951219512195,126,246,6.429874885138212
434,13.196734693877552,21.214285714285715,4.895622895622895,1799,11.652380952380955,9.887725850340136,63.0,11.54421768707483,49.699591836734726,13.161904761904763,0.0,0.0,0.0,0.0,13.6,0.24242424242424243,32,28.357142857142858,15,0,0,1,0,0,4,0,14,13.371156678226303,5.993877551020407,12.0,0.6060606060606061,180,297,7.028165118385148
435,9.426809523809524,54.833333333333336,4.547112462006079,1851,9.737142857142857,9.28001746031746,62.0,7.784246031746033,67.30589285714287,9.601587301587301,0.0,0.0,0.0,0.0,6.25,0.17933130699088146,116,21.6,14,0,0,1,2,2,0,0,6,10.125756701596842,4.943559523809524,9.0,0.5349544072948328,176,329,6.78293871511676
436,4.7069343065693445,14.368421052631579,4.003663003663004,1395,5.154744525547446,6.50587401459854,21.0,5.127452554744526,82.70249270072996,6.793868613138686,1.0,0.0,0.0,0.0,7.833333333333334,0.11355311355311355,30,20.2,5,0,0,1,0,0,2,0,19,8.07648339933343,3.4925978102189776,4.0,0.5201465201465202,142,273,6.637257620252365
437,9.8951871657754,16.347826086956523,4.742021276595745,2245,10.261290322580646,10.772235483870968,94.0,9.58241935483871,53.96862903225809,11.361290322580645,1.0,1.0,0.0,0.0,7.0,0.26861702127659576,47,21.5,21,0,0,1,2,1,4,0,23,11.698219412168324,5.844930107526881,9.0,0.5797872340425532,218,376,7.187643604036621
438,11.617737704918035,23.76923076923077,4.631067961165049,1790,10.24158415841584,10.318651023102312,60.0,10.280079207920792,57.33794059405943,12.304422442244224,1.0,0.0,0.0,0.0,10.833333333333334,0.2168284789644013,58,27.733333333333334,14,0,0,1,2,0,8,0,13,11.979248473330827,5.872678547854786,9.0,0.5857605177993528,181,309,7.008543026907892
439,10.18356858281161,17.428571428571427,4.754098360655738,1457,9.792828685258968,9.495518099032441,48.0,9.54875640295959,58.53550796812752,10.996129766647696,1.0,0.0,0.0,0.0,10.166666666666666,0.22540983606557377,32,24.285714285714285,10,0,0,1,0,0,0,0,14,12.031772070788634,5.4227054638588505,9.0,0.5860655737704918,143,244,6.62041228146801
440,10.689560439560438,28.545454545454547,5.070063694267516,1945,13.324489795918371,9.944062218733649,63.0,9.69074829931973,45.725039246467816,13.094505494505496,0.0,0.0,0.0,0.0,6.777777777777778,0.321656050955414,59,15.5,12,0,0,1,0,0,0,0,11,12.435523402062767,5.241547880690737,9.0,0.4681528662420382,147,314,6.544782498211823
441,12.401022336769763,31.916666666666668,4.357702349869451,2114,8.293264248704663,9.576241208981001,65.0,10.862062176165807,63.02084801381693,12.469499136442142,0.0,0.0,0.0,0.0,14.5,0.1566579634464752,82,36.666666666666664,14,0,0,1,0,0,8,0,12,10.934197308810441,6.138384455958549,9.0,0.5274151436031331,202,383,6.9236387554221
442,5.227725759467333,12.678571428571429,4.121126760563381,1873,5.753239436619722,6.690507303077726,29.0,5.293270735524256,80.53075639019302,7.287428273343767,0.0,1.0,0.0,0.0,5.333333333333333,0.14084507042253522,27,19.0,17,4,0,1,0,1,6,0,28,8.626192665926032,3.661902973395931,4.0,0.5098591549295775,181,355,6.965313144775756
443,12.668020134228186,19.8,5.037037037037037,1828,11.91986531986532,8.180633872053873,35.0,11.282168350168352,49.44103030303032,12.903164983164984,1.0,0.0,0.0,1.0,10.833333333333334,0.2255892255892256,32,27.4,16,0,0,1,0,0,2,0,15,13.241360182570464,5.223392592592592,10.0,0.5084175084175084,151,297,6.7446863053587895
444,10.890281626163983,16.352941176470587,4.661870503597123,1618,11.654263565891473,9.958594026447788,57.0,8.57766073871409,60.59599863201095,10.256634746922025,0.0,0.0,0.0,0.0,6.75,0.20863309352517986,31,20.764705882352942,18,0,0,1,0,1,0,1,17,10.590485417798838,5.312215686274509,9.0,0.6223021582733813,173,278,6.951265826821923
445,8.037303977272725,14.363636363636363,4.620253164556962,1830,8.981761006289307,8.87196746712407,65.0,7.4875242995997695,67.1259005145798,11.06483704974271,0.0,0.0,0.0,0.0,11.6,0.21835443037974683,35,20.59090909090909,17,0,0,1,0,1,0,0,22,11.20814326018867,4.905392795883362,7.0,0.4936708860759494,156,316,6.679516200352854
446,10.77919939577039,17.526315789473685,4.933933933933934,2012,11.18368580060423,8.94154918429003,73.0,9.972657099697887,53.04097960725076,11.816374622356497,1.0,0.0,0.0,0.0,13.0,0.23723723723723725,37,22.35,13,0,0,1,0,0,2,2,19,11.698219412168324,5.3810092145015105,10.0,0.5285285285285285,176,333,6.985899518528917
447,12.383811149032994,19.4,4.969072164948454,1790,11.699315068493153,10.225882283105022,57.0,11.762958904109588,45.40030593607307,15.046940639269407,0.0,0.0,0.0,0.0,8.571428571428571,0.25773195876288657,35,26.466666666666665,12,0,0,1,4,0,4,0,15,14.265292616868656,5.910512328767123,11.0,0.584192439862543,170,291,6.9249492580313055
448,9.258515950069345,14.642857142857142,4.878048780487805,1227,10.471219512195123,9.754493031358885,47.0,8.712909407665506,58.67591463414635,10.540069686411151,1.0,0.0,0.0,0.0,7.375,0.25365853658536586,23,20.214285714285715,8,0,0,1,0,0,0,0,14,11.629938488055164,5.127057491289198,9.0,0.624390243902439,128,205,6.612253638828114
449,6.122697368421051,15.2,4.042763157894737,1565,5.721710526315789,6.923257894736842,34.0,6.525657894736842,76.7746052631579,8.636842105263158,0.0,0.0,0.0,0.0,5.875,0.125,32,23.736842105263158,10,1,0,1,0,2,0,2,20,9.93914555978268,4.141710526315789,5.0,0.5855263157894737,178,304,7.053040497633092
450,5.893473413379073,9.181818181818182,4.683168316831683,1225,8.134597156398105,7.853915252046532,22.0,5.151402412753125,75.21207561395953,5.921671693235675,0.0,0.0,0.0,0.0,4.454545454545454,0.18811881188118812,18,13.272727272727273,9,0,0,1,0,0,0,0,22,7.846244985919111,3.699375053856096,7.0,0.49504950495049505,100,202,6.063318278444869
451,11.182693452380953,21.2,4.929245283018868,1344,11.322580645161292,10.936751305683565,47.0,9.733467741935488,57.48686827956993,10.735637480798772,0.0,0.0,0.0,0.0,14.5,0.2783018867924528,82,24.666666666666668,2,0,0,1,6,0,0,0,10,10.31748142421505,5.925155529953917,10.0,0.5943396226415094,126,212,6.490731189054335
452,14.834839124839128,28.22222222222222,4.547244094488189,1464,9.582170542635659,9.95449069767442,45.0,12.146589147286821,59.036007751938,14.257364341085273,0.0,1.0,0.0,0.0,13.75,0.16535433070866143,52,38.666666666666664,18,0,0,1,0,0,0,0,9,11.429527900616531,6.881,9.0,0.515748031496063,131,254,6.482900179103246
453,6.922499999999999,14.5,4.5109717868338555,1849,7.706948640483379,9.520294763343404,56.0,6.5440370090634445,72.7095701158107,7.933585095669688,0.0,0.0,0.0,0.0,8.666666666666666,0.18495297805642633,24,19.125,22,0,0,1,0,0,2,0,22,8.72156446121922,4.654319864048338,6.0,0.5611285266457681,179,319,6.9544339409266795
454,4.9466017563955695,16.25,3.9025641025641025,1971,4.9689119170984455,6.309119612358472,31.0,5.2093897524467465,83.17710900019192,6.858414891575514,1.0,0.0,0.0,0.0,5.333333333333333,0.11538461538461539,50,21.037037037037038,25,2,0,1,0,5,6,0,24,7.662118739084242,3.612290731145653,4.0,0.5,195,390,6.9888236592240816
455,10.06501945525292,16.25,4.8,1538,10.670312499999998,10.0429515625,73.0,10.885156250000005,45.51921875000002,12.65,0.0,0.0,0.0,0.0,8.142857142857142,0.2692307692307692,33,22.9375,12,0,0,1,0,0,0,0,16,12.602617957971052,5.8496875,10.0,0.5461538461538461,142,260,6.3867995918227844
456,14.756666666666668,28.714285714285715,4.870646766169155,1198,11.74040404040404,10.685665656565657,53.0,12.716035353535357,47.977386363636384,15.152525252525255,0.0,0.0,0.0,0.0,15.5,0.22388059701492538,47,32.625,5,0,0,1,0,0,2,0,7,14.37465228746014,6.804507575757576,14.0,0.6965174129353234,140,201,6.807947398780295
457,6.679879756871035,14.75,4.273305084745763,2559,7.086993603411514,6.854835927505331,47.0,6.102483342217486,77.41519622867806,7.824120469083155,0.0,0.0,0.0,0.0,11.2,0.1504237288135593,49,21.3125,30,1,0,1,0,0,0,0,32,8.472884824447931,3.9507338086353943,6.0,0.4745762711864407,224,472,6.994161234485373
458,12.573004484304931,25.77777777777778,4.530172413793103,1304,10.156053811659191,8.495360269058295,32.0,11.203860986547088,54.45520852017938,14.121793721973095,1.0,0.0,0.0,0.0,13.4,0.22844827586206898,55,31.9,11,2,0,1,4,1,0,0,9,14.265292616868656,5.603030941704036,13.0,0.5043103448275862,117,232,6.381197726331708
459,4.38262866629773,10.538461538461538,4.102189781021898,742,5.090647482014393,7.233960763696735,12.0,3.4361151079136683,89.47151632540124,5.715771997786387,0.0,1.0,0.0,0.0,4.5,0.13138686131386862,30,15.538461538461538,5,0,0,1,2,0,10,0,13,7.010146845296333,3.2128024349750963,3.0,0.5255474452554745,72,137,5.7569911389187896
460,5.303496064467765,12.275862068965518,4.193820224719101,1960,6.202173913043481,8.127591679160421,37.0,5.872552473763118,75.56097826086959,7.141079460269864,0.0,0.0,0.0,0.0,9.0,0.14325842696629212,25,18.275862068965516,19,1,0,1,0,0,0,0,29,8.939507131559953,3.890197901049475,8.0,0.47191011235955055,168,356,6.537375436590943
461,6.983082437275989,13.62962962962963,4.475543478260869,2071,7.93333333333333,7.715576702508961,51.0,6.722043010752692,71.4086200716846,9.274551971326165,0.0,1.0,0.0,0.0,6.5,0.16032608695652173,28,19.25925925925926,12,0,0,1,0,0,0,0,27,10.082433333333334,4.215,6.0,0.49728260869565216,183,368,6.796015384930927
462,7.474865940511101,11.655172413793103,4.724852071005917,1997,9.191691394658758,9.012640568037305,75.0,7.136569520983468,65.33388353115728,8.849894022891055,1.0,0.0,0.0,0.0,10.333333333333334,0.23076923076923078,29,16.607142857142858,16,0,0,1,0,2,4,1,29,9.606745405546679,4.679655892327257,8.0,0.5739644970414202,194,338,7.099114845446108
463,10.072770562770565,16.761904761904763,4.730113636363637,2079,9.819318181818183,8.998543885281386,54.0,9.451688311688311,57.15348484848488,12.613852813852816,0.0,0.0,0.0,0.0,8.571428571428571,0.23863636363636365,29,22.80952380952381,28,0,0,1,0,3,0,0,21,13.10208751628618,5.156974025974026,8.0,0.5426136363636364,191,352,7.1741925041416685
464,10.151855237154148,15.954545454545455,4.98005698005698,2141,11.128205128205128,10.511501808497462,77.0,9.86031462901028,51.55034559643255,12.941954663693792,0.0,0.0,0.0,0.0,8.285714285714286,0.2621082621082621,38,20.91304347826087,11,0,0,1,0,0,6,0,22,12.658619537138044,5.465426483339527,9.0,0.5470085470085471,192,351,7.097682243508308
465,17.56591825149021,100.33333333333333,5.335548172757475,1914,17.21623616236162,12.070210928186206,79.0,15.094981549815504,23.968404768663078,18.96576781152427,0.0,0.0,0.0,0.0,18.5,0.3089700996677741,135,27.615384615384617,17,0,0,1,0,0,0,0,3,16.666482175067898,7.0786766959977285,17.0,0.53156146179402,160,301,6.648343212749702
466,10.361293629168287,18.05,4.825484764542936,2166,10.432328767123291,10.07917058056099,58.0,9.195694716242663,60.09141552511417,10.678408349641225,0.0,0.0,0.0,0.0,6.875,0.24930747922437674,47,23.904761904761905,13,0,0,1,2,0,0,0,20,11.111384760643409,5.4102622309197645,9.0,0.43490304709141275,157,361,6.553668318213569
467,10.715156582547884,21.166666666666668,4.559055118110236,1456,9.22608695652174,9.345033414411676,54.0,9.070355731225298,64.69576771055031,11.73718455457586,0.0,0.0,0.0,0.0,11.6,0.1968503937007874,44,27.0,12,0,0,1,0,0,10,0,12,11.51311941424646,5.622602614776527,8.0,0.594488188976378,151,254,6.742218015121063
468,4.6065000000000005,11.545454545454545,4.15748031496063,1376,5.2282352941176455,7.135735294117648,24.0,3.5466911764705884,88.55886029411765,5.9754901960784315,1.0,0.0,0.0,0.0,5.0,0.15354330708661418,25,15.041666666666666,15,2,0,1,0,5,20,0,22,7.3335674157376936,3.4837916666666664,4.0,0.5275590551181102,134,254,6.6511310577771985
469,5.8531390134529175,12.941176470588236,4.345454545454546,1206,6.986425339366516,7.210666515837104,24.0,6.35239819004525,72.67348416289595,7.914932126696833,0.0,0.0,0.0,0.0,6.375,0.15454545454545454,26,19.11764705882353,10,0,0,1,0,0,0,0,17,8.841846274778883,4.111819004524886,6.0,0.43636363636363634,96,220,5.9258038114758715
470,6.270263157894735,19.266666666666666,4.093425605536332,1529,6.116491228070178,6.559440350877193,31.0,6.032061403508774,77.19651315789474,7.805263157894737,0.0,0.0,0.0,0.0,8.666666666666666,0.1522491349480969,42,20.75,22,0,0,1,0,1,12,0,15,9.120678840339163,3.8138640350877187,5.0,0.5570934256055363,161,289,6.886914393019291
471,8.297202892618365,24.066666666666666,4.265927977839335,1935,7.962177650429805,7.899314790558057,40.0,7.053033155955795,74.09617956064949,9.398335379997272,1.0,0.0,0.0,0.0,8.5,0.14681440443213298,53,23.761904761904763,23,0,0,1,0,0,0,0,15,9.362217197678863,4.66079574293901,7.0,0.4155124653739612,150,361,6.586519428017768
472,9.95079861111111,17.5,4.66984126984127,1849,9.493416927899688,9.663359212817834,71.0,9.816964472309298,56.24506356670153,11.226819923371648,0.0,0.0,0.0,0.0,12.2,0.24126984126984127,43,24.88888888888889,13,0,0,1,2,2,8,0,18,11.750952952430431,5.629369383490072,9.0,0.5746031746031746,181,315,6.990680061211303
473,4.295073815073813,13.227272727272727,4.0893470790378,1558,4.964983164983163,7.12715868945869,34.0,4.91617845117845,80.16178904428905,6.724112924112925,0.0,0.0,0.0,0.0,4.4,0.17525773195876287,34,17.115384615384617,14,2,0,1,0,2,16,0,22,8.502166056373571,3.492078088578088,3.0,0.5945017182130584,173,291,7.015412902130272
474,20.501838383838383,44.57142857142857,5.269230769230769,2033,13.6403785488959,11.609862916228533,81.0,18.582628811777074,24.568987031195263,20.77658604977217,0.0,1.0,0.0,0.0,18.0,0.3076923076923077,67,47.55555555555556,18,0,0,1,0,0,10,0,7,17.755912252390015,8.572525762355415,17.0,0.5961538461538461,186,312,7.037313269170155
475,8.535539974503731,76.25,4.327868852459017,1660,8.966089965397924,8.871149717719906,52.0,7.980859588417413,64.93541613549448,10.374867965762157,0.0,0.0,0.0,0.0,7.375,0.17049180327868851,189,21.789473684210527,13,0,0,1,0,0,6,0,4,10.992663274268292,4.620362411218357,7.0,0.47540983606557374,145,305,6.497645107196649
476,10.942980769230765,49.57142857142857,4.812680115273775,2058,12.889743589743592,10.25416794871795,80.0,8.718846153846155,53.92615384615385,12.107692307692309,1.0,0.0,0.0,0.0,7.375,0.2478386167146974,84,16.115384615384617,24,0,0,1,2,0,10,0,7,11.807384569943707,5.149589743589743,11.0,0.5965417867435159,207,347,7.228185440199515
477,6.961167883211683,10.88,4.647058823529412,1607,8.683516483516485,10.251208923076923,60.0,6.692975824175825,66.52702417582421,8.910124542124542,0.0,0.0,0.0,0.0,6.375,0.2536764705882353,30,15.32,5,0,0,1,2,0,0,0,25,9.791249743138472,4.741357362637363,8.0,0.5514705882352942,150,272,6.7656843527929915
478,15.412966507177032,24.75,5.055555555555555,1266,11.810576923076923,11.986051923076923,54.0,13.668269230769234,43.37673076923079,16.746153846153845,0.0,0.0,0.0,0.0,17.0,0.31313131313131315,34,35.25,11,0,0,1,4,0,0,0,8,15.247664890283005,7.357884615384615,16.0,0.6111111111111112,121,198,6.491577608650776
479,11.438600288600291,21.142857142857142,4.5574324324324325,1702,9.546621621621625,9.432854633204634,48.0,10.036795366795367,60.76148648648649,12.511196911196912,0.0,0.0,0.0,0.0,8.833333333333334,0.19932432432432431,32,29.142857142857142,17,0,0,1,0,0,0,0,14,12.28987398476788,5.708656370656371,8.0,0.5202702702702703,154,296,6.783916955703505
480,6.699875816993462,15.764705882352942,4.190298507462686,1428,6.7152416356877325,8.706365646184125,39.0,7.294187623004593,70.9503258254975,9.452088344631534,1.0,0.0,0.0,0.0,8.5,0.13432835820895522,26,22.705882352941178,8,1,0,1,0,0,0,0,17,9.627879704456738,4.540749617319046,6.0,0.5485074626865671,147,268,6.662320196552054
481,6.592343750000001,12.466666666666667,4.598930481283422,1090,8.017801047120422,8.527448167539267,25.0,5.3755726439790585,77.78440608638748,7.706937172774869,0.0,0.0,0.0,0.0,6.375,0.1925133689839572,25,16.6875,5,3,0,1,0,4,2,2,15,8.660442795831768,4.098103730366492,7.0,0.4919786096256685,92,187,6.026170525779743
482,13.79986270871985,21.818181818181817,5.0875,1502,12.074897119341564,10.970233782267115,71.0,13.177717919940147,39.9312457912458,15.91455293677516,1.0,0.0,0.0,0.0,13.4,0.2833333333333333,38,30.545454545454547,14,0,0,1,2,0,2,0,11,14.811377253095038,6.962048634493078,12.0,0.6416666666666667,154,240,6.808628159813827
483,12.438220000000001,20.583333333333332,5.17004048582996,1632,12.372799999999998,11.232780000000002,64.0,9.95015,51.55482500000002,12.170000000000002,0.0,0.0,0.0,0.0,16.5,0.27530364372469635,46,21.3125,16,0,0,1,2,0,0,0,12,12.273956033585218,5.725325,11.0,0.6639676113360324,164,247,6.892479187268954
484,9.097977591036411,24.23076923076923,4.339682539682539,1740,7.867731629392974,8.484611708325502,45.0,7.839150535613609,71.65312911106936,10.048411952640482,0.0,0.0,0.0,0.0,16.25,0.18095238095238095,66,26.529411764705884,15,1,0,1,0,0,12,0,13,10.328600350310264,4.946240932155609,7.0,0.5492063492063493,173,315,6.916873797152869
485,9.933333333333334,16.842105263157894,4.746875,1925,10.110216718266255,10.206022972136223,78.0,9.413143962848299,56.33996362229104,11.042043343653251,0.0,0.0,0.0,0.0,5.666666666666667,0.259375,38,22.1,21,1,0,1,0,0,6,0,19,11.505630337794997,5.672187151702786,9.0,0.65,208,320,7.251105282224293
486,9.660657524613221,17.555555555555557,4.651898734177215,1812,9.476582278481018,8.204913783403658,44.0,9.255400843881858,59.97433895921239,10.186779184247541,1.0,0.0,0.0,1.0,10.5,0.21518987341772153,32,23.833333333333332,9,0,0,1,0,2,0,0,18,11.429527900616531,4.920029535864979,9.0,0.5189873417721519,164,316,6.873474439738258
487,15.37929292929293,32.0,4.684027777777778,1687,9.935593220338983,9.649361016949152,46.0,12.635000000000002,57.01860169491526,13.698305084745764,0.0,0.0,0.0,0.0,14.0,0.22916666666666666,44,40.0,9,1,0,1,2,0,2,0,9,11.003577315987393,6.6601949152542375,9.0,0.5659722222222222,163,288,6.844636699553183
488,8.794579646017699,18.08,4.389380530973451,2484,8.034070796460181,7.886896318584071,69.0,8.691288495575225,64.95282654867258,10.68332743362832,1.0,1.0,0.0,0.0,14.5,0.19690265486725664,44,26.36,18,1,0,1,0,1,2,0,25,10.962023055922355,4.815271150442477,7.0,0.5265486725663717,238,452,7.2289285987323195
489,10.388648648648648,18.142857142857142,4.645669291338582,1501,9.435658914728688,9.93629357696567,43.0,9.251406423034329,61.55790697674419,10.93732004429679,1.0,0.0,0.0,0.0,15.0,0.20866141732283464,31,25.071428571428573,17,0,0,1,0,0,8,0,14,11.20814326018867,5.504095238095237,9.0,0.5354330708661418,136,254,6.618740704552136
490,8.70698569245728,13.954545454545455,4.817589576547231,1864,9.846794871794874,10.179975808249722,69.0,7.8542809364548525,62.912458193979944,9.400445930880712,0.0,0.0,0.0,0.0,6.0,0.22149837133550487,26,17.869565217391305,19,0,0,1,0,0,5,0,22,10.074871250255047,5.09464437012263,9.0,0.5732899022801303,176,307,7.016378791555302
491,9.112622925391655,14.45,4.9342560553633215,1825,10.067763157894738,10.639354573934838,62.0,8.066240601503761,63.015350877192986,11.185213032581453,0.0,0.0,0.0,0.0,7.875,0.23529411764705882,28,19.428571428571427,19,0,0,1,0,0,4,1,20,11.39826440760492,4.888695488721805,10.0,0.5743944636678201,166,289,6.913415784220065
492,9.035951086956526,15.91304347826087,4.688524590163935,2124,9.448501362397817,8.128052470086484,47.0,8.606340480985665,61.7797298898235,8.998412510366071,1.0,0.0,0.0,0.0,11.0,0.27049180327868855,26,22.52173913043478,14,0,0,1,0,0,2,0,23,10.848893137575418,4.893229238241915,8.0,0.4344262295081967,159,366,6.576382912231815
493,7.709496567505717,14.9,4.429530201342282,1650,8.023489932885905,8.918295902507948,45.0,7.910063581773226,66.28666725538682,9.09247615683504,0.0,0.0,0.0,0.0,11.4,0.19798657718120805,37,22.210526315789473,8,0,0,1,0,0,0,0,20,10.186864033877495,5.012889791593077,7.0,0.5067114093959731,151,298,6.611232038081213
494,4.397734138972808,15.714285714285714,3.796969696969697,1618,4.161212121212124,6.1987424242424245,23.0,4.920606060606062,86.5009090909091,7.454545454545455,0.0,0.0,0.0,0.0,6.0,0.10303030303030303,46,22.681818181818183,11,1,0,1,0,0,2,0,21,8.150884317080207,3.6836969696969692,5.0,0.47575757575757577,157,330,6.655793684383373
495,14.308812949640291,30.88888888888889,4.503597122302159,1566,9.21438848920863,9.048077841726618,43.0,11.721064748201439,60.54317985611512,14.141582733812951,0.0,0.0,0.0,0.0,8.5,0.21942446043165467,130,39.8,23,0,0,1,0,0,2,0,9,11.979248473330827,6.1818215827338125,8.0,0.5251798561151079,146,278,6.55644289345761
496,7.107245817245818,9.76923076923077,4.551181102362205,1496,8.656916996047432,9.03971407867495,38.0,6.225567476002258,71.8865085638999,9.087822322604932,0.0,0.0,0.0,0.0,5.777777777777778,0.21653543307086615,20,16.523809523809526,9,3,0,1,0,0,0,0,26,10.398101306919678,4.10135064935065,8.0,0.5748031496062992,146,254,6.771841726900706
497,9.312028985507247,22.833333333333332,4.018248175182482,1405,6.108363636363638,7.586657575757576,31.0,9.180954545454547,70.05676515151518,11.203030303030303,0.0,0.0,0.0,0.0,11.4,0.1386861313868613,62,34.25,16,0,0,1,0,0,0,0,12,10.686352973137792,5.1647954545454535,10.0,0.5109489051094891,140,274,6.533069875104084
498,5.6808928571428545,13.076923076923077,4.305882352941176,920,6.9702380952380985,7.9912238095238095,25.0,4.963809523809527,80.84785714285714,6.704761904761906,0.0,0.0,0.0,0.0,4.6,0.1411764705882353,22,16.071428571428573,4,0,0,1,0,0,0,0,13,8.192908349453996,3.964333333333333,4.0,0.6058823529411764,103,170,6.361436618750863
499,10.96111825192802,19.45,4.6426735218509,2260,9.844215938303343,9.675127455012854,83.0,9.832003856041133,59.21458676092547,11.584627249357325,0.0,0.0,0.0,0.0,11.0,0.23136246786632392,40,27.15,21,0,0,1,0,2,0,0,20,11.505630337794997,5.6817070694087395,9.0,0.5886889460154242,229,389,7.272525711528558
