text_idx,stat_automated_readability_index,stat_avg_sent_len,stat_avg_word_len,stat_char_count,stat_coleman_liau_index,stat_dale_chall_readability_score,stat_difficult_words,stat_flesch_kincaid_grade,stat_flesch_reading_ease,stat_gunning_fog,stat_has_because,stat_has_example,stat_has_multiple_choice,stat_has_therefore,stat_linsear_write_formula,stat_long_word_ratio,stat_max_sent_len,stat_mcalpine_eflaw,stat_n_comma,stat_n_exclaim,stat_n_newlines,stat_n_paragraphs,stat_n_paren,stat_n_question,stat_n_quote,stat_n_semicolon,stat_sentence_count,stat_smog_index,stat_spache_readability,stat_text_standard,stat_ttr,stat_unique_words,stat_word_count,stat_word_entropy
0,3.5369289265867216,9.555555555555555,4.135658914728682,1378,5.324324324324323,7.605611612711613,25.0,4.51430501930502,80.4398685773686,5.992337392337393,0.0,0.0,0.0,1.0,3.583333333333333,0.13178294573643412,15,14.192307692307692,8,1,0,1,0,1,0,0,27,8.263242389622931,3.2729205524205525,3.0,0.5852713178294574,151,258,6.720332233659351
1,4.293750000000003,13.4375,3.916279069767442,1088,4.807476635514021,6.882376635514019,13.0,4.348679906542056,87.70703855140188,6.097663551401869,0.0,0.0,0.0,0.0,5.75,0.10697674418604651,31,20.0625,12,0,0,1,0,2,0,0,16,6.907726486568896,3.528613317757009,5.0,0.5581395348837209,120,215,6.5005415739123835
2,4.336793313069908,13.333333333333334,3.9178571428571427,1426,4.714695340501795,6.389485765488991,18.0,4.436589861751152,86.9177419354839,6.461239119303636,0.0,0.0,0.0,0.0,5.875,0.11428571428571428,22,19.714285714285715,17,1,0,1,0,1,8,0,21,7.2636822038024595,3.3595975422427036,5.0,0.55,154,280,6.776558015362401
3,1.5228652482269496,10.636363636363637,3.735042735042735,1163,2.2495726495726522,1.1046529914529915,2.0,1.2541025641025634,101.50756410256413,3.808547008547009,0.0,0.0,0.0,0.0,3.7272727272727275,0.0641025641025641,19,13.11111111111111,8,0,0,1,0,5,19,0,22,5.82211442006289,2.2447606837606835,1.0,0.46153846153846156,108,234,6.218333358869233
4,4.471618929016191,11.416666666666666,4.124087591240876,745,5.098611111111108,7.575392424242424,11.0,4.593232323232325,85.4477272727273,6.903030303030303,1.0,0.0,0.0,0.0,5.75,0.10218978102189781,26,18.90909090909091,9,0,0,1,0,3,0,0,12,7.348242739294969,3.3417626262626263,4.0,0.6058394160583942,83,137,6.121953437610953
5,2.6980930587337895,10.894736842105264,3.8309178743961354,1027,3.6463768115942052,5.778763005339435,9.0,3.0811695906432774,92.37684210526317,4.551131451817951,1.0,0.0,0.0,0.0,4.2,0.07729468599033816,23,15.578947368421053,5,1,0,1,0,2,0,0,19,6.339386263674447,2.832162725654716,3.0,0.5555555555555556,115,207,6.5271140568540815
6,4.413047313552525,12.9,3.9354005167958657,1964,4.823896103896107,6.63272301836095,32.0,5.341352440662789,80.41350649350652,7.284370801612181,1.0,0.0,0.0,0.0,6.857142857142857,0.12919896640826872,26,19.82758620689655,17,1,0,1,0,0,4,0,30,8.326086129247047,3.5373900582176443,6.0,0.4935400516795866,191,387,6.9249638171315215
7,5.697698924731181,9.176470588235293,4.32051282051282,880,7.455263157894741,7.774968596491228,17.0,5.363315789473685,74.65887719298246,6.421754385964913,0.0,0.0,0.0,0.0,5.555555555555555,0.16666666666666666,18,14.133333333333333,9,0,0,1,0,2,2,0,17,8.841846274778883,3.455957894736842,5.0,0.6666666666666666,104,156,6.430913597412583
8,6.80292082111437,13.772727272727273,4.382838283828383,1705,7.282200647249194,8.11457849367461,35.0,6.270251544571934,75.12449470432482,6.783230361871138,0.0,0.0,0.0,0.0,5.875,0.20462046204620463,34,20.09090909090909,14,2,0,1,0,2,6,0,22,8.150884317080207,4.238826566637246,6.0,0.5511551155115512,167,303,6.9004700862788155
9,9.841502613240419,17.875,4.608391608391608,1645,9.084320557491292,8.487454355400697,39.0,8.591687717770036,65.41310648954706,10.798693379790942,1.0,0.0,0.0,0.0,7.428571428571429,0.2062937062937063,37,25.4375,13,0,0,1,0,2,8,1,16,11.698219412168324,4.89641049651568,8.0,0.5524475524475524,158,286,6.910244140270124
10,2.133119047619047,14.0,3.585714285714286,666,2.418571428571429,5.568595238095238,7.0,3.2042857142857137,92.86904761904763,4.666666666666667,1.0,0.0,0.0,0.0,4.888888888888889,0.07857142857142857,32,18.25,5,0,0,1,0,2,8,0,10,5.985473137389441,2.975428571428571,4.0,0.5714285714285714,80,140,5.946975563568739
11,7.4686376564277595,12.782608695652174,4.649659863945578,1710,8.835494880546076,8.553296131968146,46.0,6.448383105802051,70.57528228100115,7.4771899886234365,0.0,0.0,0.0,0.0,7.428571428571429,0.21428571428571427,23,17.291666666666668,19,0,0,1,0,0,4,0,23,9.2995712137729,4.438873293515359,6.0,0.564625850340136,166,294,6.709080364256432
12,4.982339181286548,12.925925925925926,4.02865329512894,1803,5.829498525073749,6.821054965585054,32.0,5.14442477876106,80.54243854473947,6.792133726647001,0.0,0.0,0.0,0.0,4.7,0.12034383954154727,21,18.62962962962963,14,0,0,1,0,0,2,0,27,8.045849151850462,3.598713864306784,4.0,0.49570200573065903,173,349,6.748649983177428
13,2.978584558823531,13.642857142857142,3.816753926701571,957,3.672251308900524,5.516493101324299,5.0,2.8158484755158604,94.88562673236835,4.703541730828457,0.0,0.0,0.0,0.0,4.2,0.07853403141361257,28,17.058823529411764,8,0,0,1,0,4,12,0,14,5.088555806805433,2.6933335386510624,4.0,0.43455497382198954,83,191,5.858625044585121
14,0.37048387096774604,8.642857142857142,3.644628099173554,589,1.5268292682926834,5.968829756097561,5.0,1.422634146341462,99.46809756097562,3.93040650406504,0.0,0.0,0.0,0.0,3.230769230769231,0.05785123966942149,15,12.6,2,1,0,1,0,2,0,0,14,6.42735559955562,2.484630894308943,0.0,0.5702479338842975,69,121,5.707612411861472
15,3.1045170998632017,11.052631578947368,3.823809523809524,1052,3.843809523809526,7.106443977591036,11.0,3.5000280112044813,91.9710504201681,5.703081232492998,0.0,0.0,0.0,0.0,4.666666666666667,0.08571428571428572,27,18.529411764705884,10,0,0,1,0,0,0,0,19,6.79490614679532,3.236002801120448,3.0,0.5238095238095238,110,210,6.36583384590955
16,-0.6269932432432412,4.3125,3.36231884057971,364,-1.3917808219178056,7.972526027397261,1.0,0.4140325342465765,100.22050085616442,1.8250000000000002,0.0,0.0,0.0,0.0,1.53125,0.057971014492753624,6,7.0,3,2,0,1,0,0,0,0,16,5.985473137389441,1.600120719178082,0.0,0.4492753623188406,31,69,4.671404754477732
17,13.238614232209734,21.75,4.923371647509579,1603,10.992481203007518,8.47570350877193,41.0,10.755000000000006,57.43583333333335,11.723809523809525,0.0,1.0,0.0,0.0,12.8,0.29118773946360155,95,29.75,11,0,0,1,2,0,6,0,12,12.009924989830619,5.48404887218045,10.0,0.5172413793103449,135,261,6.5781376625054575
18,7.174532019704433,33.57142857142857,4.268085106382979,1284,9.2,9.117394581280788,38.0,4.694679802955665,73.87187192118229,5.952709359605912,0.0,0.0,0.0,0.0,2.8125,0.13617021276595745,82,9.344827586206897,10,0,0,1,0,1,0,0,7,7.75315229805767,3.4782167487684728,6.0,0.6638297872340425,156,235,6.9971873340057
19,9.945142857142855,89.75,4.512534818941504,1991,11.587301587301592,8.923269523809523,62.0,7.717015873015871,62.17742857142861,9.357460317460317,0.0,0.0,0.0,0.0,5.777777777777778,0.17548746518105848,140,16.92,14,0,0,1,0,4,16,0,4,10.878246069084,4.608615873015873,8.0,0.42618384401114207,153,359,6.70069729019335
20,3.986781701444624,12.5,3.9828571428571427,900,4.814772727272729,6.502940584415585,18.0,4.532175324675325,84.9602272727273,7.074025974025975,0.0,1.0,0.0,0.0,7.0,0.10285714285714286,37,18.714285714285715,7,2,0,1,0,5,2,0,14,7.957251820313856,3.5399805194805194,6.0,0.5485714285714286,96,175,6.121370892944279
21,5.400884160756501,12.944444444444445,4.163090128755365,1247,6.0706382978723425,7.442055555555555,22.0,5.017411347517733,82.34361111111112,7.094562647754137,1.0,0.0,0.0,0.0,5.875,0.12446351931330472,25,18.166666666666668,15,1,0,1,0,1,0,0,18,8.515128840125781,3.6679184397163116,5.0,0.5407725321888412,126,233,6.570485832268987
22,9.38103896103896,16.285714285714285,4.754385964912281,1340,9.896069868995632,8.653884154709917,39.0,8.257407985028074,64.99494541484718,10.210979413599501,0.0,0.0,0.0,0.0,6.375,0.22807017543859648,38,22.285714285714285,7,0,0,1,0,0,0,0,14,10.608840637214634,4.9104226450405495,8.0,0.618421052631579,141,228,6.763563424810249
23,3.5600000000000023,12.0,3.9294871794871793,789,4.524358974358975,6.863366666666667,13.0,3.234871794871797,93.24346153846155,6.082051282051282,0.0,0.0,0.0,0.0,5.875,0.16025641025641027,19,18.53846153846154,5,0,0,1,0,0,2,0,13,7.010146845296333,3.578435897435897,6.0,0.5961538461538461,93,156,6.146051021144973
24,4.4116568047337275,15.545454545454545,3.871345029239766,862,4.6082840236686415,6.617098816568047,16.0,5.329704142011835,80.0056804733728,5.67337278106509,0.0,0.0,0.0,0.0,7.142857142857142,0.0935672514619883,35,19.53846153846154,10,0,0,1,0,0,8,0,11,8.841846274778883,3.6388639053254432,4.0,0.5029239766081871,86,171,5.971411522660517
25,0.7380538461538464,7.6923076923076925,3.74,488,1.9280000000000008,5.4391384615384615,2.0,1.6879999999999988,96.6613076923077,3.4769230769230774,0.0,0.0,0.0,0.0,3.0769230769230766,0.13,13,12.0,2,0,0,1,0,0,0,0,13,5.873414542411695,2.0956153846153844,0.0,0.59,59,100,5.515406851231585
26,6.989016185337988,11.08,4.581227436823105,1581,8.624175824175826,8.968014317566492,44.0,7.754881350533527,60.604973721930264,10.608631947762383,1.0,1.0,0.0,0.0,7.75,0.19494584837545126,24,16.782608695652176,7,1,0,1,2,3,0,0,25,11.467429594995785,4.560227743271222,7.0,0.5270758122743683,146,277,6.715490981494758
27,4.210539215686275,63.8,3.7523510971786833,1558,4.481311475409839,6.182341530054645,20.0,3.6036270491803286,91.86128756830603,5.345628415300547,1.0,0.0,0.0,0.0,5.0,0.09090909090909091,164,18.458333333333332,16,0,0,1,0,1,12,0,5,6.21433560688645,3.194809426229508,4.0,0.5266457680250783,168,319,6.857472907438613
28,2.5991666666666653,6.769230769230769,4.176136363636363,954,3.775555555555556,7.780555555555556,22.0,3.0027777777777764,86.89250000000001,4.555555555555556,1.0,0.0,0.0,0.0,3.3076923076923075,0.14772727272727273,15,11.25,4,8,0,1,0,1,0,0,26,6.42735559955562,3.0909444444444443,2.0,0.6704545454545454,118,176,6.6104362890772865
29,3.8450034176349988,22.333333333333332,3.7761194029850746,675,3.6436090225563937,6.729366985645933,12.0,3.9419958988380053,88.33565960355433,6.640874914559126,0.0,0.0,0.0,0.0,6.0,0.11194029850746269,45,18.818181818181817,16,1,0,1,0,1,10,0,6,7.686295010490155,3.6430663021189336,3.0,0.5970149253731343,80,134,5.96608851570958
30,3.855960355434039,15.4,3.8354978354978355,1172,3.8354978354978364,6.0167610161768055,9.0,3.6078560036454768,90.85058099794945,5.902118933697881,1.0,0.0,0.0,0.0,5.333333333333333,0.08658008658008658,41,18.57894736842105,21,0,0,1,0,2,16,0,15,7.669130373188453,2.962786967418546,3.0,0.4805194805194805,111,231,6.209814214132738
31,1.6732649572649585,6.7,3.8059701492537314,333,2.8553846153846116,6.666876068376069,9.0,2.2943589743589747,91.47675213675217,3.5042735042735047,0.0,0.0,0.0,0.0,2.8333333333333335,0.11940298507462686,10,10.88888888888889,0,1,0,1,0,1,0,0,10,5.82211442006289,3.0481025641025643,1.0,0.7164179104477612,48,67,5.3137552806582695
32,8.503222628764423,14.318181818181818,4.650793650793651,1876,9.316250000000004,9.341673295454545,56.0,8.114602272727272,62.79198863636367,10.44318181818182,1.0,0.0,0.0,0.0,7.857142857142858,0.19047619047619047,26,19.59090909090909,16,0,0,1,2,0,6,0,22,10.92785942931718,4.905534090909091,8.0,0.580952380952381,183,315,7.018989794918409
33,4.973833443489756,10.529411764705882,4.335195530726257,977,6.6584269662921365,7.260616457369465,13.0,4.469933906146732,81.664656311963,4.6376734963648385,1.0,0.0,0.0,0.0,4.888888888888889,0.1005586592178771,22,14.176470588235293,4,0,0,1,0,0,0,0,17,7.048011613610866,3.378274289491077,4.0,0.6089385474860335,109,179,6.403707816574561
34,10.307040404040407,24.545454545454547,4.025925925925926,1390,6.4880597014925385,7.496242333785617,26.0,9.366295793758479,71.3051628222524,11.088738127544097,1.0,0.0,0.0,0.0,11.2,0.13333333333333333,36,36.72727272727273,16,0,0,1,0,0,0,1,11,9.339509955726097,5.204869742198101,10.0,0.5407407407407407,146,270,6.686972337765061
35,7.999261083743846,17.0,4.421568627450981,1161,8.281592039800998,8.983489907604833,32.0,7.503813077469797,66.83563432835824,8.13091684434968,1.0,0.0,0.0,0.0,6.125,0.19117647058823528,37,20.071428571428573,19,0,0,1,0,0,6,0,12,10.125756701596842,4.532013859275053,7.0,0.6078431372549019,124,204,6.55342187782807
36,0.9296348684210507,9.058823529411764,3.727272727272727,780,1.975483870967743,5.467325127334465,1.0,1.9038370118845513,95.94312393887948,3.521222410865874,0.0,0.0,0.0,0.0,2.923076923076923,0.06493506493506493,20,12.421052631578947,10,2,0,1,0,2,15,0,17,6.596605473755783,2.0447470288624787,1.0,0.512987012987013,79,154,5.946147417443192
37,4.143718187461204,9.88888888888889,4.241573033707865,962,5.775280898876403,5.2801911360799,8.0,4.176779026217229,82.7303620474407,4.404993757802747,0.0,0.0,0.0,0.0,3.7272727272727275,0.16292134831460675,19,14.555555555555555,10,0,0,1,0,2,0,0,18,6.937597516519254,2.6681647940074904,3.0,0.4887640449438202,87,178,5.916800078334892
38,9.424596888260254,14.285714285714286,4.985,1221,11.253535353535355,8.64434935064935,21.0,8.936825396825398,56.180000000000035,7.6773448773448765,0.0,0.0,0.0,0.0,6.0,0.305,28,18.071428571428573,3,0,0,1,0,0,0,0,14,9.784248007369934,4.657385281385281,8.0,0.51,102,200,6.217917207797625
39,4.170494584099735,11.142857142857142,4.089743589743589,1224,5.35450643776824,6.6264804618843245,20.0,4.2847823421213995,84.10466380543636,5.296464336807684,0.0,0.0,0.0,0.0,5.75,0.13247863247863248,21,15.80952380952381,8,1,0,1,0,2,0,0,21,6.655083550727371,3.3630852237890863,4.0,0.5085470085470085,119,234,6.311502878657985
40,5.810869565217391,37.8,4.248677248677248,1025,7.1241758241758255,7.844546153846154,25.0,5.184711538461542,78.15091346153848,6.308241758241759,0.0,0.0,0.0,0.0,5.111111111111111,0.18518518518518517,76,16.125,15,2,0,1,0,0,6,0,5,8.07648339933343,3.7186991758241756,5.0,0.6031746031746031,114,189,6.363305465231683
41,7.7529170829170795,13.714285714285714,4.579861111111111,1645,8.861754385964911,8.575713032581454,51.0,8.78987468671679,56.215789473684225,10.340852130325814,1.0,1.0,0.0,1.0,8.571428571428571,0.20833333333333334,26,18.952380952380953,17,0,0,1,0,0,0,0,21,11.491704259439757,4.6837994987468665,8.0,0.5208333333333334,150,288,6.669435243822513
42,0.01737010391686411,7.315789473684211,3.5755395683453237,657,1.0633093525179866,5.837076179056755,5.0,1.7684292565947253,96.13795163868907,3.088888888888889,0.0,0.0,0.0,0.0,3.25,0.07913669064748201,16,12.055555555555555,3,1,0,1,0,1,0,0,19,4.475607210031446,2.299056354916067,0.0,0.5755395683453237,80,139,5.975704630848798
43,10.538737967914436,20.4375,4.6452599388379205,1895,9.550458715596331,9.902191383342327,63.0,9.232865623313547,63.127690232056125,11.608490735743839,0.0,0.0,0.0,0.0,12.4,0.22629969418960244,45,26.764705882352942,9,0,0,1,0,0,18,0,16,11.557038098267885,5.628852311566828,9.0,0.5229357798165137,171,327,6.870828015295004
44,6.808442275042445,13.555555555555555,4.467213114754099,1393,7.825203252032523,8.450843945228925,39.0,7.111506204535729,67.13732349165598,7.943175010697477,0.0,0.0,0.0,0.0,7.428571428571429,0.19672131147540983,35,18.05263157894737,17,0,0,1,0,1,2,0,18,9.134995656068206,4.517424475823706,7.0,0.5778688524590164,141,244,6.706650338480504
45,4.034316271963334,9.5,4.12280701754386,627,5.360683760683763,8.077824320124321,11.0,4.190660450660452,83.96216783216786,4.596425796425797,0.0,0.0,0.0,0.0,4.1,0.07017543859649122,23,15.636363636363637,12,0,0,1,0,0,0,0,12,5.565023196281405,3.735308469308469,4.0,0.543859649122807,62,114,5.455635742866182
46,6.653831729173579,10.75,4.717054263565892,1510,8.712741312741315,7.791988937384589,32.0,5.704441833137487,74.22143360752057,6.975390297129429,1.0,0.0,0.0,0.0,5.0,0.2364341085271318,19,15.217391304347826,7,2,0,1,0,1,0,0,24,8.321376580360152,3.9874003693134124,6.0,0.5387596899224806,139,258,6.709459476757291
47,3.3656089743589774,11.5,4.431159420289855,1574,7.178909090909091,6.731233333333334,23.0,6.085295454545456,71.84260984848486,8.074242424242426,1.0,0.0,0.0,0.0,7.7142857142857135,0.16304347826086957,21,16.333333333333332,12,0,0,1,0,0,0,0,24,9.408791572840183,3.5491704545454543,6.0,0.4601449275362319,127,276,6.280642008279593
48,8.433449848024317,23.416666666666668,4.064056939501779,1466,6.3418439716312065,7.883174366767983,30.0,8.375643363728468,70.89000000000003,9.759270516717326,1.0,0.0,0.0,0.0,10.6,0.13523131672597866,65,29.857142857142858,12,0,0,1,0,0,6,0,12,9.784248007369934,4.838008105369807,7.0,0.5302491103202847,149,281,6.6267424023291035
49,5.634019933554818,12.285714285714286,4.3023255813953485,935,6.541860465116276,7.550755149501661,25.0,5.73514950166113,75.82662790697675,7.007308970099669,1.0,0.0,0.0,0.0,5.0,0.1686046511627907,33,17.357142857142858,7,0,0,1,0,0,2,0,14,8.634040054169528,3.971285714285714,6.0,0.6686046511627907,115,172,6.5905170456215485
50,4.617048346055981,8.25,4.386363636363637,733,6.268702290076334,7.444635165394402,19.0,3.669435114503816,84.30959796437662,5.630737913486005,0.0,0.0,0.0,0.0,4.0,0.14393939393939395,21,11.666666666666666,6,2,0,1,0,2,0,0,16,7.3011,3.711621374045801,3.0,0.6439393939393939,85,132,6.074575843366003
51,6.442192982456138,17.0,4.149732620320855,994,6.080000000000002,7.16430701754386,14.0,5.303947368421056,85.23679824561405,6.543859649122807,0.0,0.0,0.0,0.0,5.75,0.1497326203208556,32,22.583333333333332,8,0,0,1,0,0,4,0,11,6.42735559955562,3.7504473684210526,5.0,0.5561497326203209,104,187,6.269974656024865
52,4.818509473684209,11.95,4.2217573221757325,1307,6.337499999999999,7.552609649122807,29.0,5.167982456140351,80.50894736842109,7.052631578947369,0.0,0.0,0.0,0.0,5.0,0.12552301255230125,20,18.210526315789473,13,0,0,1,2,0,4,0,20,8.032893268588372,3.7667192982456137,4.0,0.5397489539748954,129,239,6.460373724696201
53,6.246359724612738,11.785714285714286,4.509090909090909,934,7.985365853658536,7.394784668989547,21.0,5.599303135888501,75.78280487804882,8.10034843205575,0.0,0.0,0.0,0.0,4.9,0.1696969696969697,21,15.5,10,0,0,1,0,0,0,0,14,9.04235418022936,3.8541289198606266,6.0,0.6181818181818182,102,165,6.307472914364817
54,1.4110495963091125,11.0,3.664335664335664,1396,2.2243902439024446,5.321389941927991,11.0,2.4490139372822313,94.54364866434382,4.10541231126597,0.0,0.0,0.0,0.0,2.923076923076923,0.09090909090909091,26,14.8,13,1,0,1,0,5,16,0,26,5.2151,2.547481881533101,1.0,0.5034965034965035,144,286,6.6569424776943125
55,2.7952941176470567,7.8,4.019230769230769,809,4.425000000000001,7.876918421052632,14.0,3.522105263157897,84.05973684210527,4.252631578947368,0.0,0.0,0.0,0.0,3.4615384615384617,0.16666666666666666,15,12.263157894736842,9,0,0,1,0,0,0,0,20,7.060881637134146,3.268315789473684,3.0,0.5256410256410257,82,156,5.86539055743215
56,6.156719457013573,13.733333333333333,4.495145631067961,1159,7.94439024390244,8.162861549497848,27.0,5.978307030129127,73.67919655667146,8.725968436154949,0.0,0.0,0.0,0.0,6.111111111111111,0.18446601941747573,35,17.294117647058822,8,1,0,1,0,0,0,0,15,9.916854025145753,4.217342898134863,5.0,0.5097087378640777,105,206,6.106332340263207
57,9.696148175006044,18.857142857142858,4.492424242424242,2218,8.984654731457802,7.8310789307027155,48.0,10.08063573255389,55.95201193520887,11.948897819997566,1.0,1.0,0.0,0.0,12.4,0.20202020202020202,62,25.952380952380953,13,1,0,1,2,3,2,2,21,12.540900571622839,5.0479174278407015,9.0,0.4494949494949495,178,396,6.864849996862634
58,6.151791125541127,12.666666666666666,4.357142857142857,1458,7.219771863117874,6.599163842114793,26.0,5.177175448126018,80.25108998732574,6.8346188665580305,0.0,0.0,0.0,0.0,3.8181818181818183,0.15413533834586465,36,17.142857142857142,10,0,0,1,0,0,2,0,21,7.62386473244151,3.52044649646931,6.0,0.5601503759398496,149,266,6.805647835278782
59,8.39483660130719,14.352941176470589,4.659836065573771,1412,9.362962962962964,9.024006753812637,42.0,8.777298474945535,57.59313725490199,10.162091503267973,1.0,0.0,0.0,0.0,8.285714285714286,0.24180327868852458,20,20.058823529411764,5,0,0,1,0,1,2,0,17,11.326091736570909,4.659408859840232,8.0,0.6229508196721312,152,244,6.812211149340465
60,0.22177443609022518,6.133333333333334,3.5652173913043477,463,1.0170212765957416,5.48133708206687,1.0,1.213677811550152,98.32000000000002,3.111246200607903,0.0,0.0,0.0,0.0,2.5714285714285716,0.03260869565217391,15,10.428571428571429,8,1,0,1,0,1,0,0,15,5.773587663045528,1.8772036474164133,0.0,0.5652173913043478,52,92,5.347554202878449
61,7.048470873786407,12.625,4.351485148514851,1169,7.719417475728154,9.334032038834952,32.0,6.443871359223305,71.79503033980583,8.256796116504855,1.0,0.0,0.0,0.0,5.111111111111111,0.1782178217821782,26,18.0625,10,0,0,1,8,0,2,0,16,9.188382445141503,4.44952063106796,6.0,0.5643564356435643,114,202,6.342431577306306
62,3.7967461719670226,15.666666666666666,3.904255319148936,1446,4.19074733096085,5.790614116251483,15.0,3.7997375444839854,88.67417333926454,5.822123368920522,0.0,0.0,0.0,0.0,5.0,0.10283687943262411,41,17.416666666666668,20,0,0,1,0,0,18,0,18,7.168621630094336,3.071369661921708,3.0,0.5354609929078015,151,282,6.850656063984206
63,8.492068965517241,16.6,4.385542168674699,478,7.965517241379313,8.310919310344827,13.0,7.336229885057474,73.45675862068967,9.258850574712644,0.0,0.0,0.0,0.0,8.7,0.1566265060240964,23,25.0,2,0,0,1,4,0,0,0,5,8.841846274778883,4.676308045977011,7.0,0.6867469879518072,57,83,5.493889697494307
64,6.444721037668799,12.761904761904763,4.4440298507462686,1490,7.5910447761194,7.156468088130775,19.0,4.841620469083157,83.08092039800995,5.851030561478323,1.0,0.0,0.0,0.0,5.222222222222222,0.1791044776119403,29,17.047619047619047,10,0,0,1,0,4,0,0,21,7.2636822038024595,3.5690255863539444,5.0,0.5223880597014925,140,268,6.706004604154525
65,8.958453557312254,14.705882352941176,4.6,1463,8.956175298804784,9.573086055776892,43.0,7.358403884462152,70.2476456673307,8.984163346613547,1.0,1.0,0.0,0.0,5.75,0.2,27,21.125,22,0,0,1,0,0,14,0,17,9.354420925462398,4.935399651394421,8.0,0.632,158,250,6.991924196731974
66,7.885943396226416,24.857142857142858,4.264367816091954,924,8.959748427672956,7.272945283018869,21.0,5.904544025157232,76.32964622641512,7.564150943396226,0.0,0.0,0.0,0.0,7.2857142857142865,0.13793103448275862,45,18.0,11,2,0,1,0,2,0,0,7,9.516144504307135,3.897187106918239,6.0,0.6264367816091954,109,174,6.4914211541669
67,4.90105651105651,38.5,3.824675324675325,763,5.0040540540540555,6.757696805896806,16.0,5.284299754299756,81.14079852579854,7.543980343980344,0.0,0.0,0.0,0.0,7.428571428571429,0.13636363636363635,89,20.454545454545453,7,1,0,1,0,1,8,0,4,8.841846274778883,3.6658206388206387,4.0,0.551948051948052,85,154,6.010837820907491
68,7.273231552162851,37.333333333333336,4.625,729,7.717829457364342,9.855572868217054,16.0,7.654263565891473,65.71457364341089,9.454263565891473,0.0,0.0,0.0,0.0,7.25,0.21428571428571427,78,21.88888888888889,6,0,0,1,2,0,0,0,3,10.980518767755715,4.326666666666666,7.0,0.5625,63,112,5.701191391593937
69,6.346298076923077,9.227272727272727,4.620689655172414,1204,8.067307692307693,8.327580384615384,30.0,6.27946153846154,68.56553846153847,9.544615384615385,1.0,0.0,0.0,0.0,5.5,0.18226600985221675,15,14.2,14,0,0,1,0,0,0,0,22,10.125756701596842,4.1246307692307695,5.0,0.5665024630541872,115,203,6.38845634679561
70,0.808590492076732,9.6,4.104166666666667,1567,4.531944444444445,8.510310227272727,29.0,3.1782196969696983,87.82056818181822,4.740909090909091,1.0,0.0,0.0,0.0,2.9285714285714284,0.14930555555555555,26,12.484848484848484,8,0,0,1,4,8,0,0,30,6.850034144686104,3.144545454545454,2.0,0.4895833333333333,141,288,6.679779863361467
71,5.053596914175504,10.705882352941176,4.368131868131868,1003,6.738461538461536,8.158390885585003,27.0,5.183096315449259,76.9707272139625,5.82081447963801,0.0,0.0,0.0,0.0,4.090909090909091,0.16483516483516483,16,15.352941176470589,9,0,0,1,0,1,0,0,17,7.724431198458867,4.049628312863607,4.0,0.5494505494505495,100,182,6.159139679404363
72,3.2857688888888887,6.315789473684211,4.091666666666667,690,4.886885245901638,7.984890892531876,13.0,2.04513661202186,92.47194899817853,4.0225865209471765,0.0,0.0,0.0,0.0,2.6,0.08333333333333333,12,9.5,2,0,0,1,2,9,0,0,19,6.42735559955562,2.7815519125683057,2.0,0.65,78,120,5.9270611352723455
73,-0.7811363636363637,5.117647058823529,3.5977011494252875,422,-0.4436781609195357,6.628613793103448,5.0,1.0432686781609206,97.26766163793107,2.634770114942529,0.0,0.0,0.0,0.0,1.84375,0.05747126436781609,9,8.25,5,0,0,1,0,0,0,0,17,5.148860815047168,2.495342672413793,1.0,0.5057471264367817,44,87,5.097738685768283
74,8.124038461538461,20.666666666666668,4.132258064516129,1627,6.583225806451615,6.125564516129032,17.0,7.230120967741936,77.73518145161292,9.040322580645162,1.0,0.0,0.0,0.0,6.857142857142857,0.12903225806451613,42,28.5625,15,1,0,1,0,1,4,0,15,8.841846274778883,4.319907258064516,6.0,0.45806451612903226,142,310,6.5321663832452534
75,11.461464646464641,25.0,4.822857142857143,1047,11.17906976744186,9.174527390180877,26.0,10.180775193798453,56.11047803617572,12.29560723514212,0.0,0.0,0.0,0.0,12.6,0.2,38,25.666666666666668,8,0,0,1,0,0,0,0,7,12.261556223090622,5.183666666666667,11.0,0.5828571428571429,102,175,6.340150238369957
76,5.7310666666666705,14.8,4.126126126126126,1168,5.922522522522524,7.002246666666667,25.0,5.915333333333333,79.01300000000003,7.361441441441442,0.0,0.0,0.0,0.0,6.857142857142857,0.12612612612612611,28,21.333333333333332,9,0,0,1,0,0,2,0,15,7.793537801064561,3.8942684684684683,6.0,0.6171171171171171,137,222,6.662204126702282
77,8.681133603238866,16.0,4.345833333333333,1341,7.995833333333334,8.368108974358975,23.0,8.179166666666667,69.30403846153848,9.717948717948717,0.0,0.0,0.0,0.0,11.2,0.16666666666666666,49,25.692307692307693,14,0,0,1,0,0,8,0,15,10.389873798559362,4.875410256410255,7.0,0.5083333333333333,122,240,6.520746913052508
78,4.927306763285024,10.333333333333334,4.311827956989247,506,6.269565217391303,7.576130917874396,7.0,3.5314492753623163,87.95074879227055,4.523671497584541,0.0,0.0,0.0,0.0,4.444444444444445,0.16129032258064516,28,14.555555555555555,4,3,0,1,0,0,0,0,9,6.42735559955562,3.4955507246376807,3.0,0.6129032258064516,57,93,5.53457900503039
79,5.454861028976939,15.333333333333334,4.271739130434782,1017,6.778531073446327,8.023760898007732,21.0,3.7098245614035115,85.05743978590544,5.308236693428487,0.0,0.0,0.0,0.0,4.6,0.16847826086956522,36,12.842105263157896,6,1,0,1,0,0,16,1,12,7.273561745256522,3.270040440083259,4.0,0.6956521739130435,128,184,6.690635972545158
80,5.312088607594934,11.65,4.274678111587983,1286,6.287659574468083,7.511682978723404,20.0,5.813776595744681,74.30875,6.402127659574468,0.0,0.0,0.0,0.0,5.555555555555555,0.1759656652360515,36,16.9,15,0,0,1,0,1,6,0,20,8.982922981607832,3.52043085106383,5.0,0.5278969957081545,123,233,6.553920788521241
81,2.5053416149068326,10.363636363636363,3.956140350877193,599,3.408771929824564,6.6720523809523815,5.0,3.112030075187974,87.25421052631582,3.9588972431077694,0.0,0.0,0.0,0.0,3.4615384615384617,0.13157894736842105,27,12.357142857142858,8,0,0,1,0,1,0,0,11,7.70948699238394,2.5152130325814532,2.0,0.5263157894736842,60,114,5.490877340703708
82,6.540151448639158,15.823529411764707,4.115241635687732,1410,6.2149253731343315,7.246489113257243,30.0,6.497041264266901,76.56068920105358,8.09692712906058,1.0,0.0,0.0,0.0,8.166666666666666,0.1524163568773234,36,23.11764705882353,12,0,0,1,0,1,0,0,17,9.168548406835143,4.120778753292361,6.0,0.5910780669144982,159,269,6.866939247988854
83,2.1289743589743573,9.5,3.956140350877193,606,3.03478260869565,7.312071014492753,7.0,1.5599999999999987,97.53333333333335,3.066666666666667,1.0,0.0,0.0,0.0,2.3333333333333335,0.12280701754385964,26,11.6,9,0,0,1,0,2,12,0,12,3.1291,2.8921739130434783,2.0,0.5789473684210527,66,114,5.764693193894415
84,3.8422746185853,6.866666666666666,4.310679611650485,575,5.327450980392154,7.2487537815126055,9.0,3.6788795518207316,81.66352941176471,4.875070028011205,0.0,0.0,0.0,0.0,3.5384615384615383,0.1650485436893204,16,10.5,6,2,0,1,0,0,4,0,15,7.70948699238394,2.962364145658263,3.0,0.6699029126213593,69,103,5.837705168297582
85,8.298414473684211,13.222222222222221,4.84453781512605,1432,9.745000000000001,8.539484649122807,31.0,6.93798245614035,67.81894736842108,8.052631578947368,1.0,0.0,0.0,0.0,6.125,0.27310924369747897,22,17.0,9,0,0,1,4,0,4,0,18,8.99025400887824,4.662552631578947,8.0,0.5546218487394958,132,238,6.526707066408097
86,6.516465324384786,11.23076923076923,4.472602739726027,837,7.704054054054051,8.62249009009009,16.0,5.803783783783789,75.41936936936936,7.636036036036036,0.0,0.0,0.0,0.0,6.125,0.15753424657534246,23,17.25,5,0,0,1,0,0,6,0,13,8.59863814320734,4.088810810810811,6.0,0.5821917808219178,85,146,5.994772080009778
87,3.3075748792270545,7.125,4.4035087719298245,640,4.784347826086954,7.660606280193237,9.0,3.216449275362322,83.38158212560388,4.990338164251209,0.0,1.0,0.0,0.0,2.8666666666666667,0.17543859649122806,12,8.722222222222221,3,0,0,1,0,0,0,0,16,6.937597516519254,3.01113768115942,2.0,0.4824561403508772,55,114,5.379323374667246
88,8.258376623376623,15.4,4.12987012987013,809,6.540259740259746,6.949546753246754,13.0,7.472045454545455,75.77806818181821,9.25844155844156,1.0,0.0,0.0,0.0,11.4,0.13636363636363635,31,27.75,7,0,0,1,0,0,2,0,10,9.827888789773866,4.502600649350649,6.0,0.577922077922078,89,154,6.137814203679906
89,7.171250000000001,14.375,4.452173913043478,1308,7.628691983122362,10.034280168776373,40.0,7.164934071729959,70.07626186708863,9.80685654008439,0.0,0.0,0.0,0.0,6.625,0.18695652173913044,22,21.75,12,0,0,1,2,0,0,0,16,10.686352973137792,4.596760812236287,6.0,0.5434782608695652,125,230,6.456566316588243
90,6.109159663865547,11.857142857142858,4.566265060240964,474,8.187951807228917,6.317264888123924,7.0,7.231876075731499,64.33253012048195,6.1886402753872645,0.0,0.0,0.0,0.0,6.5,0.21686746987951808,24,15.571428571428571,3,0,0,1,0,0,0,0,7,10.290406445055957,3.3397728055077454,5.0,0.6506024096385542,54,83,5.578184425474423
91,6.182910005388898,13.904761904761905,4.085616438356165,1535,5.940689655172417,7.007069872958258,29.0,6.272286751361161,77.27875680580765,7.346642468239565,1.0,0.0,0.0,0.0,7.571428571428571,0.13356164383561644,25,22.105263157894736,22,0,0,1,0,0,0,0,21,8.532816995589336,4.08834664246824,6.0,0.5513698630136986,161,292,6.839040942128797
92,7.646127450980394,16.916666666666668,4.226600985221675,1096,6.793103448275861,8.13137947454844,28.0,7.632130541871923,70.47443555008212,9.131198686371102,0.0,0.0,0.0,0.0,7.142857142857142,0.15763546798029557,28,24.333333333333332,14,0,0,1,0,0,4,0,12,10.125756701596842,4.74937315270936,6.0,0.6157635467980296,125,203,6.616873275773738
93,2.554481342006163,11.363636363636363,3.784,1251,3.179365079365077,6.435657763975156,18.0,3.3862180814354765,90.2998447204969,5.334989648033127,0.0,0.0,0.0,0.0,5.75,0.108,24,17.043478260869566,14,0,0,1,0,1,8,0,22,6.49829394308,3.271171152518978,5.0,0.468,117,250,6.235922366510745
94,8.450937015203227,14.272727272727273,4.455414012738854,1738,9.6986301369863,7.593423163138231,44.0,6.033623910336239,75.44468866749692,8.870734744707347,1.0,0.0,0.0,0.0,6.25,0.17834394904458598,33,17.681818181818183,21,0,0,1,0,1,0,1,22,9.80015041476705,4.006344956413449,8.0,0.5222929936305732,164,314,6.768100631479374
95,3.0904367699339765,8.045454545454545,4.231638418079096,957,5.064406779661017,7.068661890087315,12.0,3.7477272727272712,82.52310092449926,4.122136620441705,0.0,0.0,0.0,0.0,4.0,0.1807909604519774,15,11.636363636363637,5,0,0,1,0,0,0,0,22,6.7829847944221076,2.7022226502311244,3.0,0.5480225988700564,97,177,6.153730623813673
96,9.903312567713975,21.615384615384617,4.270462633451957,1516,7.556890459363959,6.557490595270454,18.0,8.911307420494705,69.94629790703996,9.97977711334602,1.0,1.0,0.0,0.0,8.5,0.15658362989323843,49,30.615384615384617,11,0,0,1,0,0,2,0,13,9.466822959209587,4.516235390051644,8.0,0.4875444839857651,137,281,6.659131136389059
97,1.704190476190476,5.5,4.0227272727272725,235,1.9000000000000021,7.178044155844155,0.0,-0.2658441558441549,108.16409090909093,2.5142857142857142,0.0,0.0,0.0,0.0,2.142857142857143,0.0,8,9.142857142857142,6,0,0,1,0,1,0,0,8,3.1291,1.725285714285714,1.0,0.4772727272727273,21,44,4.237285311573267
98,5.665109157064887,11.647058823529411,4.242424242424242,1074,7.018556701030935,7.214018374772589,13.0,4.2492480291085535,84.92319284414798,5.8018192844147976,1.0,0.0,0.0,0.0,5.625,0.11616161616161616,27,15.117647058823529,7,0,0,1,0,0,0,0,17,6.79490614679532,3.113007277137659,5.0,0.5050505050505051,100,198,6.20116844149537
99,6.702440944881889,10.833333333333334,4.5346153846153845,1487,8.470634920634922,7.854165079365079,39.0,6.298650793650793,68.60607142857145,7.692063492063491,0.0,0.0,0.0,0.0,5.4,0.2076923076923077,20,14.791666666666666,14,0,0,1,0,2,16,0,24,9.516144504307135,3.8552142857142857,7.0,0.573076923076923,149,260,6.837105326925508
100,5.7774958540630195,10.578947368421053,4.462686567164179,1124,7.549000000000003,7.819311111111111,22.0,5.027333333333331,78.80922222222226,6.044444444444444,0.0,0.0,0.0,0.0,5.2,0.16417910447761194,19,15.666666666666666,7,0,0,1,0,0,0,0,19,8.344100000000001,3.4806666666666666,5.0,0.5223880597014925,105,201,6.137221772829056
101,5.829441591784338,12.2,4.266393442622951,1332,6.6669387755102,6.725140171858217,19.0,5.092008592910851,81.52235230934481,6.953813104189044,1.0,0.0,0.0,0.0,6.0,0.12704918032786885,32,17.894736842105264,16,0,0,1,0,1,0,0,20,7.85451343220497,3.534708915145005,5.0,0.5614754098360656,137,244,6.666514062201863
102,7.028897356513454,15.375,4.341463414634147,1359,7.264227642276424,8.526395648015304,26.0,6.0267001434720235,77.62784074605453,7.089048302247729,0.0,0.0,0.0,0.0,5.75,0.1910569105691057,37,20.41176470588235,17,1,0,1,0,0,10,0,16,7.928766900206845,4.102930176948828,6.0,0.5813008130081301,143,246,6.686634242448495
103,5.425476190476189,12.619047619047619,4.215094339622642,1424,6.3932330827067645,8.479390726817043,29.0,5.985338345864665,74.71141604010027,6.570426065162907,0.0,0.0,0.0,0.0,6.125,0.11320754716981132,26,18.047619047619047,9,0,0,1,0,0,0,0,21,8.11559375814309,4.56484962406015,5.0,0.4490566037735849,119,265,6.238423606463815
104,0.13468085106383043,5.294117647058823,3.9,466,1.3065217391304387,7.8692,4.0,0.889456521739131,98.92701086956522,2.7347826086956526,0.0,0.0,0.0,0.0,1.9375,0.12222222222222222,9,8.5,2,0,0,1,0,0,0,0,17,4.557286568694721,2.3040978260869567,0.0,0.5666666666666667,51,90,5.307371330394922
105,2.8175870646766157,11.416666666666666,3.759124087591241,664,3.8402985074626876,5.84006815920398,5.0,3.911268656716416,86.90978855721394,4.765174129353234,0.0,0.0,0.0,0.0,4.777777777777778,0.0364963503649635,17,16.5,4,0,0,1,0,0,0,0,12,5.46131890053228,2.734395522388059,4.0,0.5182481751824818,71,137,5.739193916652895
106,4.178853955375253,97.0,3.788659793814433,930,5.808045977011499,6.775837254901961,23.0,4.881075050709942,78.2979006085193,6.852738336713995,0.0,0.0,0.0,0.0,5.777777777777778,0.10824742268041238,120,15.529411764705882,5,1,0,1,0,0,0,0,2,8.4952907291091,3.418958079783637,5.0,0.5670103092783505,110,194,6.3181760295068985
107,1.6536842105263148,6.947368421052632,3.8863636363636362,685,2.5609022556390997,7.189188721804511,11.0,2.6663157894736855,88.41421052631581,5.807518796992482,0.0,0.0,0.0,0.0,3.3076923076923075,0.10606060606060606,18,10.368421052631579,10,0,0,1,2,1,0,0,19,7.273561745256522,2.795924812030075,2.0,0.6439393939393939,85,132,6.097064829474354
108,2.4800077220077235,8.714285714285714,4.0109289617486334,952,4.003278688524592,6.743537314597971,13.0,2.5102107728337266,92.58672131147542,4.578610460577674,0.0,0.0,0.0,0.0,3.0769230769230766,0.07103825136612021,17,12.761904761904763,11,1,0,1,0,2,0,0,21,6.868970318607317,2.8196268540202962,2.0,0.5300546448087432,97,183,6.1053867104726125
109,10.438951656708312,19.53846153846154,4.7795275590551185,1529,10.21089494163424,9.462189382990552,53.0,10.07278765981101,55.54179961089497,12.634685936631463,1.0,0.0,0.0,0.0,10.5,0.24803149606299213,42,25.714285714285715,18,0,0,1,0,0,4,0,13,12.161744961471694,5.535528349082824,9.0,0.5866141732283464,149,254,6.647247664602335
110,2.768470588235296,11.6,3.718390804597701,863,3.873372781065086,8.334020222763662,14.0,3.1592481726418384,90.11867037939437,5.396588931430561,0.0,0.0,0.0,0.0,3.5,0.08045977011494253,27,14.882352941176471,7,0,0,1,4,1,4,0,15,6.79490614679532,3.1057946397493907,2.0,0.6206896551724138,108,174,6.449597576931169
111,3.8116117216117225,10.894736842105264,4.144927536231884,1103,5.052884615384617,5.8737858058608055,13.0,4.441126373626378,80.86339743589744,4.538827838827839,0.0,0.0,0.0,0.0,4.181818181818182,0.1642512077294686,41,14.523809523809524,11,4,0,1,0,2,4,0,19,7.447530270364452,2.89710989010989,3.0,0.5603864734299517,116,207,6.338980648330622
112,7.255389025389022,15.952380952380953,4.3104477611940295,1825,7.255855855855856,6.9952215943215945,42.0,6.2945631995632,76.89321253071253,8.577067977067978,1.0,1.0,0.0,0.0,7.428571428571429,0.14029850746268657,32,21.227272727272727,14,0,0,1,0,2,4,1,21,9.218907990703514,4.083737783237783,6.0,0.49850746268656715,167,335,6.777463590998064
113,8.648003300330032,16.75,4.447761194029851,1130,8.168316831683171,8.379849174917492,21.0,8.090841584158415,67.03728547854787,9.703630363036304,0.0,0.0,0.0,0.0,8.166666666666666,0.1691542288557214,30,23.25,11,0,0,1,0,0,4,0,12,10.686352973137792,4.6600247524752465,7.0,0.5472636815920398,110,201,6.373812448885569
114,8.288329726539445,41.666666666666664,4.48,1389,10.72307692307692,8.257073204800314,45.0,6.951961440094433,62.334662600826306,8.187369663584496,0.0,1.0,0.0,0.0,5.888888888888889,0.164,79,13.08695652173913,12,0,0,1,2,1,0,0,6,9.65351601584587,3.9838713358252993,7.0,0.476,119,250,6.461219522469181
115,6.84306418219462,17.8,4.106741573033708,943,8.208695652173915,7.503407494824017,21.0,5.306559006211181,76.13445548654246,6.529358178053831,0.0,0.0,0.0,0.0,5.222222222222222,0.12921348314606743,52,15.266666666666667,6,0,0,1,0,2,4,1,10,8.447377352677275,3.527555279503105,6.0,0.6573033707865169,117,178,6.597662153615288
116,5.0156070640176615,9.866666666666667,4.4324324324324325,1675,6.685049833887046,8.016080243632336,30.0,4.4744950166112964,80.85316002214842,5.076456256921373,0.0,0.0,0.0,0.0,3.5,0.1891891891891892,20,14.1,13,0,0,1,0,2,4,0,30,7.3011,3.767985714285714,4.0,0.543918918918919,161,296,6.805413127075736
117,6.489300699300699,13.428571428571429,4.407801418439717,1587,7.414736842105263,7.935677033492823,34.0,6.479114832535888,71.68403110047848,8.269537480063796,0.0,0.0,0.0,0.0,8.285714285714286,0.19858156028368795,32,18.727272727272727,16,0,0,1,0,1,6,0,21,9.80015041476705,4.114011961722488,7.0,0.5957446808510638,168,282,6.980571899581339
118,9.021570247933884,15.652173913043478,4.716666666666667,2154,9.758888888888887,10.140406666666667,72.0,7.4637777777777785,67.199,9.204444444444446,0.0,1.0,0.0,0.0,10.666666666666666,0.23333333333333334,39,19.76,21,1,0,1,0,0,6,0,23,9.888512548439397,5.091066666666666,9.0,0.5944444444444444,214,360,7.279209293141424
119,2.1745833333333344,8.235294117647058,4.0,729,3.8605633802816897,6.6342352112676055,14.0,2.8289964788732433,90.5874383802817,4.113380281690141,0.0,0.0,0.0,0.0,3.416666666666667,0.16428571428571428,20,13.375,5,1,0,1,0,2,0,0,17,5.602791699666715,3.1805158450704223,2.0,0.55,77,140,5.805729581348616
120,7.755368098159508,23.625,4.201058201058201,1031,8.785276073619631,7.721844294478528,30.0,5.252303680981598,71.92225920245399,7.18638036809816,0.0,0.0,0.0,0.0,3.6428571428571432,0.14285714285714285,105,11.9,24,12,0,1,0,3,25,0,8,8.841846274778883,3.6764935582822083,7.0,0.5079365079365079,96,189,6.076061471919008
121,5.294597165991902,12.238095238095237,4.11284046692607,1358,5.743629343629344,6.751236354399513,24.0,4.3965860597439566,87.82056899004269,6.224832351148141,1.0,0.0,0.0,0.0,7.833333333333334,0.10116731517509728,40,19.05263157894737,15,0,0,1,2,2,0,0,21,7.060881637134146,3.6243730948994104,5.0,0.5447470817120622,140,257,6.657837600573915
122,7.4079400000000035,15.4375,4.392712550607287,1365,7.547200000000004,8.26426,32.0,6.787749999999999,74.22762500000003,8.81,1.0,0.0,0.0,0.0,6.125,0.13765182186234817,24,21.625,10,0,0,1,0,0,0,0,16,9.516144504307135,4.555725000000001,6.0,0.5587044534412956,138,247,6.690980112785761
123,3.601551842526895,25.5,3.5176470588235293,1211,2.692968750000002,5.925409834558824,10.0,3.9266911764705874,93.73154411764708,6.804779411764706,0.0,0.0,0.0,0.0,6.125,0.0784313725490196,122,23.294117647058822,15,0,0,1,0,1,16,0,10,7.285733465282437,3.365419117647059,6.0,0.4196078431372549,107,255,5.939379021633154
124,3.756520014003968,11.384615384615385,4.0,2296,4.739866369710466,7.493097679052866,48.0,4.550006447075372,83.48651711405464,6.240792404173017,1.0,0.0,0.0,0.0,6.375,0.13288288288288289,24,17.394736842105264,16,1,0,1,0,2,2,0,39,7.573540080772712,3.6350931309342394,5.0,0.48423423423423423,215,444,6.981929998900541
125,7.404785714285715,17.5,4.164285714285715,736,6.661428571428573,7.211357142857143,11.0,7.333571428571428,73.6539285714286,10.428571428571429,0.0,1.0,0.0,0.0,9.0,0.12857142857142856,29,25.0,6,0,0,1,0,1,0,0,8,10.686352973137792,4.412214285714285,6.0,0.5642857142857143,79,140,6.04697556356874
126,6.427257799671594,14.785714285714286,4.2270531400966185,1111,6.9556650246305445,7.263516880131363,15.0,6.603270935960591,71.82477504105093,7.580821018062398,0.0,0.0,0.0,0.0,7.428571428571429,0.10628019323671498,24,18.8,8,0,0,1,0,0,4,0,14,9.725611199111238,3.6792197044334976,6.0,0.5120772946859904,106,207,6.246158878684613
127,7.063926940639266,16.285714285714285,4.18859649122807,1205,7.67798165137615,8.413500122324159,32.0,6.533045871559633,74.10935474006118,8.198654434250765,0.0,0.0,0.0,0.0,7.142857142857142,0.09649122807017543,36,19.6,11,1,0,1,0,2,0,0,14,9.210782826323648,4.229484403669725,6.0,0.5921052631578947,135,228,6.628449866281674
128,4.967078947368421,11.916666666666666,4.171328671328672,1522,5.924912280701754,7.3835,32.0,4.526162280701758,83.76292763157896,6.434210526315789,1.0,0.0,0.0,0.0,5.666666666666667,0.13636363636363635,30,16.416666666666668,10,1,0,1,0,0,6,0,24,7.937092434478241,3.660041666666667,5.0,0.5559440559440559,159,286,6.896766782258642
129,2.889072164948459,11.235294117647058,4.010471204188482,998,4.179057591623039,7.003635497382199,13.0,2.5910445026178017,93.49567670157069,4.448272251308901,0.0,0.0,0.0,0.0,4.888888888888889,0.10471204188481675,31,14.2,8,1,0,1,0,2,10,0,17,5.341637118332708,2.8609426701570677,4.0,0.6544502617801047,125,191,6.612766159431572
130,7.197818532818534,15.642857142857142,4.351598173515982,1200,7.414545454545454,6.497337662337662,14.0,6.522207792207791,76.29045454545458,9.376623376623376,1.0,0.0,0.0,0.0,7.428571428571429,0.136986301369863,29,21.928571428571427,11,0,0,1,0,0,0,0,14,10.125756701596842,4.031987012987012,6.0,0.4977168949771689,109,219,6.075902046651228
131,5.9028716002530075,14.05,3.882562277580071,1411,4.889605734767027,6.60113284840818,21.0,5.824925152856842,82.53189753320686,7.711659287370861,1.0,0.0,0.0,0.0,7.0,0.10676156583629894,34,24.352941176470587,14,0,0,1,0,1,0,0,20,7.928766900206845,3.800370651486401,6.0,0.5373665480427047,151,281,6.664622325555999
132,3.568998771498773,16.22222222222222,3.712328767123288,724,3.5013698630137,6.349690286425902,3.0,3.406911581569119,94.27688044831882,5.3090909090909095,0.0,0.0,0.0,0.0,7.833333333333334,0.06164383561643835,27,19.636363636363637,10,0,0,1,0,2,12,0,9,6.574015621080383,2.8871668742216685,3.0,0.541095890410959,79,146,5.949764073208769
133,2.5944398976982086,7.933333333333334,3.9831932773109244,618,3.629565217391306,7.40463810741688,12.0,2.336930946291563,90.35664961636829,4.792838874680307,0.0,0.0,0.0,0.0,2.7333333333333334,0.12605042016806722,24,9.823529411764707,4,0,0,1,0,1,2,0,15,7.048011613610866,2.6902148337595904,2.0,0.7142857142857143,85,119,6.193272019985557
134,5.055625000000003,9.8,4.35374149659864,806,6.773611111111112,7.731201666666667,8.0,3.96927777777778,83.70350000000002,6.617777777777778,1.0,0.0,0.0,0.0,4.454545454545454,0.11564625850340136,18,13.466666666666667,4,0,0,1,0,0,0,0,15,8.021203637495837,3.028711111111111,6.0,0.4557823129251701,67,147,5.612681447791944
135,6.8871875,17.6875,4.035335689045937,1472,5.6832167832167855,7.394009090909091,32.0,7.224606643356644,75.10306381118882,9.667482517482519,0.0,0.0,0.0,0.0,8.666666666666666,0.14840989399293286,32,27.1875,20,0,0,1,0,1,2,0,16,9.978442167317969,4.351682692307692,6.0,0.5618374558303887,159,283,6.803343244764351
136,2.009999999999998,9.642857142857142,3.7037037037037037,689,2.123188405797105,6.724486666666667,4.0,1.7646666666666668,98.79700000000001,3.969855072463768,0.0,0.0,0.0,0.0,3.5,0.044444444444444446,19,14.266666666666667,8,3,0,1,0,2,12,0,14,6.079149491110277,2.3854753623188403,1.0,0.6222222222222222,84,135,5.961546338717588
137,7.031387163561078,56.0,4.273809523809524,905,8.0075,6.962395833333334,20.0,6.572500000000002,71.68916666666668,9.083333333333334,0.0,0.0,0.0,0.0,6.111111111111111,0.17261904761904762,91,18.916666666666668,11,0,0,1,0,0,0,0,3,10.31748142421505,4.009,6.0,0.4107142857142857,69,168,5.63406743698611
138,4.429690721649486,13.785714285714286,3.9689119170984455,1011,4.8125,6.6988875,10.0,3.84,88.905,5.008333333333334,0.0,0.0,0.0,0.0,4.777777777777778,0.11398963730569948,27,17.9375,22,0,0,1,0,1,10,0,14,5.602791699666715,3.5612083333333326,4.0,0.5129533678756477,99,193,6.226249672547392
139,2.006145833333335,6.4,3.8645833333333335,492,2.9894736842105303,6.522324561403508,5.0,2.526973684210528,91.04589912280704,4.008771929824562,0.0,0.0,0.0,0.0,3.375,0.11458333333333333,13,11.583333333333334,7,3,0,1,0,0,0,0,15,6.816661863887846,2.4078815789473684,2.0,0.7604166666666666,73,96,6.044605178003164
140,9.409642857142856,19.76923076923077,4.972762645914397,1580,11.469841269841275,10.184279365079366,49.0,8.850317460317463,52.98357142857142,10.831746031746032,1.0,1.0,0.0,0.0,8.714285714285714,0.22957198443579765,54,15.761904761904763,11,0,0,1,0,0,0,0,13,11.111384760643409,5.056396825396824,10.0,0.5369649805447471,138,257,6.660742105449223
141,2.644666945957269,12.055555555555555,3.8940092165898617,1099,3.7944444444444443,5.8779262626262625,10.0,3.043720538720539,90.72787878787881,4.668013468013468,1.0,0.0,0.0,0.0,3.909090909090909,0.1152073732718894,38,15.0,9,0,0,1,0,1,6,0,18,6.112484441749459,2.661326599326599,2.0,0.5345622119815668,116,217,6.3884244331516395
142,4.390107913669066,11.08,4.15884476534296,1474,5.670758122743681,5.953179913357401,17.0,4.492932851985561,82.58518989169677,6.020447653429603,1.0,1.0,0.0,0.0,6.125,0.16606498194945848,23,16.0,14,0,0,1,2,0,0,0,25,8.48813103181909,3.084312490974729,5.0,0.4620938628158845,128,277,6.418676346848201
143,0.35460708782742856,3.857142857142857,3.8333333333333335,299,0.03214285714285836,12.911866233766236,2.0,0.9347402597402628,97.42844155844158,2.0363636363636366,0.0,0.0,0.0,0.0,1.727272727272727,0.12962962962962962,7,7.636363636363637,11,6,0,1,0,1,0,0,14,5.565023196281405,2.631818181818182,0.0,0.4444444444444444,24,54,4.208410187268525
144,3.84479968578162,11.11111111111111,4.055,1054,5.0809999999999995,8.500855263157895,26.0,3.85526315789474,86.17078947368424,5.610526315789475,0.0,1.0,0.0,0.0,4.0,0.125,21,15.473684210526315,10,0,0,1,0,2,4,0,18,6.8360192770164,3.570210526315789,3.0,0.6,120,200,6.527323273082898
145,9.859231168831169,15.454545454545455,4.758823529411765,1041,10.013714285714283,9.56861948051948,28.0,8.483116883116882,62.578701298701304,10.477922077922079,1.0,0.0,0.0,0.0,7.428571428571429,0.24705882352941178,29,21.454545454545453,11,0,0,1,0,0,0,0,11,11.20814326018867,4.94961038961039,9.0,0.5705882352941176,97,170,6.091724558071749
146,-1.2274074074074086,4.444444444444445,3.45,381,-1.3037037037037038,5.07396962962963,1.0,0.6468641975308671,100.04288888888891,2.16,0.0,0.0,0.0,0.0,1.7666666666666666,0.0125,9,8.533333333333333,0,1,0,1,0,1,0,0,18,4.604124745555138,1.7065728395061728,4.0,0.4625,37,80,4.733834766578597
147,3.905269841269842,9.571428571428571,4.276119402985074,723,5.9089552238805965,6.70363091684435,6.0,4.521961620469085,79.69014925373135,7.709168443496802,1.0,0.0,0.0,0.0,4.9,0.16417910447761194,13,13.642857142857142,2,0,0,1,0,0,0,0,14,8.841846274778883,3.215437100213219,4.0,0.4925373134328358,66,134,5.499211538439719
148,6.8822935779816525,13.4375,4.502325581395349,1215,7.8657407407407405,8.61910925925926,41.0,7.320370370370373,66.6241666666667,10.214814814814815,0.0,0.0,0.0,0.0,6.0,0.22325581395348837,25,19.1875,10,0,0,1,0,0,2,1,16,10.686352973137792,4.773055555555555,6.0,0.6325581395348837,136,215,6.71296841377536
149,7.166144578313251,12.25,4.648979591836735,1432,8.684677419354838,7.689685161290322,36.0,6.898419354838712,67.6901290322581,7.701935483870968,0.0,1.0,0.0,1.0,5.1,0.22448979591836735,29,17.2,13,0,0,1,0,0,2,0,20,9.516144504307135,3.8357870967741934,7.0,0.5183673469387755,127,245,6.479907379442479
150,2.786972704714639,10.166666666666666,3.9836065573770494,635,4.016129032258068,7.802430272952853,11.0,3.165483870967744,89.35668734491318,5.105707196029776,0.0,0.0,0.0,0.0,4.090909090909091,0.11475409836065574,16,14.153846153846153,3,0,0,1,0,0,4,0,12,7.32110970712323,3.1548908188585605,3.0,0.639344262295082,78,122,6.028170665936208
151,3.725749999999998,68.0,3.8088235294117645,658,5.488333333333337,8.112383333333334,17.0,2.870000000000001,88.73500000000001,5.2,0.0,0.0,0.0,0.0,3.0,0.0661764705882353,104,11.4,5,0,0,1,0,0,0,0,2,7.03164865440522,3.185333333333333,2.0,0.5661764705882353,77,136,5.929939473584443
152,1.8998214285714283,9.529411764705882,3.7160493827160495,813,2.7580838323353305,6.896176047904191,11.0,3.318948353293411,89.85770396706589,5.13308383233533,0.0,0.0,0.0,0.0,5.0,0.1111111111111111,19,16.25,9,0,0,1,0,1,0,0,17,7.168621630094336,3.237633607784431,4.0,0.5246913580246914,85,162,6.001159531517683
153,0.44613207547169864,4.636363636363637,3.823529411764706,263,1.8520000000000003,7.7360999999999995,3.0,1.7155000000000022,93.89525000000002,3.3000000000000003,0.0,0.0,0.0,0.0,2.375,0.0784313725490196,10,8.875,2,1,0,1,0,2,0,0,11,5.985473137389441,2.40825,1.0,0.6078431372549019,31,51,4.69367736234613
154,4.386762740183794,17.466666666666665,3.812977099236641,1312,4.193129770992368,5.804867769296013,13.0,4.859185750636133,86.14966072943174,7.04359626802375,0.0,0.0,0.0,0.0,6.857142857142857,0.10687022900763359,41,21.72222222222222,18,1,0,1,0,1,10,0,15,8.167268648758528,3.3508753180661572,3.0,0.549618320610687,144,262,6.619263672207027
155,4.31998229043684,8.310344827586206,4.377593360995851,1342,5.772727272727277,6.218367532467532,16.0,3.774102715466352,83.39803719008266,4.118299881936245,1.0,0.0,0.0,0.0,3.4615384615384617,0.1950207468879668,21,12.214285714285714,14,0,0,1,2,3,0,0,29,7.447530270364452,2.839461038961039,3.0,0.5311203319502075,128,241,6.611445700723751
156,-0.17724137931034534,4.071428571428571,3.6491228070175437,283,-0.503448275862068,6.374352413793103,1.0,-0.1038620689655172,106.13765517241382,2.32,0.0,0.0,0.0,0.0,1.9,0.017543859649122806,10,8.8,3,3,0,1,0,1,0,0,14,3.1291,1.8050758620689653,0.0,0.5964912280701754,34,57,4.801821594284619
157,2.9612003530450153,16.833333333333332,4.02970297029703,535,4.233663366336632,5.3426112511251125,6.0,3.295859585958599,87.78674167416743,4.068766876687668,0.0,0.0,0.0,0.0,4.0,0.12871287128712872,27,13.454545454545455,9,3,0,1,0,0,6,0,6,6.980632752743321,2.6445274527452742,3.0,0.6138613861386139,62,101,5.7148034380473955
158,4.5014942528735595,13.466666666666667,3.9603960396039604,1028,4.8985221674876875,7.807999638752053,15.0,4.33627586206897,88.07797701149427,6.201510673234811,0.0,0.0,0.0,0.0,5.0,0.07425742574257425,22,19.333333333333332,9,0,0,1,0,1,0,0,15,6.742157984588678,3.6368551724137927,4.0,0.47029702970297027,95,202,5.964027813965449
159,7.080714285714286,12.818181818181818,4.429078014184397,1579,7.957706093189966,8.766475012800818,42.0,6.551285202252945,71.75645161290326,8.468407578084998,1.0,1.0,0.0,0.0,6.5,0.1595744680851064,23,18.0,13,0,0,1,2,0,2,0,22,9.362217197678863,4.469274961597542,6.0,0.5531914893617021,156,282,6.723481882354181
160,0.3516091954023004,5.3125,3.929411764705882,436,1.698823529411765,6.1467431372549015,5.0,1.4741176470588258,94.58686274509806,2.266666666666667,0.0,0.0,0.0,0.0,1.9666666666666668,0.1411764705882353,10,8.333333333333334,0,1,0,1,0,3,0,0,16,5.2151,2.2450588235294116,1.0,0.6470588235294118,55,85,5.456031378024085
161,9.114479018492176,15.157894736842104,4.809027777777778,1730,9.954266211604097,8.766537794144064,50.0,7.902708819831151,65.8706861864559,8.489240165259565,0.0,0.0,0.0,0.0,6.714285714285714,0.22569444444444445,24,20.42105263157895,17,0,0,1,0,0,0,0,19,9.549672527348893,4.979921322076521,8.0,0.5590277777777778,161,288,6.801219649715638
162,4.866717171717173,14.238095238095237,3.8461538461538463,1486,4.684175084175084,6.074339461279461,22.0,5.736180134680133,80.38649242424246,6.7480808080808075,0.0,0.0,0.0,0.0,8.166666666666666,0.13377926421404682,33,22.55,12,0,0,1,0,0,0,0,21,8.548686976883017,3.7146681818181815,5.0,0.5284280936454849,158,299,6.6411746737544695
163,7.817444690265486,14.8,4.603603603603603,1291,8.646222222222224,10.0184,53.0,7.725486111111113,64.72156250000002,10.069444444444445,0.0,0.0,0.0,0.0,10.666666666666666,0.22972972972972974,30,20.0,11,0,0,1,0,1,4,0,15,11.080906280650957,5.000479166666667,7.0,0.6486486486486487,144,222,6.7085979615273095
164,4.0263909774436115,36.5,4.054794520547945,752,5.918796992481205,8.851293984962407,24.0,4.618195488721806,74.42022556390981,7.010526315789474,0.0,0.0,0.0,0.0,3.6428571428571432,0.14383561643835616,49,9.894736842105264,4,4,0,1,0,0,0,0,4,8.371475516178862,3.4425413533834583,3.0,0.6301369863013698,92,146,6.146766162967563
165,6.635392456676861,10.476190476190476,4.486363636363636,1237,7.964976958525348,7.436114541730671,22.0,5.207519201228884,79.1995327700973,7.0342037890424995,0.0,1.0,0.0,0.0,5.666666666666667,0.15454545454545454,24,16.555555555555557,8,0,0,1,0,0,0,0,21,8.998388855275966,3.5692480798771116,6.0,0.5545454545454546,122,220,6.588600271050598
166,6.976756713554984,11.956521739130435,4.589090909090909,1570,8.522058823529413,7.183698913043479,30.0,6.592026854219949,68.86460997442455,8.259846547314579,0.0,0.0,0.0,0.0,5.7,0.21454545454545454,20,16.391304347826086,8,0,0,1,0,0,2,1,23,10.848893137575418,3.8660370843989766,6.0,0.5345454545454545,147,275,6.629814241222083
167,0.7281845238095244,6.0476190476190474,3.8897637795275593,647,1.9118110236220467,7.666383164604425,10.0,1.3559730033745794,96.11241469816275,3.3639295088113985,0.0,0.0,0.0,0.0,2.25,0.047244094488188976,12,8.666666666666666,1,0,0,1,0,0,0,0,21,5.288315135182226,2.6397457817772776,0.0,0.5275590551181102,67,127,5.714765742054353
168,3.3998351648351637,11.25,4.026666666666666,1199,3.9383928571428584,6.742483791208791,8.0,2.3619642857142864,93.47342032967036,4.160439560439561,0.0,0.0,0.0,0.0,3.333333333333333,0.13333333333333333,26,12.73076923076923,22,0,0,1,0,4,16,0,20,7.32110970712323,2.3609120879120877,2.0,0.6044444444444445,136,225,6.71823523361914
169,7.786942845394737,13.210526315789474,4.717131474103586,1484,9.364940239043825,7.751702264625708,29.0,6.4864080520025205,72.08767037114701,7.515286223526946,0.0,1.0,0.0,0.0,6.0,0.20717131474103587,29,17.63157894736842,6,0,0,1,0,1,8,0,19,9.414487439383343,4.106465087020339,7.0,0.47808764940239046,120,251,6.409165476076939
170,3.265088757396448,12.615384615384615,3.817073170731707,825,3.789156626506024,6.457624930491196,7.0,3.8912048192771103,89.90796570898983,5.348656163113995,0.0,0.0,0.0,0.0,5.625,0.0975609756097561,22,19.923076923076923,8,1,0,1,0,0,8,0,13,6.67199483983844,3.209341056533827,5.0,0.5182926829268293,85,164,5.9546361507484775
171,1.3220246659815018,12.363636363636363,3.5808823529411766,664,1.5811594202898576,6.299399792960663,4.0,1.5934161490683252,101.19521739130437,4.522567287784679,0.0,0.0,0.0,0.0,4.666666666666667,0.058823529411764705,27,15.857142857142858,8,0,0,1,0,2,14,0,11,5.288315135182226,2.6027701863354036,4.0,0.5294117647058824,72,136,5.753351146885888
172,3.1957106598984772,9.9,4.01010101010101,1020,4.571573604060912,5.808257969543147,10.0,3.226119289340101,89.47684390862946,4.95522842639594,0.0,0.0,0.0,0.0,4.090909090909091,0.08080808080808081,21,13.75,6,0,0,1,0,1,0,0,20,7.168621630094336,2.751707868020304,3.0,0.5353535353535354,106,198,6.267267269701951
173,8.53744733242134,12.352941176470589,5.0285714285714285,1300,10.96952380952381,10.038872549019608,41.0,8.051456582633055,59.33962184873951,10.46498599439776,0.0,0.0,0.0,0.0,6.333333333333333,0.2619047619047619,24,16.529411764705884,7,0,0,1,0,0,0,0,17,11.20814326018867,4.669336134453781,9.0,0.5952380952380952,125,210,6.576240015861014
174,6.418512573568755,12.85,4.498054474708171,1487,7.483773584905659,8.790857592093442,37.0,5.895956873315363,75.26742138364781,6.707996406109614,0.0,0.0,0.0,0.0,5.333333333333333,0.23735408560311283,22,18.19047619047619,13,2,0,1,0,2,6,0,20,7.957251820313856,4.305832884097034,6.0,0.5719844357976653,147,257,6.7364880460514955
175,7.807759398496238,16.473684210526315,4.325878594249201,1715,7.363809523809522,7.6168157894736845,29.0,7.320868838763577,72.1045112781955,7.90142021720969,0.0,0.0,0.0,0.0,7.142857142857142,0.18210862619808307,33,23.526315789473685,18,1,0,1,0,0,2,0,19,8.841846274778883,4.514409356725146,6.0,0.5015974440894568,157,313,6.735646708061441
176,6.508623188405796,11.027027027027026,4.607843137254902,2367,8.321167883211679,7.737267883211679,53.0,6.49072384428224,68.86168187347933,8.65425790754258,0.0,0.0,0.0,0.0,5.7,0.19852941176470587,19,15.63888888888889,15,0,0,1,0,4,6,0,37,10.125756701596842,4.039017639902676,7.0,0.44607843137254904,182,408,6.832286943018807
177,7.620816326530612,16.0,4.333333333333333,267,7.241666666666667,1.4515166666666668,1.0,8.595833333333335,61.932500000000005,6.4,1.0,0.0,0.0,0.0,7.666666666666666,0.16666666666666666,19,22.333333333333332,3,0,0,1,0,0,4,0,3,7.793537801064561,3.2741666666666664,7.0,0.6875,33,48,4.886842188131011
178,5.6856140350877205,47.5,4.147368421052631,982,7.608187134502927,8.632319883040935,29.0,5.849502923976612,70.04513157894736,8.712280701754386,0.0,1.0,0.0,0.0,5.090909090909091,0.17894736842105263,59,13.944444444444445,6,0,0,1,0,0,0,0,4,10.125756701596842,3.9387339181286545,5.0,0.5263157894736842,100,190,6.137490740362894
179,11.986638795986622,18.9375,5.204620462046204,1948,13.003367003367003,10.327538114478115,75.0,10.543587542087543,45.91982575757581,10.788484848484849,0.0,0.0,0.0,0.0,8.714285714285714,0.297029702970297,62,19.45,25,0,0,1,0,0,18,0,16,11.979248473330827,5.71264797979798,10.0,0.5577557755775577,169,303,6.804242410458364
180,1.9448226950354588,7.555555555555555,4.088235294117647,725,3.707246376811593,6.4195927536231885,10.0,2.620289855072464,89.93159420289857,3.936231884057971,0.0,0.0,0.0,0.0,2.857142857142857,0.125,16,11.0,5,3,0,1,0,0,0,0,18,6.937597516519254,2.6055072463768116,2.0,0.5294117647058824,72,136,5.8033271136662545
181,-1.4665427830596371,6.285714285714286,3.3636363636363638,402,-0.5563218390804607,4.875909725906277,0.0,-0.36620689655172356,109.60782493368703,2.676923076923077,0.0,0.0,0.0,0.0,2.3461538461538463,0.0,14,10.846153846153847,3,0,0,1,0,0,0,0,14,3.1291,1.7826153846153845,0.0,0.5568181818181818,49,88,5.138750829038527
182,0.7601499531396421,9.4,3.776595744680851,465,2.5170212765957416,4.900248162475822,2.0,2.0533655705996168,95.56136363636367,3.418181818181818,0.0,0.0,0.0,0.0,3.545454545454546,0.1276595744680851,17,12.909090909090908,3,0,0,1,0,0,0,0,10,6.112484441749459,2.226887814313346,2.0,0.6382978723404256,60,94,5.620647894849756
183,4.733807947019869,8.277777777777779,4.332214765100671,1658,6.257333333333335,7.6063,28.0,4.161333333333335,83.03900000000002,5.066666666666666,1.0,1.0,0.0,0.0,4.2727272727272725,0.1476510067114094,31,14.133333333333333,10,1,0,1,0,3,4,0,36,7.168621630094336,3.5389999999999997,4.0,0.4966442953020134,148,298,6.626827923817176
184,4.033540669856457,12.210526315789474,3.9698275862068964,1182,5.030434782608701,7.326268878718535,10.0,4.265835240274601,86.03946224256295,6.233409610983982,0.0,0.0,0.0,0.0,6.0,0.06896551724137931,21,17.210526315789473,6,3,0,1,0,0,0,0,19,8.032893268588372,3.518016018306636,5.0,0.46120689655172414,107,232,6.282536758966222
185,4.378525096525099,13.214285714285714,3.9297297297297296,941,4.881967213114756,6.528230835284933,11.0,3.8870921155347418,90.47569672131148,5.665729898516783,0.0,0.0,0.0,0.0,5.375,0.10810810810810811,24,19.357142857142858,7,0,0,1,0,0,8,0,14,6.868970318607317,3.199011319281811,4.0,0.5135135135135135,95,185,6.140558165093435
186,1.986857923497265,12.68421052631579,3.7510373443983402,1196,2.912033195020747,5.70701479944675,10.0,2.280606846473031,96.59706517980636,4.348616874135547,0.0,0.0,0.0,0.0,4.3,0.0912863070539419,24,15.375,11,0,0,1,0,1,14,0,19,5.46131890053228,2.64740612033195,4.0,0.5269709543568465,127,241,6.465788426666655
187,6.3631003474351076,10.80952380952381,4.665198237885463,1336,8.454782608695652,9.465955486542445,39.0,6.381428571428575,68.81833333333334,8.554865424430643,0.0,0.0,0.0,0.0,5.888888888888889,0.22466960352422907,20,15.095238095238095,9,0,0,1,0,0,0,0,21,9.725611199111238,4.365024844720496,8.0,0.5947136563876652,135,227,6.6047492480031105
188,4.2600535236396055,11.45,4.100436681222708,1215,5.210300429184553,7.700932889089677,29.0,5.246708832166252,79.28832392139147,7.823718093517055,0.0,0.0,0.0,0.0,5.1,0.13973799126637554,23,17.68421052631579,6,0,0,1,0,4,0,0,20,9.134995656068206,4.081409984187937,4.0,0.5502183406113537,126,229,6.564546293631949
189,6.514469792986905,14.666666666666666,4.2272727272727275,1416,6.871755725190841,7.914218914334182,27.0,5.354605597964376,82.59775233248519,7.04359626802375,1.0,0.0,0.0,0.0,5.75,0.15151515151515152,23,20.5,14,0,0,1,0,0,0,0,18,7.984000788550335,3.8760661577608135,6.0,0.553030303030303,146,264,6.620607483149274
190,3.7588362068965537,14.133333333333333,4.033018867924528,1122,5.342723004694836,6.119974929577465,12.0,4.684150234741786,86.77129577464788,6.806760563380282,0.0,0.0,0.0,0.0,6.857142857142857,0.09433962264150944,30,20.2,7,1,0,1,2,1,0,0,15,7.554174236665414,3.366082629107981,5.0,0.49528301886792453,105,212,6.215971881170482
191,9.6375618729097,17.46153846153846,4.638766519823789,1316,9.290829694323143,8.923148841115218,31.0,8.645065502183407,64.45669465905274,10.539603627813236,0.0,0.0,0.0,0.0,12.4,0.23348017621145375,27,24.46153846153846,13,0,0,1,0,0,0,0,13,10.891193690592665,5.200498488411151,8.0,0.5550660792951542,126,227,6.5328173763627655
192,2.059047619047618,9.947368421052632,3.751322751322751,921,3.146808510638298,5.75034231678487,10.0,3.04503546099291,91.8338888888889,5.028841607565012,0.0,0.0,0.0,0.0,3.7272727272727275,0.12169312169312169,18,16.333333333333332,2,0,0,1,0,1,2,0,19,6.139981653823899,2.7691134751773046,2.0,0.5925925925925926,112,189,6.30697441995446
193,1.3835527359238675,7.230769230769231,3.904255319148936,489,2.655670103092781,6.773911895321174,7.0,2.0395876288659807,93.72957969865188,2.9846153846153847,0.0,0.0,0.0,0.0,2.9615384615384617,0.1702127659574468,16,11.615384615384615,1,0,0,1,0,0,0,0,13,5.873414542411695,2.6003552735923865,2.0,0.5425531914893617,51,94,5.1516084916068765
194,8.400941176470589,14.764705882352942,4.661354581673307,1463,9.088627450980397,7.476578431372549,25.0,8.029411764705884,64.21235294117649,9.764705882352942,0.0,0.0,0.0,0.0,10.833333333333334,0.22709163346613545,23,20.88235294117647,11,0,0,1,0,0,0,0,17,12.108454555606663,4.066941176470587,7.0,0.5537848605577689,139,251,6.509347725100157
195,7.617555228276878,14.846153846153847,4.549222797927461,1107,8.624999999999996,8.757666071428572,30.0,6.782529761904762,70.86187500000004,7.152380952380952,1.0,0.0,0.0,0.0,7.0,0.18134715025906736,28,18.142857142857142,9,0,0,1,4,0,0,0,13,8.634040054169528,4.564380952380953,6.0,0.6476683937823834,125,193,6.710705402528571
196,0.9282043343653257,6.705882352941177,3.8859649122807016,573,1.9684210526315802,6.185252115583075,2.0,0.4814344685242524,103.5548452012384,2.682352941176471,0.0,0.0,0.0,0.0,2.4,0.07017543859649122,12,9.588235294117647,0,0,0,1,0,0,0,0,17,4.514644488427479,2.01084520123839,1.0,0.6140350877192983,70,114,5.823603610428236
197,2.4214416352877883,7.636363636363637,4.083333333333333,886,3.718343195266275,6.8204767616998385,12.0,3.3952582033351284,84.40245158687469,4.49284561592254,0.0,0.0,0.0,0.0,3.0,0.1488095238095238,15,10.772727272727273,4,0,0,1,0,1,0,0,22,6.7829847944221076,2.634562399139322,2.0,0.5416666666666666,91,168,5.9839186782904354
198,-0.7873760330578534,6.470588235294118,3.6818181818181817,562,1.0909090909090935,5.125863636363636,2.0,0.39306818181818315,104.48960227272728,2.75,0.0,0.0,0.0,0.0,2.4,0.09090909090909091,19,10.5625,6,0,0,1,0,2,10,0,17,5.148860815047168,1.964738636363636,4.0,0.5636363636363636,62,110,5.647103750156402
199,3.0576250000000016,12.461538461538462,3.8703703703703702,821,3.96875,5.514125,7.0,2.765000000000004,93.05,4.0,1.0,0.0,0.0,0.0,4.2,0.08641975308641975,22,14.875,12,0,0,1,0,2,6,0,13,5.602791699666715,2.62525,3.0,0.6419753086419753,104,162,6.380706984715354
200,3.9445248868778293,17.076923076923077,3.7567567567567566,1107,3.900000000000002,6.28801871657754,17.0,4.314331550802141,87.18061497326207,6.267379679144385,1.0,0.0,0.0,0.0,5.625,0.08108108108108109,36,19.941176470588236,20,1,0,1,0,2,10,0,13,7.285733465282437,3.406433155080214,5.0,0.5405405405405406,120,222,6.484315911883191
201,6.446129032258067,13.214285714285714,4.454054054054054,1041,7.725806451612904,7.817023870967742,21.0,5.106215053763439,80.5393225806452,6.465376344086022,0.0,0.0,0.0,0.0,5.111111111111111,0.15135135135135136,35,16.733333333333334,7,7,0,1,0,2,0,1,14,8.021203637495837,3.7895505376344087,5.0,0.6054054054054054,112,185,6.42907512826453
202,5.671388888888892,14.5,4.247648902821316,1733,6.732492113564671,7.031223238696109,35.0,5.53033517350158,78.9383208464774,7.428443743427971,0.0,0.0,0.0,0.0,7.833333333333334,0.16300940438871472,38,18.791666666666668,14,0,0,1,0,6,10,0,22,8.72156446121922,3.9764538643533123,6.0,0.5109717868338558,163,319,6.916627994233294
203,5.86287846889952,13.75,4.112727272727272,1445,6.0087272727272705,6.651122009569378,22.0,5.974009569377991,78.01111961722488,6.516746411483253,0.0,0.0,0.0,0.0,6.714285714285714,0.10909090909090909,25,20.63157894736842,16,1,0,1,0,3,2,1,20,8.032893268588372,3.6303349282296646,5.0,0.5054545454545455,139,275,6.605812761000834
204,4.359812923450299,11.620689655172415,4.14540059347181,1784,5.569321533923308,7.10415350422134,29.0,4.249791475943443,85.41424778761063,5.38382667073543,1.0,0.0,0.0,0.0,3.7272727272727275,0.10682492581602374,24,16.82758620689655,8,0,0,1,0,0,0,0,29,6.311591054244273,3.628834299664327,3.0,0.47181008902077154,159,337,6.617803406457595
205,8.83898911100276,14.55,4.797250859106529,1741,9.75221843003413,9.017036388753453,52.0,7.652111165285227,65.05149032992038,9.81303429221518,1.0,0.0,0.0,0.0,6.222222222222222,0.23711340206185566,39,18.952380952380953,14,0,0,1,0,2,6,1,20,10.398101306919678,4.802190151145782,8.0,0.5567010309278351,162,291,6.903408138857587
206,3.832417582417584,22.8,4.12280701754386,1253,4.571179039301306,6.34877638562311,17.0,3.5096288209606996,85.5877687269063,5.444474302989588,1.0,0.0,0.0,0.0,4.0,0.13157894736842105,103,13.076923076923077,12,0,0,1,0,10,40,0,10,7.010146845296333,2.9821946590527375,3.0,0.5175438596491229,118,228,6.481375907550835
207,-1.582878787878787,3.7333333333333334,3.357142857142857,259,-3.1709090909090882,5.299287878787879,4.0,0.5720454545454565,99.12473484848485,2.5606060606060606,0.0,0.0,0.0,0.0,1.375,0.03571428571428571,9,7.25,0,2,0,1,0,4,0,0,15,4.7782277997778095,2.1107045454545452,4.0,0.625,35,56,4.901478922893308
208,2.7314747191011257,5.4375,4.390804597701149,492,3.773033707865171,8.525208988764046,6.0,1.5613974719101122,93.7755793539326,2.6744382022471913,1.0,0.0,0.0,0.0,2.03125,0.1839080459770115,14,8.125,2,1,0,1,0,0,0,0,16,5.985473137389441,2.2030877808988762,1.0,0.6091954022988506,53,87,5.368415410154888
209,4.359015748031496,12.0,4.063492063492063,1304,5.326984126984129,6.266539365079365,22.0,4.54225396825397,84.93885714285716,5.516190476190476,1.0,0.0,0.0,0.0,5.5,0.10714285714285714,21,18.1,6,2,0,1,0,5,0,0,21,6.508806274219699,3.571155555555555,5.0,0.4880952380952381,123,252,6.472836309578712
210,10.349600000000002,30.0,3.953333333333333,763,5.9453333333333305,7.508166666666667,16.0,9.34266666666667,72.60800000000002,10.533333333333333,0.0,0.0,0.0,0.0,13.25,0.1,49,37.333333333333336,11,1,0,1,0,1,4,0,5,7.168621630094336,5.453333333333333,9.0,0.56,84,150,5.937873871536196
211,1.6026302083333306,11.636363636363637,3.5859375,608,1.9968750000000028,1.2692229166666666,1.0,1.6606249999999996,102.15520833333336,4.266666666666667,1.0,0.0,0.0,0.0,4.0,0.0546875,27,16.75,8,0,0,1,0,0,2,0,11,4.7782277997778095,2.4101874999999997,1.0,0.609375,78,128,5.970262012712309
212,2.883116760828628,6.2105263157894735,4.245762711864407,644,4.261016949152545,6.102672504708098,7.0,2.666666666666668,87.62009416195858,2.96120527306968,0.0,0.0,0.0,0.0,2.6,0.16101694915254236,11,9.722222222222221,3,1,0,1,0,0,0,0,19,5.82211442006289,2.492146892655367,2.0,0.5423728813559322,64,118,5.646148745608161
213,3.746944444444445,12.72,3.9465408805031448,1646,4.765732087227413,7.226780789200415,25.0,4.780000000000001,81.9677777777778,6.250882658359295,0.0,0.0,0.0,0.0,5.777777777777778,0.08490566037735849,26,17.296296296296298,19,0,0,1,0,1,0,0,25,8.045849151850462,3.265489096573208,4.0,0.4968553459119497,158,318,6.662280803534978
214,2.6418260869565238,10.266666666666667,4.012987012987013,836,2.790909090909093,5.5065913608131,4.0,0.8901355166572564,100.60644551101073,2.678260869565218,0.0,0.0,0.0,0.0,2.0588235294117645,0.09740259740259741,21,9.304347826086957,10,0,0,1,0,6,26,0,15,5.511479884284511,2.0064635798983623,2.0,0.551948051948052,85,154,6.12665082716476
215,1.3730288461538471,10.416666666666666,3.648,615,2.0444444444444443,5.871682905982906,2.0,1.8630158730158755,98.96873626373629,4.511843711843712,0.0,0.0,0.0,0.0,4.4,0.056,19,14.923076923076923,7,0,0,1,0,2,6,0,12,6.297961479604793,2.4786312576312572,1.0,0.576,72,125,5.91339328448901
216,9.406675358539761,14.666666666666666,4.926136363636363,1079,10.53446327683616,9.575156410256412,34.0,8.586666666666666,57.7509778357236,11.547848761408083,0.0,0.0,0.0,0.0,7.125,0.23295454545454544,35,18.153846153846153,11,0,0,1,0,0,4,0,12,11.661520659325951,4.799447196870926,8.0,0.6534090909090909,115,176,6.565918090420357
217,3.9924880382775108,11.761904761904763,4.004048582995951,1286,4.658536585365852,5.731605986696231,11.0,4.216437546193642,84.74886917960092,5.773540280857354,0.0,0.0,0.0,0.0,7.571428571428571,0.10526315789473684,24,16.40909090909091,11,7,0,1,0,1,16,0,21,8.00094639256281,2.8351485587583145,3.0,0.5425101214574899,134,247,6.51599142535756
218,5.897972350230415,16.76923076923077,3.9724770642201834,1118,5.3299539170506876,6.733779262672811,24.0,6.496474654377881,76.09328341013828,7.8589861751152075,1.0,1.0,0.0,0.0,11.4,0.13302752293577982,33,22.857142857142858,16,0,0,1,0,0,4,0,13,9.424239791934728,4.094546082949309,5.0,0.5504587155963303,120,218,6.534591967488259
219,4.141649831649829,11.346153846153847,4.071186440677966,1564,4.828474576271191,7.38995134965474,28.0,4.591111111111115,81.60688010043944,5.861895794099183,0.0,0.0,0.0,0.0,7.0,0.1152542372881356,43,15.666666666666666,17,2,0,1,0,5,16,0,26,7.3871296695380915,3.6622674199623346,6.0,0.5694915254237288,168,295,6.9520189486212045
220,7.742623328722914,12.578947368421053,4.698744769874477,1393,9.150627615062763,8.193027568572756,29.0,7.1155299860530015,67.69696768944678,9.495211529521155,1.0,0.0,0.0,0.0,7.125,0.21338912133891214,18,18.166666666666668,10,0,0,1,0,2,0,0,19,10.74609503303851,4.2584470013947,7.0,0.5104602510460251,122,239,6.450798874707778
221,2.0708743633276754,18.5,3.72972972972973,926,3.179999999999996,6.738061403508772,12.0,2.7236257309941543,92.4092105263158,4.678362573099415,0.0,0.0,0.0,0.0,4.4,0.06486486486486487,46,14.052631578947368,11,0,0,1,0,3,21,0,10,5.7502877580894305,3.03478947368421,2.0,0.5027027027027027,93,185,6.108351916336497
222,6.204322862492198,15.625,4.316,1383,6.8904,6.815531578947368,15.0,6.486378947368422,71.99413684210528,8.303157894736842,0.0,0.0,0.0,0.0,10.833333333333334,0.192,36,19.526315789473685,12,0,0,1,0,4,19,0,16,11.101131339891392,3.6574631578947363,6.0,0.456,114,250,6.0786122148622885
223,5.657484848484852,13.5,4.277777777777778,875,6.644171779141107,7.506981799591002,19.0,5.778665644171777,77.82583077709614,6.660327198364008,0.0,1.0,0.0,0.0,6.428571428571429,0.16049382716049382,25,19.666666666666668,5,0,0,1,0,1,0,0,12,7.492282038375204,3.9677469325153374,6.0,0.5802469135802469,94,162,6.143915646542772
224,2.4450000000000003,11.333333333333334,3.8823529411764706,526,3.12156862745098,6.689766666666667,6.0,2.532843137254904,92.04279411764708,4.184313725490196,0.0,0.0,0.0,0.0,3.5,0.06862745098039216,23,12.75,4,1,0,1,0,1,12,0,9,6.42735559955562,2.7120098039215685,2.0,0.5882352941176471,60,102,5.575235116498603
225,5.814062500000002,17.0,4.117647058823529,1057,7.138541666666669,7.850241666666667,25.0,4.700416666666669,82.73625,7.508333333333333,1.0,0.0,0.0,0.0,5.875,0.12745098039215685,43,16.8125,7,0,0,1,2,0,0,0,12,8.472884824447931,4.009124999999999,7.0,0.5049019607843137,103,204,6.261444584791031
226,3.496495695839311,9.222222222222221,4.042168674698795,864,4.917791411042945,6.921340274269216,15.0,3.9310068567304235,83.95692890653196,5.062287982677734,0.0,1.0,0.0,0.0,4.7,0.13253012048192772,21,14.235294117647058,9,0,0,1,0,2,0,0,18,7.285733465282437,3.0351129556116923,4.0,0.608433734939759,101,166,6.199454090047904
227,2.960207587687904,10.363636363636363,4.105263157894737,628,3.6488188976377955,8.063406513958483,7.0,3.407215461703654,91.19825340014317,5.563063707945598,0.0,0.0,0.0,0.0,5.875,0.08771929824561403,21,17.454545454545453,7,0,0,1,0,0,0,0,11,6.980632752743321,3.0763579098067284,2.0,0.6052631578947368,69,114,5.874483163584204
228,7.773313609467458,12.846153846153847,4.748502994011976,984,9.424999999999997,8.224984615384615,26.0,7.992857142857144,60.7752197802198,7.788278388278389,0.0,0.0,0.0,0.0,7.428571428571429,0.30538922155688625,21,18.153846153846153,3,0,0,1,0,0,0,1,13,10.21488967967688,4.452820512820512,7.0,0.5868263473053892,98,167,6.229655508573643
229,4.326115107913669,13.9,3.906474820143885,693,4.728057553956834,6.257091079136691,8.0,5.3662517985611515,81.3466438848921,5.847769784172662,0.0,0.0,0.0,0.0,5.75,0.11510791366906475,26,20.5,2,0,0,1,0,0,0,0,10,7.168621630094336,3.6650870503597117,5.0,0.5683453237410072,79,139,5.932072029652606
230,6.984482758620686,17.3,4.144508670520231,905,6.656976744186046,6.968282790697675,21.0,6.965674418604653,75.75723255813956,8.275348837209302,0.0,0.0,0.0,0.0,8.333333333333334,0.13872832369942195,27,24.7,5,0,0,1,0,0,0,0,10,8.841846274778883,4.3642,6.0,0.6011560693641619,104,173,6.275047157997439
231,-0.4163857677902634,7.333333333333333,3.5568181818181817,415,0.6067415730337089,5.9559397003745325,5.0,1.6216011235955072,96.64640917602996,3.8655430711610492,0.0,0.0,0.0,0.0,2.9583333333333335,0.06818181818181818,16,11.583333333333334,2,0,0,1,0,0,0,0,12,5.985473137389441,2.3678960674157303,5.0,0.6477272727272727,57,88,5.524899448665394
232,7.602055888223553,12.0,4.720238095238095,998,9.42994011976048,9.578114530938123,35.0,7.476550898203591,61.289157684630766,10.20183632734531,0.0,0.0,0.0,0.0,5.090909090909091,0.23214285714285715,24,15.333333333333334,10,0,0,1,0,0,0,0,14,10.504223727775692,4.571674251497006,9.0,0.6964285714285714,117,168,6.498633104401274
233,3.7966883116883103,14.785714285714286,4.043478260869565,1124,4.310144927536232,6.086475933245499,11.0,3.242830478700043,88.57172924901187,3.956873078612209,0.0,0.0,0.0,0.0,3.153846153846154,0.0966183574879227,64,13.363636363636363,18,2,0,1,0,3,34,0,14,6.574015621080383,2.8719620114185327,3.0,0.5507246376811594,114,207,6.477539571135088
234,8.19075294117647,11.588235294117647,4.903553299492386,1207,9.959,8.799129411764707,35.0,6.757235294117649,67.5708235294118,6.905882352941177,0.0,0.0,0.0,0.0,5.666666666666667,0.25380710659898476,18,15.529411764705882,13,0,0,1,0,0,0,0,17,9.007467420416297,4.475823529411764,8.0,0.583756345177665,115,197,6.4473647185193075
235,9.198151260504204,14.75,4.830508474576271,1412,10.357627118644068,9.787549152542374,45.0,8.762500000000003,58.511207627118665,11.154237288135594,0.0,0.0,0.0,0.0,8.428571428571429,0.2542372881355932,25,20.4375,6,0,0,1,0,0,0,1,16,11.698219412168324,5.06875,8.0,0.5635593220338984,133,236,6.623961562463527
236,3.9834329521829517,11.307692307692308,3.993197278911565,1538,4.634812286689417,6.3510852454712525,23.0,3.746296928327645,88.27522906274613,5.599842478340772,1.0,0.0,0.0,0.0,5.75,0.10884353741496598,27,16.76923076923077,16,0,0,1,0,2,14,0,26,6.490185161304078,3.161749934365975,5.0,0.5544217687074829,163,294,6.81433077465865
237,3.8643,8.727272727272727,4.21875,532,5.444897959183674,8.311763673469388,7.0,2.921795918367348,91.56963265306123,4.736326530612245,0.0,0.0,0.0,0.0,4.1,0.15625,18,14.5,7,3,0,1,0,2,0,0,11,5.683917801722854,3.4493714285714288,4.0,0.6041666666666666,58,96,5.506161589756175
238,5.217692307692307,16.0,3.7548076923076925,1024,4.875862068965517,6.822303865100417,17.0,5.729556650246305,81.79720727548315,8.019552860932171,0.0,1.0,0.0,0.0,6.125,0.11057692307692307,26,23.153846153846153,8,1,0,1,0,0,0,0,13,9.057496981413337,3.8033308071239103,5.0,0.5625,117,208,6.458084808011515
239,3.559251405212059,10.842105263157896,4.019417475728155,1062,4.769756097560975,5.172974967907574,5.0,3.468626444159181,89.41148908857511,4.7060333761232345,0.0,0.0,0.0,0.0,4.0,0.0970873786407767,26,15.526315789473685,4,1,0,1,0,1,4,0,19,6.339386263674447,2.695925545571245,3.0,0.5145631067961165,106,206,6.205491153759383
240,8.389050086355788,13.2,4.671717171717172,1153,9.93403141361257,7.5748796160558465,29.0,7.106890052356025,66.7892006980803,7.396998254799302,0.0,1.0,0.0,0.0,6.75,0.20707070707070707,25,17.066666666666666,11,0,0,1,0,1,0,0,15,9.888512548439397,4.210316230366491,6.0,0.5606060606060606,111,198,6.407621347957006
241,7.392453531598509,29.0,4.406896551724138,1608,9.183582089552239,9.1762343880597,50.0,5.894531343283585,71.89524477611943,6.825313432835822,1.0,0.0,0.0,0.0,5.555555555555555,0.19655172413793104,85,14.92,19,0,0,1,0,0,0,0,10,8.364918446050245,4.147534925373135,5.0,0.593103448275862,172,290,6.969613162533409
242,9.185163934426228,44.0,4.568181818181818,756,11.059016393442626,9.418669180327868,25.0,6.384393442622951,71.0192131147541,8.48655737704918,0.0,0.0,0.0,0.0,6.625,0.17424242424242425,67,15.9,8,0,0,1,0,0,0,0,3,9.888512548439397,4.462478688524589,8.0,0.6590909090909091,87,132,6.046933869943696
243,0.3853846153846163,7.5,3.8,377,2.459459459459456,7.204215675675675,6.0,1.4878918918918913,97.57535135135137,4.0410810810810815,0.0,0.0,0.0,0.0,3.0,0.08,18,11.2,3,0,0,1,0,0,0,0,10,6.2581,2.6959135135135135,2.0,0.68,51,75,5.495224690380496
244,9.144052631578948,17.625,4.475177304964539,1597,8.326056338028167,7.908414084507043,33.0,8.409260563380283,66.38705985915496,8.930985915492958,1.0,0.0,0.0,0.0,8.833333333333334,0.19858156028368795,56,24.8125,16,0,0,1,0,0,12,0,16,10.550175099000144,4.674144366197183,7.0,0.49645390070921985,140,282,6.580070454611313
245,1.3524835164835167,13.529411764705882,3.8,1196,2.6034334763948515,6.452880719709475,15.0,2.287832618025753,94.62144189501488,4.271310663585342,0.0,0.0,0.0,0.0,3.5,0.06521739130434782,39,13.615384615384615,16,1,0,1,0,3,24,1,17,5.873414542411695,2.8776842192142618,1.0,0.5217391304347826,120,230,6.455093723424603
246,5.383768472906407,12.428571428571429,4.241379310344827,934,6.351724137931036,6.9753709359605915,13.0,4.7192118226601,83.3648275862069,5.661083743842365,1.0,0.0,0.0,0.0,6.125,0.1896551724137931,22,17.428571428571427,7,0,0,1,0,2,2,0,14,7.70948699238394,3.530509031198686,5.0,0.5689655172413793,99,174,6.334266108374104
247,3.8591176470588238,12.625,3.9158415841584158,1041,4.363366336633664,5.945567676179383,10.0,4.115404775771697,86.72094641817124,5.1489807804309855,0.0,0.0,0.0,0.0,6.571428571428571,0.06930693069306931,29,17.235294117647058,9,1,0,1,0,2,16,0,16,6.227271661974013,3.153025626092021,5.0,0.5594059405940595,113,202,6.440037597210632
248,8.930959967320263,18.066666666666666,4.656826568265683,1588,9.044852941176469,8.565716993464052,34.0,7.265833333333337,69.88472222222224,7.809150326797385,0.0,0.0,0.0,0.0,6.375,0.25830258302583026,33,20.555555555555557,14,2,0,1,0,0,17,0,15,8.680891452615391,4.771872549019608,8.0,0.5682656826568265,154,271,6.8291445092613845
249,5.16940203562341,11.909090909090908,4.320610687022901,718,6.5480916030534395,6.468119338422392,11.0,4.160629770992369,84.67672073791353,4.97735368956743,0.0,0.0,0.0,0.0,4.666666666666667,0.16030534351145037,17,15.416666666666666,5,0,0,1,0,1,4,0,11,5.985473137389441,3.559929389312977,4.0,0.549618320610687,72,131,5.868511864635711
250,5.916830553116771,11.764705882352942,4.45,1116,7.465,7.220129411764706,24.0,4.81023529411765,81.52982352941177,6.305882352941177,0.0,0.0,0.0,0.0,5.222222222222222,0.195,21,16.235294117647058,8,0,0,1,0,1,0,0,17,7.5105763829236425,3.5728235294117643,5.0,0.57,114,200,6.347079502802429
251,3.6246944444444438,9.851851851851851,4.2593984962406015,1467,5.1255639097744385,6.838762406015038,18.0,3.0894689849624086,87.71811325187971,5.580639097744362,0.0,0.0,0.0,0.0,3.5384615384615383,0.15789473684210525,33,11.9375,11,1,0,1,0,2,20,0,27,7.531066641456976,2.8839948308270675,3.0,0.556390977443609,148,266,6.849337851442243
252,4.543053221288517,43.333333333333336,4.130769230769231,674,6.6907563025210095,7.479909299719888,15.0,4.063663865546221,80.05829691876752,5.5262745098039225,0.0,0.0,0.0,0.0,3.2142857142857144,0.06923076923076923,76,10.8,3,1,0,1,0,0,0,0,3,7.793537801064561,3.330709243697479,6.0,0.6923076923076923,90,130,6.173608609738936
253,1.2200457665903883,8.058823529411764,3.8686131386861313,695,2.1941605839416063,6.068740645409143,4.0,1.6060468689973106,96.39076834421822,2.8842105263157896,0.0,0.0,0.0,0.0,2.7857142857142856,0.0948905109489051,17,10.68421052631579,3,0,0,1,0,2,6,0,17,5.399115186594226,2.1067791010372643,1.0,0.5620437956204379,77,137,5.922304619770999
254,5.812855035819638,10.761904761904763,4.504424778761062,1274,7.472566371681417,6.825246228402865,23.0,5.8372313527180815,72.38069321533924,7.490602612726507,0.0,0.0,0.0,0.0,5.666666666666667,0.168141592920354,20,14.714285714285714,10,0,0,1,0,0,0,0,21,9.107695989026187,3.5741276864728193,5.0,0.5,113,226,6.371076985226978
255,3.1162658633508507,8.741935483870968,3.9483394833948338,1406,4.067164179104477,7.099685846628924,19.0,2.588018528049407,92.96768656716421,4.293566649511066,0.0,0.0,0.0,0.0,3.6363636363636367,0.11808118081180811,35,13.793103448275861,13,3,0,1,0,2,16,0,31,5.935793293072706,3.1047210499227993,3.0,0.4870848708487085,132,271,6.380838689950213
256,5.3560606060606055,13.0,4.177884615384615,1116,7.015228426395936,7.731912791878172,26.0,4.42408883248731,80.88801142131983,6.579593908629441,0.0,0.0,0.0,0.0,5.666666666666667,0.15865384615384615,28,13.8,10,0,0,1,2,1,2,0,16,8.07648339933343,3.5374946700507612,5.0,0.5528846153846154,115,208,6.4215131901664275
257,8.42537061461356,122.0,4.25,1325,9.539013452914798,9.385251886045898,39.0,6.352788182537591,72.88022949089952,8.475758375098918,0.0,0.0,0.0,0.0,6.25,0.15163934426229508,139,18.529411764705884,14,2,0,1,0,0,8,0,2,9.168548406835143,4.6939694012133995,8.0,0.5245901639344263,128,244,6.545305066195734
258,8.850992907801416,15.75,4.613756613756614,1083,9.243617021276595,9.788885815602836,40.0,8.157234042553192,64.48333333333333,9.670921985815603,0.0,0.0,0.0,0.0,7.2857142857142865,0.2275132275132275,28,21.166666666666668,5,0,0,1,0,0,0,0,12,10.31748142421505,5.198,8.0,0.6084656084656085,115,189,6.436590703124407
259,7.220767393251716,11.176470588235293,4.794736842105263,1152,8.967512690355331,9.661631800537474,36.0,6.898954911914004,66.24045386682596,8.899253508510004,0.0,0.0,0.0,0.0,6.333333333333333,0.23157894736842105,19,16.352941176470587,9,0,0,1,2,0,0,0,17,10.328600350310264,4.568372648551806,8.0,0.6263157894736842,119,190,6.532572635637045
260,1.9100000000000001,45.666666666666664,3.875912408759124,684,3.724444444444444,6.188233333333334,10.0,2.691851851851851,91.79333333333336,3.8962962962962964,0.0,0.0,0.0,0.0,3.8181818181818183,0.08029197080291971,91,13.466666666666667,2,0,0,1,0,0,0,0,3,6.079149491110277,2.872444444444444,3.0,0.583941605839416,80,137,5.9225473143081055
261,9.3820245398773,13.083333333333334,4.745222929936306,948,9.690123456790122,8.826131111111112,18.0,8.937876543209878,59.83644444444445,9.93679012345679,0.0,0.0,0.0,0.0,10.166666666666666,0.2611464968152866,22,22.9,8,0,0,1,2,0,0,0,12,10.125756701596842,4.928138271604938,9.0,0.5286624203821656,83,157,5.922772916197238
262,5.486744306418217,14.105263157894736,4.235074626865671,1470,6.274452554744528,8.317603510601321,29.0,5.2175495307612145,80.89458637469586,6.094960027806743,0.0,1.0,0.0,0.0,8.333333333333334,0.14925373134328357,37,18.38095238095238,8,0,0,1,2,0,10,0,19,7.447530270364452,3.8086412930135554,5.0,0.5634328358208955,151,268,6.8216477154097115
263,7.613904593639578,14.789473684210526,4.462633451957295,1602,8.23886925795053,8.522968975265018,34.0,5.939807420494702,77.67981713780921,7.356113074204948,0.0,0.0,0.0,0.0,6.0,0.19217081850533807,38,19.85,15,0,0,1,0,0,2,0,19,8.07648339933343,4.201641166077739,7.0,0.5231316725978647,147,281,6.571210128247696
264,8.37752082807372,13.823529411764707,4.685106382978724,1369,9.556034482758623,9.349859634888439,47.0,8.042697768762675,61.70737322515217,9.769168356997973,0.0,1.0,0.0,0.0,7.7142857142857135,0.2,23,18.705882352941178,16,0,0,1,0,0,0,0,17,11.08844711333714,4.913235294117646,7.0,0.6553191489361702,154,235,6.967950034417288
265,2.826269592476489,7.909090909090909,4.172413793103448,461,4.524137931034481,6.025227690700104,5.0,2.685350052246605,89.89692789968653,3.6234064785788926,0.0,0.0,0.0,0.0,3.2272727272727275,0.14942528735632185,19,11.454545454545455,1,0,0,1,0,0,0,0,11,6.112484441749459,2.448434691745036,2.0,0.5517241379310345,48,87,5.3065294563013925
266,5.8138043478260855,13.142857142857142,4.320652173913044,1009,6.907103825136613,7.606701967213115,14.0,5.159256830601095,79.80281967213116,6.410054644808743,1.0,0.0,0.0,0.0,5.875,0.16847826086956522,20,17.0,9,0,0,1,0,1,6,0,14,8.447377352677275,3.687068852459016,5.0,0.6032608695652174,111,184,6.387499116711049
267,0.5424037763253473,6.914285714285715,3.727272727272727,1192,1.6115702479338836,5.620733641225085,7.0,0.643733592610598,103.124637822071,3.012348079727759,0.0,0.0,0.0,0.0,2.923076923076923,0.07024793388429752,13,10.941176470588236,8,2,0,1,0,1,4,0,35,4.826038506286438,2.2334973262032083,0.0,0.44214876033057854,107,242,6.222178502028161
268,1.7773015873015865,7.555555555555555,3.7573529411764706,683,2.6962406015037566,6.852312197159566,7.0,1.5758771929824569,96.92475146198831,3.256307435254804,0.0,0.0,0.0,0.0,2.5714285714285716,0.051470588235294115,18,10.444444444444445,7,1,0,1,0,0,0,0,18,5.033348758259628,2.39812656641604,1.0,0.47058823529411764,64,136,5.609599276731532
269,4.970455284552848,16.833333333333332,4.074257425742574,1060,5.546534653465347,7.274842706270627,11.0,3.7402178217821778,92.23266996699672,6.1787458745874595,0.0,0.0,0.0,0.0,4.555555555555555,0.08415841584158416,32,19.333333333333332,12,0,0,1,0,2,6,0,12,7.03164865440522,3.291265346534653,4.0,0.5198019801980198,105,202,6.222585583234005
270,3.9109052333804826,14.214285714285714,3.763819095477387,983,3.8020100502512584,6.325196913137114,9.0,3.828948312993539,92.92810301507538,6.489734386216799,1.0,0.0,0.0,0.0,6.428571428571429,0.05527638190954774,34,20.857142857142858,9,0,0,1,5,1,4,0,14,6.868970318607317,3.2321590093323755,5.0,0.5728643216080402,114,199,6.36317657855988
271,2.9083333333333314,14.0,3.6818181818181817,752,3.087741935483873,5.4996182795698925,4.0,3.226854838709677,94.93361559139788,5.424731182795699,0.0,0.0,0.0,0.0,5.625,0.07142857142857142,25,19.5,8,0,0,1,0,3,8,0,11,5.985473137389441,2.8821854838709675,4.0,0.5064935064935064,78,154,5.863106562355346
272,9.940963312154132,16.941176470588236,4.701388888888889,1685,9.858741258741262,8.998149856026327,49.0,8.299847799259567,65.52135540929662,10.08605512134924,0.0,0.0,0.0,1.0,7.571428571428571,0.20833333333333334,31,22.941176470588236,17,2,0,1,0,1,0,0,17,10.460712293590639,5.135593171534348,9.0,0.5590277777777778,161,288,6.851317482732704
273,3.2060881992650074,9.65625,3.98705501618123,1627,4.026666666666667,7.198246031746032,33.0,3.4694111623143904,88.28700460829495,4.953405017921148,0.0,0.0,0.0,0.0,4.5,0.13915857605177995,32,15.290322580645162,14,5,0,1,0,1,16,0,32,6.828538100315306,3.4184086021505373,3.0,0.47896440129449835,148,309,6.584562042081945
274,6.584823232323231,12.416666666666666,4.4865771812080535,1675,8.117966101694918,8.20704802259887,40.0,5.36375,78.49997528248589,7.357344632768362,1.0,0.0,0.0,0.0,7.2857142857142865,0.1610738255033557,20,16.958333333333332,9,0,0,1,0,0,2,0,24,8.72156446121922,3.9714470338983046,6.0,0.5335570469798657,159,298,6.833853801035961
275,7.367391304347823,13.4,4.440298507462686,1523,7.918518518518518,8.649648148148149,37.0,7.391851851851854,68.78333333333335,8.074074074074074,0.0,0.0,0.0,0.0,7.571428571428571,0.16791044776119404,27,21.22222222222222,8,0,0,1,4,0,0,0,20,9.2995712137729,4.642148148148148,7.0,0.5373134328358209,144,268,6.607335886668409
276,1.7336394557823134,8.166666666666666,3.8979591836734695,494,3.1836734693877524,5.975036054421769,8.0,3.127653061224489,87.18460884353743,4.0829931972789115,0.0,0.0,0.0,0.0,3.583333333333333,0.10204081632653061,13,12.583333333333334,3,0,0,1,0,0,0,0,12,7.168621630094336,2.69254081632653,3.0,0.5612244897959183,55,98,5.423597028266222
277,4.090816326530614,9.533333333333333,4.230769230769231,782,5.730555555555558,9.410004761904762,19.0,4.3186507936507965,82.42000000000002,5.503174603174604,0.0,0.0,0.0,0.0,4.6,0.13986013986013987,15,14.5,2,1,0,1,2,0,4,0,15,7.70948699238394,3.5434523809523806,4.0,0.6083916083916084,87,143,6.120394393323185
278,5.396505357760109,11.772727272727273,4.362934362934363,1430,6.858461538461537,7.987989510489511,28.0,5.039860139860142,79.97877622377624,7.034965034965035,0.0,0.0,0.0,0.0,5.555555555555555,0.14671814671814673,22,16.545454545454547,10,0,0,1,0,0,4,0,22,8.97023862654752,3.5969020979020976,6.0,0.555984555984556,144,259,6.7800629942805966
279,5.525833333333335,24.0,3.8935185185185186,1121,4.619444444444444,6.68999925925926,10.0,4.448222222222224,88.81899999999999,5.760000000000001,0.0,0.0,0.0,0.0,5.375,0.10185185185185185,50,20.733333333333334,24,0,0,1,0,1,26,0,9,5.683917801722854,3.7453259259259255,5.0,0.4861111111111111,105,216,6.213822195924104
280,7.153454652764115,16.555555555555557,4.100671140939597,1558,6.2720538720538705,6.735970469399881,26.0,7.513091701326996,72.31447415329772,9.143117448999801,1.0,0.0,0.0,0.0,5.625,0.17114093959731544,33,25.823529411764707,19,0,0,1,0,2,0,0,18,9.168548406835143,4.373733412556941,6.0,0.48322147651006714,144,298,6.532760779327419
281,1.988665730337079,10.411764705882353,3.6610169491525424,853,2.758192090395479,6.59384406779661,9.0,3.057708333333334,92.84385063559323,4.876977401129944,0.0,0.0,0.0,0.0,4.666666666666667,0.022598870056497175,17,16.5625,12,0,0,1,0,0,0,0,17,5.148860815047168,3.1276260593220337,4.0,0.4406779661016949,78,177,5.7477760511736635
282,3.250454545454545,5.416666666666667,4.338461538461538,366,4.315625000000001,7.90144,7.0,2.209125000000004,90.62337500000001,2.5600000000000005,0.0,0.0,0.0,0.0,2.3,0.15384615384615385,7,9.0,4,2,0,1,0,1,2,0,12,4.935628992294339,2.682025,2.0,0.7846153846153846,51,65,5.537602043731117
283,2.477213114754097,6.9393939393939394,4.048034934497816,1284,3.70819672131147,7.379781967213115,22.0,3.1009631147541015,86.41119877049182,4.525409836065574,0.0,0.0,0.0,0.0,3.583333333333333,0.11790393013100436,16,10.6875,7,0,0,1,0,1,0,0,33,6.7702755914127515,2.830518442622951,3.0,0.5633187772925764,129,229,6.577101462236056
284,3.118559518295509,6.684210526315789,4.2362204724409445,688,4.695238095238096,6.635790196078432,13.0,3.2212231559290423,85.16920168067227,4.552007469654529,0.0,0.0,0.0,0.0,2.933333333333333,0.1889763779527559,16,10.470588235294118,3,1,0,1,0,1,0,0,19,7.5105763829236425,2.771360410830999,2.0,0.7244094488188977,92,127,6.241159513783602
285,-2.046461538461539,3.611111111111111,3.292307692307692,297,-3.1599999999999984,0.7338461538461539,1.0,0.5199999999999996,100.24000000000002,2.6153846153846154,0.0,0.0,0.0,0.0,1.6538461538461537,0.03076923076923077,9,8.153846153846153,1,2,0,1,0,1,0,0,18,5.369823440869386,1.6763076923076923,0.0,0.5384615384615384,35,65,4.795068774400495
286,3.7663732004429704,11.590909090909092,3.9215686274509802,1302,4.371984435797668,6.946855827311469,20.0,4.059121734296834,87.75808041504543,5.517806188623309,1.0,0.0,0.0,0.0,4.666666666666667,0.13725490196078433,18,18.428571428571427,15,4,0,1,0,0,4,0,22,5.916634753146586,3.5015364091161754,3.0,0.5254901960784314,134,255,6.426022780351573
287,5.127353896103898,8.882352941176471,4.496688741721854,865,6.958169934640527,7.000473202614379,12.0,4.952446895424838,76.58788602941178,5.655065359477124,1.0,1.0,0.0,0.0,4.2727272727272725,0.11258278145695365,18,12.125,10,0,0,1,0,0,0,0,17,8.07648339933343,3.086658905228758,4.0,0.5364238410596026,81,151,5.952351243061973
288,3.983758594346831,10.727272727272727,4.0974576271186445,1249,5.092827004219412,6.169561449942463,11.0,4.045962792481781,85.24245397008056,4.984196394322978,1.0,0.0,0.0,0.0,3.909090909090909,0.1228813559322034,23,15.772727272727273,8,0,0,1,0,1,6,0,22,6.574015621080383,3.0111191024165707,3.0,0.538135593220339,127,236,6.623165441180965
289,2.5648172757475116,10.153846153846153,3.8484848484848486,659,3.603100775193795,6.051978183831672,9.0,3.919850498338871,83.37087209302328,5.5461794019933555,1.0,0.0,0.0,0.0,4.090909090909091,0.1590909090909091,18,14.214285714285714,2,1,0,1,0,0,0,0,13,7.70948699238394,2.9382142857142854,3.0,0.5454545454545454,72,132,5.713108630805282
290,1.585137571157496,7.375,4.101694915254237,636,3.400000000000002,5.828784313725491,8.0,2.6996078431372545,88.28029411764709,3.4901960784313726,0.0,0.0,0.0,0.0,2.6666666666666665,0.1016949152542373,14,10.647058823529411,3,0,0,1,0,1,6,0,16,6.79490614679532,2.4792941176470586,2.0,0.6694915254237288,79,118,6.068752371249064
291,5.352746781115879,12.0,4.170833333333333,1270,6.673275862068962,7.070394482758621,16.0,4.752103448275861,81.65324137931036,6.536551724137931,0.0,1.0,0.0,0.0,4.0,0.10416666666666667,23,16.55,10,0,0,1,2,2,4,1,20,8.07648339933343,3.29011724137931,6.0,0.5,120,240,6.344047770938439
292,15.282464236271345,16.583333333333332,5.633165829145729,1357,15.404060913705578,10.856821365943702,49.0,13.736677434240889,28.47554683894785,16.097646515920626,0.0,0.0,0.0,0.0,11.285714285714286,0.34673366834170855,29,23.545454545454547,16,0,0,1,2,0,0,1,12,15.186304673781336,6.289054914628519,14.0,0.6130653266331658,122,199,6.503167988358491
293,2.1134635952283,7.833333333333333,4.00709219858156,730,3.7338028169014095,5.718763628831814,2.0,1.79440762220381,97.07507456503731,3.622866611433306,0.0,0.0,0.0,0.0,3.7272727272727275,0.04964539007092199,14,11.823529411764707,3,0,0,1,0,1,0,0,18,5.900188976854958,2.1378914664457334,3.0,0.5673758865248227,80,141,5.795281985380588
294,3.646285714285714,7.0,4.419047619047619,585,5.491428571428575,6.840938095238095,9.0,3.66,81.29000000000003,3.561904761904762,0.0,0.0,0.0,0.0,2.9285714285714284,0.2,10,10.4,1,0,0,1,0,1,0,0,15,6.42735559955562,2.8088571428571427,3.0,0.44761904761904764,47,105,5.068283494985377
295,9.092797962648554,17.941176470588236,4.613114754098361,1781,9.00967741935484,8.826214770797963,45.0,8.397028862478777,63.92028013582343,10.655348047538201,1.0,0.0,0.0,0.0,6.5,0.2262295081967213,32,22.0,19,0,0,1,0,1,6,0,17,10.882677951670543,4.831784380305602,8.0,0.5278688524590164,161,305,6.805222838987967
296,-3.4462891207153525,4.818181818181818,3.2830188679245285,257,-3.8327868852459,7.535488971684053,0.0,-0.27317436661698835,106.89816691505219,2.2181818181818183,0.0,0.0,0.0,0.0,1.9545454545454546,0.018867924528301886,7,9.181818181818182,4,0,0,1,0,0,0,0,11,5.565023196281405,1.6209090909090909,1.0,0.5283018867924528,28,53,4.612459785152563
297,6.200700339558573,12.947368421052632,4.357723577235772,1361,7.165040650406507,7.937348010269576,29.0,5.4806118955926415,78.83000641848525,6.642362002567395,0.0,0.0,0.0,0.0,6.375,0.15447154471544716,29,17.94736842105263,12,1,0,1,0,1,6,0,19,8.20500826718156,3.8182374839537867,6.0,0.6097560975609756,150,246,6.880375085736684
298,10.756903153153154,18.1875,4.680412371134021,1704,9.68532423208191,8.916616131968146,46.0,9.587044368600687,61.119246871444844,10.95326507394767,1.0,1.0,0.0,0.0,9.0,0.22336769759450173,32,26.6,20,0,0,1,0,0,4,0,16,10.934197308810441,5.295589078498294,8.0,0.6185567010309279,180,291,7.178832948225985
299,2.6302207792207817,7.533333333333333,3.9734513274336285,580,3.811009174311927,7.064781520314549,12.0,3.3601900393184785,84.83892201834864,4.949148099606815,0.0,0.0,0.0,0.0,3.1428571428571432,0.1592920353982301,19,11.714285714285714,3,1,0,1,0,1,0,0,15,7.447530270364452,2.883574705111402,2.0,0.6991150442477876,79,113,6.06545141803338
300,3.742431544359256,10.73913043478261,4.05668016194332,1282,5.068825910931174,5.727623739418476,15.0,3.693899521531101,88.57616028708135,6.110342289289658,0.0,0.0,0.0,0.0,4.5,0.08502024291497975,21,15.818181818181818,9,0,0,1,0,0,0,0,23,7.348242739294969,3.083583916083916,3.0,0.4574898785425101,113,247,6.1691007102914535
301,6.6831041936878535,13.722222222222221,4.364372469635628,1405,7.129133858267718,8.066332370953631,22.0,5.801522309711288,78.60198600174978,7.3767279090113735,0.0,0.0,0.0,0.0,6.0,0.15384615384615385,27,20.166666666666668,17,0,0,1,0,1,10,0,18,7.793537801064561,4.013706036745406,6.0,0.5748987854251012,142,247,6.727342498217943
302,5.802088353413659,13.722222222222221,4.186234817813765,1322,6.261847389558234,6.605524899598393,20.0,5.964839357429717,76.93633534136549,6.818473895582329,0.0,0.0,0.0,0.0,6.0,0.11336032388663968,22,19.555555555555557,12,0,0,1,0,0,0,0,18,8.680891452615391,3.618415662650602,5.0,0.5101214574898786,126,247,6.515881818812866
303,0.5036172566371704,10.181818181818182,3.6160714285714284,555,1.0432432432432464,6.825645045045045,3.0,0.9354448198198213,100.71235641891893,3.1353603603603606,0.0,0.0,0.0,0.0,2.4,0.017857142857142856,18,10.3125,6,0,0,1,0,2,14,0,11,4.557286568694721,2.0496199324324325,0.0,0.5178571428571429,58,112,5.468842395287649
304,4.783964712744243,9.37037037037037,4.41501976284585,1414,6.6940711462450615,7.284234797247841,34.0,4.668397013614406,78.2821768408725,7.226409017713365,0.0,0.0,0.0,1.0,3.916666666666667,0.15019762845849802,20,13.0,9,0,0,1,0,4,2,0,27,8.515128840125781,3.519906016688625,6.0,0.5968379446640316,151,253,6.789960035042384
305,2.7107603686635926,13.285714285714286,3.5698924731182795,876,2.5526881720430126,6.0782133640552996,9.0,3.5484178187404005,93.28548387096777,6.174500768049156,0.0,0.0,0.0,0.0,6.857142857142857,0.08064516129032258,24,20.857142857142858,14,1,0,1,0,0,0,0,14,7.168621630094336,3.2208878648233488,6.0,0.553763440860215,103,186,6.10227567358292
306,3.154953271028038,7.5,4.295238095238095,585,4.828571428571429,7.74322380952381,17.0,4.559047619047622,74.84428571428573,7.371428571428573,0.0,0.0,0.0,0.0,3.1333333333333337,0.1619047619047619,21,9.866666666666667,7,2,0,1,0,0,6,0,14,8.238735603445708,3.7917142857142854,7.0,0.6761904761904762,71,105,5.895996498990946
307,5.35909976546996,9.307692307692308,4.363636363636363,1346,6.927731092436975,7.466979064669346,27.0,4.658257215929851,80.09582206795763,7.668542199488491,0.0,0.0,0.0,0.0,4.090909090909091,0.1652892561983471,18,14.434782608695652,8,0,0,1,0,2,8,0,26,8.841846274778883,3.6711527219583484,4.0,0.6074380165289256,147,242,6.858463950487518
308,6.084427043544693,10.272727272727273,4.548672566371682,1354,7.6613445378151255,10.475812910618792,30.0,5.040015278838808,78.19656226126817,6.680213903743317,0.0,0.0,0.0,0.0,4.8,0.20353982300884957,26,14.954545454545455,17,0,0,1,0,0,0,0,22,8.150884317080207,4.026548510313216,6.0,0.5,113,226,6.351764914534057
309,11.658661751563898,34.75,4.633093525179856,2377,12.415013404825736,10.206910902591599,95.0,10.433180294906169,47.94331825290439,13.294414655942806,0.0,0.0,0.0,0.0,12.0,0.23741007194244604,92,21.875,31,3,0,1,3,0,0,0,12,12.885471636013051,5.543511729222519,11.0,0.5635491606714629,235,417,7.325385053843428
310,3.6007424812030067,59.333333333333336,3.904494382022472,904,4.955421686746988,6.828341344324667,19.0,3.100500951173114,88.39481610653142,4.699556119213697,0.0,0.0,0.0,0.0,3.8181818181818183,0.11235955056179775,77,12.894736842105264,14,0,0,1,0,1,9,0,3,6.05967700443912,3.1588465440710207,3.0,0.5617977528089888,100,178,6.25141087237517
311,6.243713862120089,18.833333333333332,4.300884955752212,1210,8.000000000000004,7.157800321225599,27.0,5.014030145787004,79.08166790214976,6.9255250803064,1.0,0.0,0.0,0.0,5.1,0.168141592920354,48,16.0,4,2,0,1,0,5,0,0,12,8.532816995589336,3.6713274030145784,6.0,0.5265486725663717,119,226,6.397679575776333
312,3.3514578454332558,15.75,4.055555555555555,1302,5.182716049382712,7.445887184009407,34.0,3.7222148736037646,83.83365740740742,4.623691945914168,1.0,0.0,0.0,0.0,4.4,0.12698412698412698,52,12.642857142857142,1,1,0,1,0,0,0,0,16,6.868970318607317,3.3367526455026453,3.0,0.5992063492063492,151,252,6.875040029397994
313,4.102010172490047,13.166666666666666,3.9451476793248945,1212,4.635443037974685,5.920806551188097,14.0,4.012289584721298,88.51345103264491,5.664579169442594,0.0,0.0,0.0,0.0,6.714285714285714,0.11392405063291139,30,18.842105263157894,13,1,0,1,0,1,8,0,18,6.05967700443912,3.2146671108150118,5.0,0.5611814345991561,133,237,6.434732911799966
314,5.43048002219756,13.0,4.3173076923076925,1142,6.605714285714285,7.858348739495798,20.0,6.365742296918771,71.42533613445381,7.6078431372549025,1.0,0.0,0.0,0.0,5.666666666666667,0.15384615384615385,40,17.647058823529413,9,0,0,1,0,1,4,0,16,8.671277953709914,4.300764705882353,5.0,0.47596153846153844,99,208,6.069871547773847
315,0.7952380952380942,8.714285714285714,3.6311475409836067,603,1.863934426229509,6.916105620608899,6.0,1.5429976580796243,99.52114754098362,3.813583138173302,0.0,0.0,0.0,0.0,3.25,0.06557377049180328,15,13.0,6,0,0,1,0,4,12,0,14,4.65589566412798,2.843124121779859,0.0,0.5901639344262295,72,122,5.825737337968831
316,4.144750384024576,28.625,4.048034934497816,1186,6.130875576036864,8.378100307219661,35.0,5.228415898617516,73.6816714669739,6.565975422427036,0.0,0.0,0.0,0.0,5.666666666666667,0.14847161572052403,49,13.25,2,0,0,1,0,0,0,0,8,8.9596472513307,3.659497119815668,5.0,0.4978165938864629,114,229,6.27696845956827
317,6.294759759759756,8.444444444444445,4.657894736842105,444,8.110810810810811,9.165403303303304,10.0,4.678828828828831,76.16241741741742,5.991591591591592,0.0,0.0,0.0,0.0,3.7777777777777777,0.14473684210526316,15,11.222222222222221,6,0,0,1,0,0,0,0,9,7.793537801064561,3.62536036036036,7.0,0.5789473684210527,44,76,5.144318263694543
318,0.7972413793103463,5.363636363636363,3.7966101694915255,295,1.296551724137931,6.374352413793103,4.0,2.337517241379313,88.63420689655173,3.0096551724137934,1.0,0.0,0.0,0.0,2.1,0.13559322033898305,10,9.0,2,0,0,1,0,0,0,0,11,5.683917801722854,2.3981793103448275,1.0,0.5932203389830508,35,59,4.799318524600933
319,5.180946142649201,12.38888888888889,4.322869955156951,1222,6.95945945945946,7.946791891891892,25.0,5.644324324324327,76.56261261261261,8.356756756756758,0.0,0.0,0.0,0.0,6.625,0.14798206278026907,19,16.833333333333332,5,0,0,1,2,0,0,0,18,9.994966539143718,3.9725945945945944,6.0,0.49327354260089684,110,223,6.2739938526452566
320,3.0188104575163415,9.444444444444445,4.070588235294117,440,4.538823529411765,5.2195326797385615,2.0,3.225098039215691,88.76183006535949,3.777777777777778,0.0,0.0,0.0,0.0,4.166666666666667,0.10588235294117647,16,14.0,1,0,0,1,0,0,0,0,9,6.937597516519254,2.373019607843137,3.0,0.6588235294117647,56,85,5.527111895435455
321,6.311114781172584,13.153846153846153,4.409356725146199,964,7.150289017341041,9.086813129644923,22.0,5.189979355904214,79.86244219653182,6.330140379851363,0.0,0.0,0.0,0.0,5.222222222222222,0.1695906432748538,23,16.857142857142858,10,0,0,1,0,1,5,0,13,7.957251820313856,3.92355367464905,5.0,0.6198830409356725,106,171,6.438091954045691
322,4.16852272727273,8.7,4.431034482758621,969,6.397701149425288,9.603594712643677,13.0,3.061620689655175,88.60794827586209,5.08919540229885,0.0,0.0,0.0,0.0,3.75,0.13793103448275862,15,12.05,3,0,0,1,0,0,0,0,20,7.168621630094336,3.0047804597701147,3.0,0.47701149425287354,83,174,5.920396749360628
323,8.991105263157895,14.421052631578947,4.817518248175182,1651,9.791397849462363,8.609460498019242,43.0,8.661573288058857,59.11762308998303,10.318128654970762,0.0,0.0,0.0,0.0,7.857142857142858,0.22992700729927007,36,20.157894736842106,14,0,0,1,0,3,2,1,19,10.65788864234165,4.697287304282211,8.0,0.5693430656934306,156,274,6.915020554491688
324,4.761122448979592,10.88888888888889,4.23469387755102,1081,5.533673469387757,6.539416734693877,10.0,3.463632653061225,87.68493877551022,4.532244897959184,0.0,0.0,0.0,0.0,5.111111111111111,0.1683673469387755,32,13.85,18,1,0,1,0,1,14,2,18,6.961326702584282,3.054473469387755,4.0,0.5714285714285714,112,196,6.36971259012853
325,-0.4629891304347815,6.642857142857143,3.5268817204301075,445,0.09230769230769198,6.694863736263737,5.0,0.37317994505494667,102.51713255494508,3.1541208791208795,0.0,0.0,0.0,0.0,1.96875,0.08602150537634409,11,9.0625,2,0,0,1,0,0,0,0,14,5.148860815047168,2.3024759615384616,0.0,0.5483870967741935,51,93,5.252890973013605
326,6.968653702318619,12.933333333333334,4.314432989690721,1065,7.568586387434554,8.446693567688856,33.0,6.720243081525805,71.18121727748692,6.085415108451758,1.0,0.0,0.0,0.0,6.428571428571429,0.16494845360824742,25,18.928571428571427,9,1,0,1,0,1,2,0,15,7.168621630094336,4.788820867614062,6.0,0.5876288659793815,114,194,6.379159268657689
327,11.121764252696458,16.40909090909091,4.930747922437673,2200,11.807407407407407,9.916107562807563,71.0,9.592956487956489,54.70267482517485,11.282103082103085,1.0,1.0,0.0,0.0,11.166666666666666,0.25761772853185594,34,20.90909090909091,17,1,0,1,2,0,5,0,22,11.911945987284739,5.48973051023051,10.0,0.5789473684210527,209,361,7.313714628416096
328,2.729157088122605,9.11111111111111,3.975609756097561,444,4.100000000000001,7.048129974160207,8.0,3.2296899224806204,88.92680878552973,3.8222222222222224,0.0,0.0,0.0,0.0,4.0,0.13414634146341464,19,13.88888888888889,3,1,0,1,0,2,0,0,9,5.82211442006289,3.1863333333333332,3.0,0.7439024390243902,61,82,5.768958559416981
329,1.9746067415730373,10.75,3.941860465116279,449,3.486046511627908,7.735153023255814,6.0,2.3081860465116293,93.83158139534883,3.9051162790697678,0.0,0.0,0.0,0.0,3.5999999999999996,0.12790697674418605,15,13.1,6,0,0,1,0,0,6,0,8,6.2581,3.0515999999999996,2.0,0.5813953488372093,50,86,5.392615301334875
330,0.32297902097901954,10.722222222222221,3.4507772020725387,913,0.7803108808290169,5.298829345266133,4.0,1.4655605275553505,100.1804227508243,3.5090909090909097,0.0,0.0,0.0,0.0,3.7272727272727275,0.05699481865284974,37,14.0,12,2,0,1,0,3,18,0,18,5.565023196281405,2.3433120584079132,0.0,0.48704663212435234,94,193,6.082115132428016
331,5.753335907335906,13.0,4.269230769230769,995,6.625136612021858,7.649924824355972,20.0,5.563594847775178,78.45602459016393,6.758626073380171,0.0,0.0,0.0,0.0,5.75,0.16483516483516483,22,19.142857142857142,15,0,0,1,0,0,0,0,14,8.192908349453996,3.903929352068696,5.0,0.554945054945055,101,182,6.196755025913795
332,6.917250177179302,14.529411764705882,4.388663967611336,1361,7.522580645161295,6.397495825426945,18.0,7.133282732447821,69.9037476280835,7.6094876660341555,1.0,0.0,0.0,0.0,7.428571428571429,0.21862348178137653,36,20.823529411764707,11,0,0,1,0,0,0,0,17,10.460712293590639,3.6241669829222007,6.0,0.4898785425101215,121,247,6.182529030900756
333,6.552955326460477,19.0,3.83859649122807,1434,4.9380281690140855,6.076755305164319,9.0,6.086957746478873,85.14442723004697,7.71417840375587,0.0,0.0,0.0,0.0,10.2,0.07017543859649122,33,27.866666666666667,21,0,0,1,0,1,5,3,15,5.683917801722854,3.932543661971831,5.0,0.47719298245614034,136,285,6.505262571207214
334,5.119489051094888,13.7,4.0583941605839415,709,5.578102189781021,6.275363065693431,10.0,4.912124087591241,84.24628832116791,6.647883211678831,0.0,0.0,0.0,0.0,6.571428571428571,0.072992700729927,26,19.1,7,0,0,1,0,0,0,0,10,7.168621630094336,3.649532116788321,5.0,0.5985401459854015,82,137,6.067677955251975
335,3.4172442341809557,8.8,4.119318181818182,939,4.859550561797757,7.294656830277942,15.0,3.2445830869308097,88.48672678888235,3.9720875221762273,0.0,0.0,0.0,0.0,3.583333333333333,0.1534090909090909,17,13.368421052631579,8,0,0,1,0,0,0,0,20,6.05967700443912,3.174554109994086,3.0,0.5284090909090909,93,176,6.158438453939256
336,2.372027027027027,12.764705882352942,3.7880184331797233,1086,3.221100917431194,5.553332660550459,8.0,3.4921926605504616,89.43938990825689,4.726972477064221,0.0,0.0,0.0,0.0,6.571428571428571,0.10138248847926268,23,16.4,8,0,0,1,0,1,12,0,17,6.742157984588678,2.8887440366972474,2.0,0.4700460829493088,102,217,6.124847505213532
337,5.169010989010992,9.05,4.502762430939226,1033,7.047252747252749,6.864123736263736,13.0,3.130428571428574,88.82707142857143,4.738901098901098,0.0,0.0,0.0,0.0,3.5,0.16022099447513813,16,12.0,6,0,0,1,0,1,4,0,20,6.508806274219699,2.9726494505494503,6.0,0.5303867403314917,96,181,6.156340207928094
338,4.542443181818182,11.4375,3.9672131147540983,940,5.598863636363635,7.501588636363636,20.0,3.85227272727273,87.0359090909091,5.763636363636365,0.0,0.0,0.0,0.0,4.6,0.15300546448087432,22,15.9375,6,0,0,1,0,1,2,0,16,6.907726486568896,3.807045454545454,5.0,0.5191256830601093,95,183,6.1608217841988875
339,3.7044034090909115,75.0,3.76,365,4.306250000000002,7.379144318181819,7.0,2.1665909090909103,89.89204545454547,5.452272727272728,0.0,0.0,0.0,0.0,2.3636363636363638,0.12,75,8.909090909090908,2,0,0,1,2,0,0,0,1,6.980632752743321,2.734363636363636,1.0,0.4533333333333333,34,75,4.743484151612446
340,2.3982317073170734,16.9,3.8520710059171597,836,4.039506172839506,6.129751851851852,12.0,3.2891358024691364,87.51111111111113,5.328395061728395,0.0,0.0,0.0,0.0,4.8,0.09467455621301775,45,13.5,4,0,0,1,0,2,0,0,10,7.3871296695380915,2.904296296296296,4.0,0.514792899408284,87,169,5.994884821934123
341,8.44006329113924,15.85,4.523659305993691,1789,8.628481012658227,8.41764835443038,41.0,7.375797468354431,70.32331645569622,9.611139240506331,0.0,1.0,0.0,0.0,8.833333333333334,0.1829652996845426,25,21.45,12,1,0,1,0,2,0,3,20,10.577609850970193,4.61806582278481,7.0,0.4889589905362776,155,317,6.759862588414811
342,4.0409067357512924,12.0625,4.16580310880829,1038,5.204145077720206,7.3058653886010365,18.0,3.947593264248706,83.9480220207254,5.31077720207254,0.0,0.0,0.0,0.0,4.7,0.16580310880829016,39,14.35,8,1,0,1,0,5,10,0,16,7.168621630094336,3.358199222797927,4.0,0.5803108808290155,112,193,6.367632866732899
343,9.083047945205482,13.625,4.862385321100917,1320,10.202752293577984,8.803033944954128,31.0,7.802649082568806,63.38911123853214,9.670183486238532,1.0,0.0,0.0,0.0,5.888888888888889,0.2018348623853211,35,18.4375,15,0,0,1,2,3,2,0,16,10.125756701596842,4.338106651376146,9.0,0.5412844036697247,118,218,6.4336752935395145
344,8.256751196172246,18.19047619047619,4.2539267015706805,2081,7.503174603174603,6.9532949013949015,26.0,6.438422318422319,79.50497835497838,7.507647907647909,1.0,0.0,0.0,0.0,6.571428571428571,0.13089005235602094,53,23.454545454545453,20,0,0,1,0,1,12,0,21,7.520522993642369,4.080683982683983,6.0,0.4895287958115183,187,382,7.038523231801344
345,0.8571702944942388,5.666666666666667,3.75,358,1.9200000000000017,6.20785064935065,2.0,1.22038961038961,97.64733766233768,2.5454545454545454,0.0,0.0,0.0,0.0,2.3636363636363638,0.07352941176470588,12,9.636363636363637,1,2,0,1,0,0,0,0,12,5.565023196281405,2.1048441558441557,1.0,0.5588235294117647,38,68,4.8048892050188625
346,5.060087394957982,9.61111111111111,4.375722543352601,967,6.645714285714284,7.1246310924369745,18.0,4.742420168067227,79.39675630252104,5.489075630252102,0.0,0.0,0.0,0.0,5.0,0.1791907514450867,25,14.411764705882353,3,0,0,1,0,0,0,0,18,7.928766900206845,3.4698991596638655,4.0,0.6184971098265896,107,173,6.2608858823397
347,6.682771836007134,13.8,4.323671497584541,1134,7.992929292929293,8.042072905525846,23.0,4.506898395721926,83.49505347593586,6.274985145573381,0.0,0.0,0.0,0.0,7.142857142857142,0.1497584541062802,31,16.470588235294116,6,0,0,1,2,1,2,0,15,7.285733465282437,3.740831253713606,6.0,0.45893719806763283,95,207,5.979788347805355
348,5.693273809523813,9.8,4.724489795918367,645,6.921428571428574,11.712469047619049,23.0,5.644642857142859,71.21702380952382,6.947619047619049,0.0,0.0,0.0,0.0,5.3,0.24489795918367346,19,13.5,13,0,0,1,4,0,0,0,10,9.2995712137729,4.074642857142857,5.0,0.6938775510204082,68,98,5.840055283289763
349,4.144253548702892,12.555555555555555,3.97787610619469,1156,4.837168141592922,6.634742281219273,22.0,4.34383480825959,86.28226155358902,7.146116027531957,1.0,0.0,0.0,0.0,5.333333333333333,0.1504424778761062,24,18.444444444444443,8,1,0,1,0,1,2,0,18,7.793537801064561,3.6367669616519174,4.0,0.5707964601769911,129,226,6.540086350318397
350,-0.1848138297872346,5.8125,3.7096774193548385,459,0.6236559139784923,5.452864516129033,3.0,2.0295631720430123,90.86434475806453,2.7551075268817207,0.0,0.0,0.0,0.0,2.28125,0.07526881720430108,19,8.5,3,0,0,1,2,0,0,0,16,6.6274283507984215,2.0284549731182793,1.0,0.6236559139784946,58,93,5.499339193858164
351,1.7378182616330093,7.277777777777778,3.8244274809160306,680,2.3462686567164184,6.85552440737489,8.0,2.36620719929763,92.13739683933277,3.451448639157156,0.0,0.0,0.0,0.0,3.583333333333333,0.0916030534351145,14,12.0,9,0,0,1,0,2,6,0,18,6.522977012572876,2.6563819139596134,1.0,0.6946564885496184,91,131,6.280725605093727
352,8.997544541626173,19.055555555555557,4.317784256559767,1864,7.55451895043732,6.837369841269842,21.0,7.63233722060253,74.28253239390995,8.788402980239715,1.0,0.0,0.0,0.0,8.333333333333334,0.17201166180758018,41,26.944444444444443,23,0,0,1,0,0,0,0,18,9.586721724236664,4.227874149659864,7.0,0.45481049562682213,156,343,6.732391709527069
353,3.662027972027971,10.846153846153847,4.085106382978723,738,4.8943661971831,8.181383206933912,13.0,3.6277464788732416,88.50864030335862,5.495991332611052,1.0,0.0,0.0,0.0,4.4,0.10638297872340426,21,16.23076923076923,4,0,0,1,0,0,0,0,13,6.67199483983844,3.1664777898158176,3.0,0.6666666666666666,94,141,6.236896080078333
354,4.6119098548510316,15.666666666666666,3.876595744680851,1174,4.8701298701298725,5.677576037687802,12.0,4.421100076394197,87.56761650114593,6.127934810287751,0.0,0.0,0.0,0.0,5.625,0.06382978723404255,30,20.058823529411764,9,0,0,1,0,1,6,1,15,7.285733465282437,3.238923860453272,4.0,0.46808510638297873,110,235,6.148718094438473
355,7.760729483282677,13.285714285714286,4.645161290322581,1087,8.945161290322584,7.691170353302612,26.0,6.7204608294930885,70.5435483870968,8.325038402457759,0.0,0.0,0.0,0.0,5.875,0.22580645161290322,32,18.571428571428573,5,0,0,1,0,0,0,0,14,9.606745405546679,4.284328725038403,7.0,0.5913978494623656,110,186,6.243633424916878
356,7.553120115178938,14.6,4.550684931506849,2114,8.195095367847411,8.122781115070216,38.0,6.377125340599456,74.48281649549362,9.133892265772374,1.0,0.0,0.0,1.0,7.0,0.18356164383561643,28,18.884615384615383,30,0,0,1,0,1,10,0,25,10.035473477838034,4.164964053657513,6.0,0.5123287671232877,187,365,6.9940508894493565
357,1.3898262032085604,4.4,3.8636363636363638,465,0.4295454545454547,8.917343850267379,7.0,2.117459893048128,89.10133689839574,3.4342245989304816,0.0,0.0,0.0,0.0,1.8823529411764706,0.09090909090909091,10,7.647058823529412,6,2,0,1,0,4,0,0,20,6.227271661974013,3.3279732620320854,1.0,0.4659090909090909,41,88,5.079409636862024
358,8.60641252552757,18.583333333333332,4.430493273542601,1251,8.112888888888886,8.845983760683762,28.0,7.88977777777778,69.32369230769234,9.58974358974359,1.0,0.0,0.0,0.0,6.857142857142857,0.16591928251121077,36,24.53846153846154,9,0,0,1,0,0,4,0,12,9.851270322608155,4.846495726495727,8.0,0.5426008968609866,121,223,6.523549675849531
359,0.1682178217821786,8.166666666666666,3.4591836734693877,457,1.0121212121212118,6.838954141414142,8.0,3.0507979797979807,90.82286363636365,5.172121212121212,0.0,0.0,0.0,0.0,4.35,0.05102040816326531,16,15.6,6,0,0,1,0,1,0,0,12,6.742157984588678,3.1035868686868686,4.0,0.5408163265306123,53,98,5.1685590847999885
360,3.1060781841109737,11.090909090909092,3.9508196721311477,635,3.6754098360655725,6.043370365699873,4.0,2.5781967213114747,93.29322194199246,4.4095838587641865,0.0,0.0,0.0,0.0,4.3,0.09836065573770492,25,14.461538461538462,6,3,0,1,0,0,10,0,11,6.297961479604793,2.444197982345523,3.0,0.45901639344262296,56,122,5.3897366432425216
361,3.8395426195426197,10.285714285714286,4.145833333333333,767,5.573611111111113,7.36584594017094,13.0,4.135555555555559,85.14192307692309,6.097435897435898,1.0,0.0,0.0,0.0,4.5,0.13194444444444445,21,16.076923076923077,9,0,0,1,0,1,0,0,14,7.32110970712323,3.5355683760683756,3.0,0.5555555555555556,80,144,5.83138865076403
362,7.284360576923078,16.0,4.525,928,8.305063291139245,8.13686241480039,20.0,6.850000000000005,67.59884615384617,7.3931840311587145,0.0,1.0,0.0,0.0,6.75,0.225,37,16.76923076923077,16,0,0,1,0,1,10,0,10,10.035473477838034,4.185603700097371,6.0,0.6125,98,160,6.305758210987671
363,2.3243226600985203,8.214285714285714,4.0,598,3.627586206896556,8.947816256157637,9.0,3.2052216748768494,86.84051724137933,3.314285714285715,1.0,0.0,0.0,0.0,4.3,0.13043478260869565,17,11.714285714285714,5,0,0,1,0,0,0,0,14,5.773587663045528,3.4159064039408866,2.0,0.6347826086956522,73,115,5.894324155420426
364,11.151892021022455,20.928571428571427,4.583617747440273,1693,9.285521885521884,9.101422174122174,48.0,10.562359307359309,57.12068181818185,12.66079846079846,1.0,0.0,0.0,0.0,12.6,0.19112627986348124,30,29.142857142857142,15,1,0,1,4,0,0,0,14,12.66393586644259,5.567588023088023,12.0,0.5836177474402731,171,293,6.853465301924935
365,5.031132307692307,9.615384615384615,4.325333333333333,2098,6.131200000000003,7.10299641025641,33.0,3.295466666666666,88.56178461538464,4.912820512820513,0.0,0.0,0.0,0.0,8.0,0.15466666666666667,30,13.743589743589743,31,21,0,1,0,1,16,0,39,6.67199483983844,3.043302564102564,5.0,0.488,183,375,6.9468073159513715
366,3.1585718325791845,10.894736842105264,3.8067632850241546,1024,3.7362318840579682,5.537216226200625,7.0,3.58104575163399,91.07588235294119,5.450298380221653,1.0,0.0,0.0,0.0,5.111111111111111,0.0966183574879227,25,18.529411764705884,7,1,0,1,0,0,2,0,19,7.285733465282437,2.971341290139244,4.0,0.5072463768115942,105,207,6.213336885454446
367,2.753933143669986,11.473684210526315,3.770642201834862,1088,3.3672727272727307,6.1486794258373205,13.0,3.9439712918660312,87.40964114832539,5.904306220095695,0.0,0.0,0.0,0.0,4.0,0.12385321100917432,21,17.68421052631579,15,1,0,1,0,1,0,0,19,7.475848149327749,3.0189043062200955,3.0,0.5596330275229358,122,218,6.418867766675156
368,7.932553956834532,16.68,4.275779376498801,2252,7.379227053140095,8.42052995169082,50.0,7.754408212560389,70.19146739130437,10.378260869565217,1.0,0.0,0.0,0.0,13.0,0.13908872901678657,32,24.375,18,3,0,1,2,2,2,0,25,10.775791032727817,4.642264492753623,7.0,0.5227817745803357,218,417,7.221507138097502
369,3.908153846153848,11.818181818181818,4.084615384615384,680,5.3209302325581405,5.883343410852714,7.0,4.427306201550387,82.46793604651165,4.92015503875969,1.0,0.0,0.0,0.0,4.888888888888889,0.09230769230769231,24,14.5,8,0,0,1,0,1,0,0,11,6.816661863887846,3.088083333333333,4.0,0.4846153846153846,63,130,5.648372648681291
370,1.6729230769230767,9.916666666666666,3.7478991596638656,591,2.5579831932773125,7.142379508726568,11.0,2.9531092436974795,90.19426632191342,3.997672915319974,1.0,0.0,0.0,0.0,3.909090909090909,0.12605042016806722,19,14.0,6,0,0,1,0,1,4,0,12,6.297961479604793,2.99691919844861,2.0,0.6638655462184874,79,119,5.998422515719229
371,9.904410726887793,75.0,4.5777777777777775,1281,9.98341013824885,8.903102056008507,37.0,8.647188940092168,62.79737681673167,11.469549805033678,0.0,0.0,0.0,0.0,8.0,0.19111111111111112,94,23.0,8,0,0,1,0,0,4,0,3,11.362043627235082,5.213813541297412,8.0,0.5777777777777777,130,225,6.6497652628602575
372,3.3861842105263165,11.947368421052632,3.9162995594713657,1156,4.382222222222222,7.773566666666667,22.0,4.3735000000000035,83.74425000000002,6.277777777777779,0.0,0.0,0.0,0.0,4.454545454545454,0.11013215859030837,24,16.65,14,0,0,1,0,0,4,0,19,7.908726449838941,3.7248055555555553,3.0,0.5286343612334802,120,227,6.383548843236277
373,3.870559186637621,12.823529411764707,4.348623853211009,1215,7.00913242009133,7.159482970722536,24.0,5.760145044319099,76.71009669621276,6.979425194735429,0.0,0.0,0.0,0.0,5.777777777777778,0.18807339449541285,25,18.823529411764707,6,0,0,1,0,0,0,0,17,8.841846274778883,3.754955143701316,6.0,0.5596330275229358,122,218,6.502795690591068
374,5.173350944929894,14.277777777777779,4.097276264591439,1349,5.730739299610892,7.195070632807701,27.0,5.893045259062053,76.90423305345075,8.679008806061848,0.0,0.0,0.0,0.0,7.857142857142858,0.14785992217898833,28,19.526315789473685,11,1,0,1,0,0,6,0,18,9.811843763644266,4.0847319270939995,5.0,0.5291828793774319,136,257,6.572511176742223
375,2.036025641025642,10.454545454545455,3.756521739130435,1138,3.0744588744588732,5.797819480519481,13.0,2.1439610389610415,98.39308441558443,4.892640692640693,0.0,0.0,0.0,0.0,3.6363636363636367,0.06521739130434782,37,14.681818181818182,10,3,0,1,0,0,0,1,22,5.565023196281405,2.8034826839826836,2.0,0.4782608695652174,110,230,6.138828680910496
376,-0.5081701444622801,6.615384615384615,3.5930232558139537,428,0.9317073170731689,6.8154289198606275,4.0,0.9406271777003496,98.75097560975613,2.8306620209059234,0.0,0.0,0.0,0.0,2.0714285714285716,0.011627906976744186,36,9.0,1,3,0,1,0,3,12,0,13,5.288315135182226,2.1892473867595816,0.0,0.5232558139534884,45,86,5.1470407027446
377,1.8232031943212057,6.391304347826087,4.081632653061225,772,3.163265306122451,7.068542709257617,8.0,1.7529488317065969,93.8784383318545,4.189174800354925,0.0,1.0,0.0,0.0,2.7333333333333334,0.10884353741496598,16,8.956521739130435,3,0,0,1,0,1,0,0,23,6.280692351149826,2.6177249334516413,1.0,0.54421768707483,80,147,6.001937540255717
378,8.408415907207953,20.58823529411765,4.057142857142857,1816,6.047887323943662,7.385475973487987,39.0,8.774962717481358,69.34420049710027,11.057166528583265,0.0,0.0,0.0,0.0,9.0,0.16285714285714287,42,31.58823529411765,16,3,0,1,0,0,0,0,17,10.96692322722173,4.8977779618889805,8.0,0.5142857142857142,180,350,6.816759377751782
379,1.714425287356324,7.25,3.663793103448276,567,2.4956521739130437,5.759485507246376,3.0,2.9231521739130457,91.17400362318843,4.181159420289855,0.0,0.0,0.0,0.0,4.2,0.09482758620689655,17,15.083333333333334,2,0,0,1,2,0,0,0,16,5.985473137389441,2.4893804347826087,1.0,0.5775862068965517,67,116,5.61504298247771
380,5.857935828877004,9.470588235294118,4.6645962732919255,952,7.906748466257671,7.986923096355106,24.0,4.5825405990617085,79.28576326236019,6.534680620714544,0.0,0.0,0.0,0.0,3.916666666666667,0.19254658385093168,22,13.294117647058824,9,1,0,1,0,2,6,0,17,8.4952907291091,3.6682417899675204,7.0,0.6956521739130435,112,161,6.563532561210053
381,1.9829606879606878,6.7272727272727275,4.108108108108108,388,3.3135135135135165,6.317334889434889,2.0,1.8633660933660963,93.68519656019656,3.771990171990172,0.0,0.0,0.0,0.0,2.727272727272727,0.0945945945945946,8,9.272727272727273,0,0,0,1,0,0,0,0,11,6.574015621080383,2.0199778869778866,1.0,0.581081081081081,43,74,5.2629790410707376
382,5.079000000000001,10.0,4.322222222222222,500,6.308888888888887,7.641388888888889,10.0,4.043333333333333,83.88500000000002,6.666666666666668,1.0,0.0,0.0,0.0,4.777777777777778,0.16666666666666666,24,14.444444444444445,13,0,0,1,0,0,0,0,9,8.167268648758528,3.2045555555555554,4.0,0.6888888888888889,62,90,5.699806290605849
383,1.7248280734809214,10.105263157894736,3.8072916666666665,962,2.8000000000000007,5.1384873106060605,4.0,2.2563446969696983,94.42994318181822,3.4909090909090907,0.0,0.0,0.0,0.0,3.545454545454546,0.10416666666666667,23,12.863636363636363,9,2,0,1,0,0,8,0,19,3.1291,2.4278787878787877,2.0,0.4375,84,192,5.791041100235446
384,4.622617187499998,9.576923076923077,4.337349397590361,1396,6.079841897233202,6.759716822134387,19.0,3.888025296442688,85.21221185770752,4.996616600790514,0.0,0.0,0.0,0.0,5.625,0.1566265060240964,18,14.28,14,0,0,1,2,0,4,0,26,7.248619923486231,2.9797539920948615,5.0,0.5502008032128514,137,249,6.618087166970214
385,7.035423728813562,11.733333333333333,4.613636363636363,1024,8.299435028248585,7.522514463276837,18.0,5.878666666666668,73.93257627118645,7.4318644067796615,0.0,1.0,0.0,0.0,5.75,0.19318181818181818,22,16.266666666666666,8,0,0,1,0,1,12,0,15,9.210782826323648,3.911839548022599,6.0,0.5681818181818182,100,176,6.163809676690812
386,0.7705350028457616,7.636363636363637,3.7103174603174605,1242,1.6780876494023893,6.005270586226523,11.0,1.780562322140014,95.06994422310758,3.3466590779738192,0.0,0.0,0.0,0.0,3.25,0.0873015873015873,19,10.657142857142857,7,0,0,1,0,1,5,0,33,5.86031511419368,2.2613268070574843,0.0,0.4722222222222222,119,252,6.391214265179364
387,7.478156028368794,21.153846153846153,3.9890909090909092,1451,5.696085409252667,7.375281874258601,23.0,6.959416370106762,78.53312218268093,8.774472123368922,0.0,0.0,0.0,0.0,11.4,0.10181818181818182,39,27.6,22,0,0,1,0,1,4,0,13,8.841846274778883,4.367944483985765,6.0,0.48,132,275,6.529789429836474
388,5.162281167108752,14.333333333333334,4.133720930232558,911,6.039534883720933,6.587804293381037,13.0,5.006046511627911,82.73716457960644,5.7574239713774595,0.0,0.0,0.0,0.0,5.0,0.11627906976744186,34,18.53846153846154,5,0,0,1,0,0,4,0,12,7.010146845296333,3.554538461538461,4.0,0.5813953488372093,100,172,6.260571616452768
389,2.0357142857142847,10.5,3.798941798941799,950,3.044680851063834,6.684208308004052,14.0,2.7141945288753817,91.54833333333335,4.432016210739615,0.0,0.0,0.0,0.0,3.3076923076923075,0.08994708994708994,25,13.380952380952381,6,2,0,1,0,3,12,0,18,6.42735559955562,2.970434650455927,2.0,0.6031746031746031,114,189,6.356059802810774
390,4.653118279569892,12.25,4.081632653061225,505,6.219354838709677,6.186452688172043,6.0,3.792688172043011,86.27569892473119,5.853763440860216,1.0,0.0,0.0,0.0,4.722222222222222,0.07142857142857142,19,13.555555555555555,4,0,0,1,0,1,0,0,8,7.3871296695380915,2.850838709677419,5.0,0.5510204081632653,54,98,5.331989467556897
391,9.800971524288109,25.625,4.385365853658537,1176,10.143298969072166,10.217181099656358,45.0,9.570670103092784,55.24026632302406,11.208934707903781,0.0,0.0,0.0,0.0,7.375,0.22926829268292684,40,22.5,10,0,0,1,6,0,2,0,8,12.602617957971052,5.334994845360825,9.0,0.624390243902439,128,205,6.627957448334814
392,2.6042184873949594,7.888888888888889,3.9788732394366195,731,3.764285714285716,7.654113445378151,15.0,3.0460504201680685,87.89189075630254,5.008403361344538,0.0,0.0,0.0,0.0,3.666666666666667,0.15492957746478872,13,12.058823529411764,8,0,0,1,0,2,0,0,18,6.522977012572876,3.4130336134453776,2.0,0.6126760563380281,87,142,6.1299583874590855
393,2.487742094861659,8.857142857142858,3.7795698924731185,954,2.4108695652173893,5.939271146245059,0.0,0.7544268774703546,104.55025691699605,3.3454545454545457,0.0,0.0,0.0,0.0,3.7272727272727275,0.06989247311827956,22,12.636363636363637,20,1,0,1,0,3,18,0,21,5.238671369647484,2.018272727272727,2.0,0.42473118279569894,79,186,5.960165966060744
394,9.357277140335395,18.727272727272727,4.475728155339806,1142,8.52233009708738,8.321246513680494,22.0,8.153442188879083,69.96176963812889,10.403530450132394,1.0,1.0,0.0,0.0,7.2857142857142865,0.16019417475728157,28,25.545454545454547,2,0,0,1,0,0,2,0,11,10.436869588844216,4.731972639011474,7.0,0.5145631067961165,106,206,6.319545169374065
395,5.104606299212598,9.518518518518519,4.2412451361867705,1410,6.085039370078743,7.000042299212598,12.0,4.3535023622047255,81.9462220472441,4.22148031496063,0.0,0.0,0.0,0.0,4.6,0.12840466926070038,44,14.2,15,1,0,1,0,3,18,0,27,8.109356740369918,2.982583622047244,4.0,0.46303501945525294,119,257,6.293372993609717
396,1.938604651162791,8.4,3.9761904761904763,653,3.461904761904762,7.186076507936509,11.0,3.3256825396825427,86.18042857142858,3.677460317460318,0.0,0.0,0.0,0.0,3.5,0.1111111111111111,16,12.533333333333333,4,0,0,1,0,1,4,0,15,6.079149491110277,2.910701587301587,2.0,0.6587301587301587,83,126,6.125507601813789
397,0.2545370370370392,4.388888888888889,3.8734177215189876,411,0.28717948717948616,6.914838461538462,6.0,1.2881730769230764,94.50995192307694,2.462820512820513,0.0,0.0,0.0,0.0,1.6875,0.12658227848101267,6,7.375,4,1,0,1,0,5,0,0,18,5.985473137389441,2.1879134615384617,0.0,0.6708860759493671,53,79,5.388543247875861
398,3.818160919540226,14.19047619047619,4.154362416107382,1616,6.238356164383564,6.943733789954338,18.0,4.794041095890414,82.36186073059362,6.099543378995434,1.0,0.0,0.0,0.0,6.571428571428571,0.13087248322147652,48,16.666666666666668,11,1,0,1,8,2,10,0,21,7.3335674157376936,3.5558698630136982,6.0,0.4966442953020134,148,298,6.762104233797648
399,8.840755081039362,14.652173913043478,4.774480712166172,1982,9.830177514792897,9.177149909956265,58.0,8.26023925906869,62.015362747620316,10.37530228968356,1.0,1.0,0.0,0.0,6.125,0.21364985163204747,29,19.47826086956522,9,0,0,1,0,0,0,0,23,11.20814326018867,4.946589915101621,8.0,0.5548961424332344,187,337,7.060037578562257
400,3.461195652173913,13.8,3.8079710144927534,1382,3.9246376811594246,6.577315942028985,18.0,4.096521739130434,87.0658695652174,6.104347826086957,0.0,0.0,0.0,0.0,5.111111111111111,0.12318840579710146,35,18.130434782608695,15,2,0,1,0,3,4,0,20,7.255503002510835,3.216507246376811,3.0,0.5434782608695652,150,276,6.604857062212017
401,7.46892676767677,15.0,4.482352941176471,1478,8.05,8.66482905982906,35.0,6.790256410256411,72.10696581196584,8.854700854700855,0.0,0.0,0.0,0.0,7.2857142857142865,0.1843137254901961,28,20.77777777777778,18,0,0,1,0,0,12,0,17,10.125756701596842,4.331051282051282,6.0,0.5607843137254902,143,255,6.613539786137431
402,5.352746781115879,11.55,4.303030303030303,1270,6.698275862068964,8.363541034482758,28.0,5.209862068965521,78.37134482758621,6.191724137931034,1.0,0.0,0.0,0.0,4.4,0.09956709956709957,22,16.1,13,0,0,1,0,1,2,0,20,7.365786028017654,3.920289655172413,6.0,0.5714285714285714,132,231,6.566529945951932
403,9.5568782673637,9.818181818181818,5.064814814814815,693,11.885436893203888,10.774727333831219,25.0,7.433980582524271,55.876572068708015,7.0527259148618375,0.0,0.0,0.0,0.0,4.25,0.3055555555555556,25,10.0,3,0,0,1,0,0,0,0,11,9.057496981413337,4.7949887976101575,9.0,0.6944444444444444,75,108,5.9722085668580895
404,7.004079696394687,15.307692307692308,4.316582914572864,1093,8.28540540540541,9.297345786963435,29.0,5.301685214626392,76.43481717011132,8.028616852146264,0.0,0.0,0.0,0.0,5.0,0.18592964824120603,35,15.470588235294118,16,0,0,1,0,1,12,0,13,9.325443323948027,4.093411764705882,8.0,0.5376884422110553,107,199,6.379999590811709
405,7.772418166939445,14.461538461538462,4.446808510638298,1064,8.160638297872342,8.21730294599018,24.0,6.996808510638299,70.65653846153847,7.486743044189854,1.0,0.0,0.0,0.0,8.333333333333334,0.11702127659574468,25,19.615384615384617,14,0,0,1,0,0,4,0,13,8.617729084823388,4.387651391162029,7.0,0.6595744680851063,124,188,6.565687771899792
406,4.441864018334606,10.909090909090908,4.125,635,5.589915966386556,6.694174255156608,9.0,4.3954774637127585,82.81757066462953,6.007944996180291,0.0,0.0,0.0,0.0,4.7,0.16666666666666666,21,15.909090909090908,10,0,0,1,0,0,0,0,11,8.00094639256281,3.087052711993888,5.0,0.6166666666666667,74,120,5.900274032946259
407,11.003951515151513,21.0,4.489177489177489,1287,9.416071428571428,7.677652435064935,32.0,9.156282467532467,65.68644480519484,9.752597402597402,1.0,0.0,0.0,1.0,8.666666666666666,0.1471861471861472,41,27.545454545454547,7,0,0,1,0,1,0,1,11,10.23097548852734,4.977237012987013,8.0,0.5757575757575758,133,231,6.582543709155802
408,3.0740899550224867,10.666666666666666,3.5875,802,2.430555555555557,7.894539130434783,10.0,0.7822946859903404,100.60521739130436,3.33768115942029,0.0,0.0,0.0,0.0,2.533333333333333,0.06875,22,9.08695652173913,16,3,0,1,0,5,34,0,15,5.192301501255418,2.3787270531400964,2.0,0.5,80,160,5.9666911185966
409,8.798377192982457,14.733333333333333,4.710407239819005,1324,9.404405286343618,9.11715738619677,33.0,8.401867841409693,61.77951248164467,11.339676945668135,0.0,0.0,0.0,0.0,8.142857142857142,0.21266968325791855,31,21.066666666666666,13,0,0,1,0,0,0,0,15,11.855464076750408,4.867073127753304,8.0,0.5203619909502263,115,221,6.3402577791263495
410,5.683346153846156,12.307692307692308,4.29375,871,6.590000000000003,6.714149038461539,11.0,4.992500000000003,81.19019230769233,6.173076923076923,1.0,1.0,0.0,0.0,5.111111111111111,0.15,23,17.53846153846154,6,0,0,1,0,4,6,0,13,8.617729084823388,3.2731346153846155,5.0,0.55,88,160,6.118158133293899
411,7.417946768060837,13.421052631578947,4.5058823529411764,1468,7.980842911877399,9.135048659003832,36.0,6.792969348659007,72.1864655172414,7.485823754789272,0.0,1.0,0.0,0.0,6.875,0.16470588235294117,24,20.22222222222222,19,0,0,1,0,1,0,0,19,9.150863307647796,4.49805938697318,6.0,0.6235294117647059,159,255,6.933037980766137
412,6.224982206405691,11.16,4.566308243727598,1597,7.865949820788536,8.604444602150538,43.0,5.341611469534051,76.64308387096776,6.614537634408602,0.0,0.0,0.0,0.0,4.545454545454546,0.1863799283154122,22,14.92,10,0,0,1,0,4,6,0,25,8.48813103181909,3.984603010752688,6.0,0.5878136200716846,164,279,6.924696401758925
413,5.695,15.6,4.208333333333333,1688,6.294230769230769,7.621492307692307,40.0,6.158846153846156,74.06115384615386,8.02051282051282,0.0,0.0,0.0,0.0,8.0,0.1762820512820513,38,19.166666666666668,17,1,0,1,0,3,14,0,20,9.928628108626363,3.96751282051282,7.0,0.5448717948717948,170,312,6.87892847625623
414,4.411626984126983,7.611111111111111,4.547445255474453,794,6.3474452554744545,8.508974614760746,22.0,4.260085158150854,78.07614557988646,3.920356853203568,0.0,0.0,0.0,0.0,3.75,0.26277372262773724,24,11.055555555555555,4,0,0,1,0,1,0,0,18,7.168621630094336,3.669830900243309,3.0,0.6277372262773723,86,137,6.104388678803897
415,5.465252525252527,13.5,4.214814814814815,1459,6.126666666666665,6.8184124579124585,19.0,4.492659932659937,84.71151515151516,5.501683501683502,0.0,0.0,0.0,0.0,6.857142857142857,0.15185185185185185,48,17.59090909090909,12,0,0,1,0,0,16,0,20,7.520522993642369,3.2064915824915823,5.0,0.562962962962963,152,270,6.770992643063558
416,6.386729147141519,12.909090909090908,4.376760563380282,1600,7.0756013745704465,7.873809840674789,33.0,5.748017806935334,77.41138003748829,7.765135895032802,1.0,0.0,0.0,0.0,5.0,0.17253521126760563,29,18.863636363636363,16,0,0,1,0,1,4,0,22,8.97023862654752,4.063495626366761,6.0,0.5070422535211268,144,284,6.649177199195661
417,7.076187113857017,120.0,4.133333333333334,1247,8.8,8.623315004413062,39.0,4.043371579876435,82.75129744042367,5.2988526037069725,0.0,0.0,0.0,0.0,4.6,0.1125,213,12.5,15,0,0,1,0,1,8,0,2,7.168621630094336,3.7874280670785523,4.0,0.6416666666666667,154,240,6.931486610490695
418,5.646024390243905,12.8125,4.239024390243903,1105,6.443137254901963,8.061596078431371,19.0,4.768774509803922,83.58198529411766,5.8843137254901965,1.0,0.0,0.0,0.0,5.75,0.13170731707317074,21,18.1875,12,0,0,1,0,0,2,0,16,6.6274283507984215,3.8171421568627446,5.0,0.5170731707317073,106,205,6.359068865693729
419,5.636570425282876,10.857142857142858,4.364035087719298,1309,6.895278969957083,9.447731837690206,24.0,4.7464631291455355,79.89638607101055,7.154818571985955,0.0,0.0,0.0,0.0,4.363636363636363,0.17543859649122806,22,14.318181818181818,17,0,0,1,0,1,6,0,21,8.438071523408619,3.697983417869684,6.0,0.5175438596491229,118,228,6.4619554149504514
420,3.0008405977584047,18.125,3.586206896551724,698,2.6344827586206883,6.46824921630094,3.0,3.3040125391849564,94.8526959247649,5.54858934169279,0.0,0.0,0.0,0.0,6.428571428571429,0.06206896551724138,33,20.09090909090909,14,0,0,1,0,2,8,0,8,5.565023196281405,2.875567398119122,5.0,0.6,87,145,6.109161635075752
421,3.663079178885628,8.904761904761905,4.229946524064171,1009,5.177419354838712,6.772404594330401,19.0,3.8212512218963823,82.72460410557186,5.532355816226785,0.0,0.0,0.0,0.0,3.384615384615385,0.11229946524064172,16,11.636363636363637,9,1,0,1,0,1,2,0,21,7.686295010490155,3.0482952101661778,3.0,0.5935828877005348,111,187,6.475008213838354
422,4.007009569377992,12.0,4.034090909090909,1364,5.078326996197717,6.450852298651919,20.0,4.685960940200484,82.75893104044248,6.759004493605255,1.0,0.0,0.0,0.0,5.222222222222222,0.12121212121212122,20,17.363636363636363,11,0,0,1,0,0,0,0,22,8.841846274778883,3.2766821638437604,4.0,0.571969696969697,151,264,6.721400084718493
423,5.275766423357666,13.5,4.111111111111111,715,5.9485294117647065,6.865324705882353,10.0,5.244882352941179,81.6824705882353,7.2047058823529415,0.0,0.0,0.0,0.0,6.25,0.11851851851851852,26,19.6,5,1,0,1,0,0,2,0,10,8.841846274778883,3.3889529411764703,5.0,0.6592592592592592,89,135,6.164530297079931
424,1.171242236024849,4.352941176470588,3.4324324324324325,363,0.7217391304347807,6.855884679089026,9.0,1.552432712215321,92.71076086956523,4.290269151138716,0.0,0.0,0.0,0.0,1.8928571428571428,0.08108108108108109,8,7.428571428571429,1,2,0,1,0,2,0,0,17,6.868970318607317,2.655667701863354,0.0,0.5675675675675675,42,74,5.096202819580251
425,7.153265050167224,13.08695652173913,4.538205980066445,1758,8.253548387096775,8.889215287517532,44.0,6.9097475455820465,69.52940392706874,7.842917251051893,1.0,0.0,0.0,0.0,6.625,0.22591362126245848,26,19.0,17,0,0,1,2,0,0,0,23,9.65351601584587,4.237499298737728,6.0,0.5548172757475083,167,301,6.826072970022456
426,6.220336134453781,15.666666666666666,4.059574468085106,1235,5.673417721518987,6.219040759493671,16.0,5.907021097046414,80.85369620253167,7.163881856540084,0.0,1.0,0.0,0.0,6.857142857142857,0.1148936170212766,36,22.733333333333334,20,0,0,1,0,0,0,4,15,7.554174236665414,3.719964556962025,5.0,0.4978723404255319,117,235,6.307558886853729
427,6.076744186046511,14.363636363636363,4.329113924050633,887,7.618987341772154,8.41764835443038,25.0,7.002379746835448,73.00053164556962,9.10481012658228,0.0,0.0,0.0,0.0,7.0,0.1962025316455696,29,22.6,9,0,0,1,0,1,0,0,11,9.642632912329528,4.590850632911392,6.0,0.6139240506329114,97,158,6.37423630867952
428,3.6513480392156836,10.6,4.026415094339622,1397,4.770895522388063,7.018426368159204,24.0,3.8232089552238797,87.54113184079603,5.212935323383085,1.0,0.0,0.0,0.0,6.857142857142857,0.12830188679245283,23,16.833333333333332,16,1,0,1,2,0,4,0,25,6.816661863887846,3.2478283582089547,6.0,0.569811320754717,151,265,6.655196400350364
429,3.606165703275529,12.285714285714286,3.8430232558139537,881,3.8069767441860485,6.683909457364341,4.0,2.671534883720934,96.33237984496125,4.586666666666667,0.0,0.0,0.0,0.0,4.666666666666667,0.06395348837209303,27,17.2,9,0,0,1,2,0,8,0,14,4.604124745555138,2.7058,4.0,0.563953488372093,97,172,6.180723022417001
430,8.712532782468113,17.11764705882353,4.6048109965635735,1694,9.146712802768167,9.472153177927519,48.0,7.735876889455472,66.69181751957753,9.821234747769077,0.0,0.0,0.0,0.0,7.428571428571429,0.19931271477663232,29,20.68421052631579,22,1,0,1,0,1,10,0,17,10.542938554032801,5.03697140775815,8.0,0.5876288659793815,171,291,7.001967773156614
431,2.4594870588235302,8.2,4.154471544715447,662,4.157723577235775,9.772199856527976,8.0,2.4854232424677214,90.13020086083215,3.8697274031563844,0.0,0.0,0.0,0.0,2.7857142857142856,0.13008130081300814,20,10.058823529411764,6,0,0,1,0,0,4,0,15,5.900188976854958,3.2575504543280727,1.0,0.5853658536585366,72,123,5.71804938501524
432,7.676710526315787,15.4,4.279220779220779,1667,7.515511551155118,7.971119836720514,37.0,7.881618898731983,66.95931214174051,9.547264200104221,1.0,0.0,0.0,0.0,7.0,0.14285714285714285,53,22.526315789473685,19,0,0,1,0,0,0,0,20,10.65788864234165,4.648635052978982,7.0,0.5227272727272727,161,308,6.807752143308758
433,3.9799356499356513,12.578947368421053,4.046025104602511,1362,5.123437500000001,7.619629166666667,16.0,3.8731250000000017,86.29270833333337,5.360416666666667,0.0,0.0,0.0,0.0,5.666666666666667,0.11715481171548117,29,15.25,2,0,0,1,0,0,0,0,19,7.793537801064561,3.11565625,5.0,0.4895397489539749,117,239,6.431649053279404
434,5.182121542940319,9.166666666666666,4.572727272727272,1296,7.621524663677128,8.274989985052319,29.0,5.3898038116591955,72.96987761584457,6.2278774289985055,0.0,0.0,0.0,0.0,3.6923076923076925,0.17727272727272728,22,12.75,7,1,0,1,2,2,2,0,24,8.59863814320734,3.7688559417040355,7.0,0.5681818181818182,125,220,6.54745995521908
435,4.40942857142857,10.2,4.284313725490196,563,5.90666666666667,7.164919047619048,8.0,4.238333333333333,83.37750000000003,6.485714285714287,0.0,0.0,0.0,0.0,5.0,0.12745098039215685,20,15.0,4,0,0,1,0,0,0,0,10,8.841846274778883,3.0566428571428568,4.0,0.6862745098039216,70,102,5.841111738839424
436,5.587846153846151,12.6,4.281746031746032,1393,6.390733590733593,7.875769806949807,21.0,5.770924710424708,76.75329826254828,7.187722007722008,0.0,0.0,0.0,0.0,5.5,0.19444444444444445,32,18.85,12,0,0,1,0,1,0,0,20,8.07648339933343,4.092749227799228,5.0,0.5119047619047619,129,252,6.544779327617834
437,5.098345864661653,12.0,4.226190476190476,914,6.320710059171599,7.038201437024514,17.0,6.08472104818259,72.9387130177515,7.432121724429416,1.0,0.0,0.0,0.0,5.666666666666667,0.17857142857142858,16,17.357142857142858,11,0,0,1,0,0,0,0,14,10.125756701596842,3.558822907861369,5.0,0.5297619047619048,89,168,5.983731357591644
438,2.3351699029126216,6.375,4.215686274509804,552,4.0078431372549055,10.299660784313726,12.0,3.4393872549019626,81.75849264705883,3.3343137254901962,0.0,0.0,0.0,0.0,2.3125,0.08823529411764706,9,8.5625,4,0,0,1,0,0,0,0,16,5.602791699666715,4.351600490196078,2.0,0.5294117647058824,54,102,5.351964097912077
439,4.7741346153846145,14.692307692307692,4.115183246073299,1033,5.902564102564103,6.72875641025641,13.0,5.932820512820513,79.24384615384618,6.615384615384617,0.0,0.0,0.0,0.0,6.714285714285714,0.12041884816753927,37,22.307692307692307,17,0,0,1,0,0,0,0,13,8.384062270229773,3.6596410256410254,5.0,0.5445026178010471,104,191,5.9705708938965625
440,1.213153638814017,5.777777777777778,3.8461538461538463,265,2.188461538461535,5.219572527472527,3.0,2.057142857142857,93.54500000000002,5.279120879120879,0.0,0.0,0.0,0.0,3.571428571428571,0.07692307692307693,11,11.285714285714286,2,1,0,1,2,4,0,0,9,8.418075326091056,2.3825824175824177,1.0,0.6153846153846154,32,52,4.716569343934743
441,3.1275137254901964,13.176470588235293,3.6607142857142856,1081,3.024000000000001,1.2178928104575162,4.0,3.836653594771242,91.12917647058825,5.649673202614379,0.0,0.0,0.0,0.0,5.625,0.09375,23,20.352941176470587,17,0,0,1,0,1,2,0,17,6.227271661974013,2.858065359477124,5.0,0.5446428571428571,122,224,6.374124269474682
442,-1.7146855345911973,3.3125,3.3773584905660377,249,-3.8981132075471674,5.345189308176101,2.0,-0.5090094339622642,106.57849842767298,1.7666666666666668,0.0,0.0,0.0,0.0,1.2083333333333335,0.018867924528301886,5,7.0,2,1,0,1,0,4,0,0,16,3.1291,1.7862783018867925,0.0,0.5283018867924528,28,53,4.506617512049981
443,4.685531135531136,12.066666666666666,4.12707182320442,957,5.61988950276243,6.415945893186004,13.0,4.5016353591160225,84.28015101289135,6.3736279926335175,1.0,0.0,0.0,0.0,4.5,0.16022099447513813,21,17.666666666666668,11,0,0,1,0,0,2,0,15,8.021203637495837,3.3006209944751377,5.0,0.56353591160221,102,181,6.1552357227156484
444,2.922797319933,7.333333333333333,4.222222222222222,1072,4.476767676767679,7.030637373737374,13.0,4.672020202020203,74.62803030303033,5.761616161616162,1.0,0.0,0.0,0.0,3.333333333333333,0.16161616161616163,16,10.777777777777779,8,0,0,1,0,2,2,0,27,8.515128840125781,3.0457272727272726,3.0,0.47474747474747475,94,198,6.174889307566732
445,5.424523107177976,12.444444444444445,4.330357142857143,607,6.782142857142858,6.368476587301587,7.0,5.0669047619047625,80.9003174603175,6.04920634920635,1.0,0.0,0.0,0.0,6.125,0.14285714285714285,18,16.88888888888889,1,0,0,1,0,0,0,0,9,8.515128840125781,3.3615238095238094,5.0,0.6428571428571429,72,112,5.899776881952742
446,6.553509389671362,14.842105263157896,4.159574468085107,1498,6.415602836879433,7.325197872340426,15.0,6.12780141843972,79.03333333333333,8.11063829787234,1.0,0.0,0.0,0.0,6.571428571428571,0.1347517730496454,28,23.166666666666668,16,2,0,1,0,0,2,0,19,8.680891452615391,3.81041134751773,6.0,0.4929078014184397,139,282,6.478440363750947
447,4.677279411764708,12.6875,4.078817733990148,1059,5.524137931034485,5.821465024630542,8.0,4.7039378078817755,83.93551262315272,5.863177339901478,1.0,1.0,0.0,0.0,4.2,0.1330049261083744,27,18.125,10,0,0,1,0,3,2,0,16,7.168621630094336,3.432863608374384,4.0,0.5073891625615764,103,203,6.326941661903914
448,3.8097815230961345,11.9,4.081232492997199,1889,4.846629213483148,7.409179900124844,42.0,3.9779026217228477,84.15620474406992,5.640948813982522,0.0,1.0,0.0,0.0,6.25,0.15966386554621848,45,14.416666666666666,12,3,0,1,0,2,18,0,30,7.168621630094336,3.682771535580524,3.0,0.5378151260504201,192,357,7.091670274684807
449,5.241398305084747,16.785714285714285,3.978723404255319,1205,5.152991452991454,6.723652136752136,22.0,5.292382478632479,83.1675480769231,6.5337606837606845,1.0,0.0,0.0,0.0,7.666666666666666,0.14893617021276595,63,21.625,16,0,0,1,0,0,0,0,14,6.907726486568896,3.9669369658119655,5.0,0.5276595744680851,124,235,6.467139036665326
450,5.757764705882352,13.157894736842104,4.528,1452,7.661660079051384,8.756870972332017,37.0,6.686444268774704,65.14897075098816,8.632980237154149,1.0,0.0,0.0,0.0,6.0,0.196,42,13.68,13,0,0,1,2,0,4,0,19,9.984395529734659,4.101493122529644,5.0,0.596,149,250,6.7712425194475125
451,6.9430322580645125,15.45,4.268608414239482,1668,6.985760517799349,6.702334563106796,24.0,6.4743349514563135,76.16295873786409,8.510097087378641,1.0,0.0,0.0,0.0,8.5,0.1650485436893204,31,21.95,20,0,0,1,0,0,0,0,20,9.3871,3.824569741100323,6.0,0.4692556634304207,145,309,6.699027838812494
452,4.830778251599149,8.1875,4.3816793893129775,746,6.457575757575757,6.616202597402598,11.0,4.803809523809527,77.41500000000002,5.286580086580087,0.0,0.0,0.0,0.0,4.166666666666667,0.16793893129770993,16,13.0,12,0,0,1,2,0,4,0,16,8.418075326091056,3.0805497835497833,4.0,0.6335877862595419,83,131,6.078014486300263
453,7.337069805194805,124.0,4.379032258064516,674,9.360714285714288,6.961161038961039,12.0,5.132694805194809,76.39866883116883,7.287012987012988,0.0,0.0,0.0,0.0,4.363636363636363,0.12903225806451613,124,14.090909090909092,8,0,0,1,0,0,0,0,1,8.575989854853784,3.1960649350649346,6.0,0.5564516129032258,69,124,5.858435802476171
454,3.0182352941176482,8.666666666666666,4.0,800,4.376470588235293,7.178978431372549,10.0,3.1134640522875827,88.77058823529414,4.9071895424836605,0.0,0.0,0.0,0.0,3.3076923076923075,0.08974358974358974,21,13.235294117647058,3,0,0,1,0,0,0,0,18,7.285733465282437,2.8949281045751634,2.0,0.5897435897435898,92,156,6.168614717103987
455,1.8485603112840465,11.043478260869565,3.6968503937007875,1249,2.6370078740157474,6.813546236220472,7.0,3.6566519685039367,86.9422850393701,7.371086614173229,0.0,0.0,0.0,0.0,5.0,0.03937007874015748,23,14.88,20,0,0,1,0,1,7,0,23,8.608573733854374,3.0503001574803146,6.0,0.48031496062992124,122,254,6.398932693877394
456,3.698297872340426,13.047619047619047,4.102189781021898,1455,5.055072463768116,6.300859362318841,21.0,4.448933333333333,82.82940000000002,6.444985507246376,0.0,0.0,0.0,0.0,5.444444444444445,0.12043795620437957,31,16.32,11,2,0,1,2,0,10,0,21,8.238735603445708,3.268103768115942,5.0,0.5291970802919708,145,274,6.522511392526966
457,3.8788253319714023,12.090909090909092,3.969924812030075,1358,4.7774436090225585,6.90744969241285,24.0,4.119439507860562,87.06347915242652,6.340123034859878,0.0,0.0,0.0,0.0,4.3,0.12406015037593984,25,17.363636363636363,13,0,0,1,0,0,0,0,22,7.520522993642369,3.546073820915926,3.0,0.5601503759398496,149,266,6.750492949781674
458,3.535935866155455,7.947368421052632,4.311258278145695,823,5.365562913907283,7.063206029975602,11.0,3.9982154060648334,80.5525270128965,5.827953990937609,0.0,1.0,0.0,0.0,3.846153846153846,0.13245033112582782,13,11.210526315789474,3,0,0,1,0,0,0,0,19,8.20500826718156,2.927790867898222,3.0,0.609271523178808,92,151,6.162222663404431
459,6.606434426229509,24.2,4.433884297520661,1382,7.422314049586774,6.977073223140496,29.0,5.073628099173554,80.23862396694217,6.492892561983471,1.0,0.0,0.0,0.0,8.333333333333334,0.16115702479338842,77,16.85,22,2,0,1,0,3,22,0,10,8.07648339933343,3.717827272727272,6.0,0.5247933884297521,127,242,6.559569991663469
460,8.46515503875969,13.23076923076923,4.627906976744186,1001,8.9093023255814,8.478537984496125,24.0,6.9453488372093055,70.79713178294575,8.058914728682172,0.0,0.0,0.0,0.0,5.666666666666667,0.26744186046511625,26,21.0,11,0,0,1,6,0,2,0,13,9.2995712137729,4.66,8.0,0.5290697674418605,91,172,6.085268265009433
461,11.902111173498035,24.818181818181817,4.604395604395604,1599,9.784671532846712,9.868411734980349,49.0,11.105182481751829,52.98425884334645,13.248287478944414,0.0,0.0,0.0,0.0,14.0,0.21611721611721613,54,29.384615384615383,20,1,0,1,2,0,10,0,11,12.502718667466524,6.039313307130826,9.0,0.5641025641025641,154,273,6.7540548428603095
462,9.411071428571429,23.285714285714285,4.263803680981595,897,7.4759036144578275,8.375398795180724,20.0,8.780813253012052,69.06652108433735,10.468674698795182,0.0,0.0,0.0,0.0,10.8,0.13496932515337423,42,29.375,6,1,0,1,0,0,6,0,7,10.125756701596842,5.059930722891567,8.0,0.656441717791411,107,163,6.4366527523881425
463,5.496654929577463,14.25,4.035087719298246,1480,5.656537102473504,7.0722975971731445,20.0,5.3977579505300355,81.5660362190813,7.073427561837455,1.0,0.0,0.0,0.0,11.0,0.11929824561403508,26,21.45,20,0,0,1,0,0,2,0,20,8.697196308434329,3.5027012367491164,4.0,0.5087719298245614,145,285,6.581688931439207
464,1.8970052083333329,7.866666666666666,3.542372881355932,616,2.1781250000000014,7.126191666666667,6.0,2.4903125000000017,96.20677083333337,4.891666666666667,0.0,0.0,0.0,0.0,4.3,0.05084745762711865,19,16.416666666666668,7,1,0,1,0,7,2,0,15,5.985473137389441,2.8804999999999996,1.0,0.6101694915254238,72,118,5.7687631697833295
465,2.972640499553968,8.85,4.045197740112994,918,4.255367231638424,6.417998186143325,8.0,1.643157894736845,99.87438893844782,4.4042818911686,0.0,0.0,0.0,0.0,3.7272727272727275,0.1016949152542373,14,13.842105263157896,6,1,0,1,0,1,0,0,20,5.7502877580894305,2.589814451382694,3.0,0.5141242937853108,91,177,6.032958531256421
466,1.8435447761194048,12.181818181818182,3.716417910447761,676,1.9611940298507449,6.52645223880597,3.0,1.3255037313432823,100.47616604477616,3.35,0.0,0.0,0.0,0.0,3.25,0.05223880597014925,24,12.6875,12,0,0,1,0,2,16,0,11,4.557286568694721,2.2765914179104474,1.0,0.6417910447761194,86,134,6.169529746521819
467,2.727110047846889,8.631578947368421,4.085365853658536,860,4.519018404907978,5.902567936712948,14.0,3.3202066515983226,86.53841136583793,4.167775266386826,1.0,0.0,0.0,0.0,3.8181818181818183,0.1402439024390244,14,12.68421052631579,6,0,0,1,0,1,0,0,19,6.05967700443912,2.8928033580884724,3.0,0.5487804878048781,90,164,6.0670550518298505
468,4.498533103618016,14.117647058823529,3.8666666666666667,1197,4.6393305439330526,5.589089613586021,12.0,4.852773812453854,85.31090081220773,5.95825744523751,0.0,0.0,0.0,0.0,6.571428571428571,0.07916666666666666,29,20.647058823529413,10,1,0,1,0,0,0,0,17,6.522977012572876,3.253093280826975,4.0,0.5208333333333334,125,240,6.546513094670799
469,11.772931286549706,55.5,4.678678678678678,1901,12.172368421052632,9.66826783625731,67.0,9.861140350877193,54.444093567251485,11.887134502923978,0.0,0.0,0.0,0.0,10.666666666666666,0.21621621621621623,100,23.11111111111111,14,2,0,1,0,0,6,0,6,12.745084868956482,5.455201754385964,11.0,0.5225225225225225,174,333,6.784848211753705
470,-0.3047089947089958,6.448275862068965,3.5775401069518717,896,0.4957446808510646,6.669522537431048,6.0,1.1851300236406637,98.96759259259261,2.785185185185185,0.0,0.0,0.0,0.0,2.466666666666667,0.0427807486631016,15,10.666666666666666,9,0,0,1,0,4,0,0,29,5.3279370663704135,2.32396926713948,1.0,0.41711229946524064,78,187,5.723334231874485
471,3.4525327644010986,11.352941176470589,3.8860103626943006,979,4.131606217616582,7.226704327948797,18.0,4.917439804937519,80.02782688204817,5.370192014629687,1.0,0.0,0.0,0.0,4.2,0.11398963730569948,24,16.88235294117647,14,2,0,1,0,0,2,0,17,6.79490614679532,3.776552270649192,3.0,0.5544041450777202,107,193,6.301837266917999
472,8.941961789375583,83.0,4.530120481927711,1883,10.789864864864867,8.35698504193849,61.0,6.8879869524697135,63.85878378378382,8.40708294501398,0.0,1.0,0.0,0.0,4.7,0.1927710843373494,129,13.448275862068966,17,4,0,1,0,0,12,0,4,9.581879112588783,4.195739981360671,7.0,0.5451807228915663,181,332,7.02341359303331
473,5.048133802816899,15.666666666666666,4.060283687943262,1462,6.037545126353795,6.603604404332129,23.0,5.615832129963902,79.4682247292419,7.128447653429603,0.0,0.0,0.0,0.0,6.857142857142857,0.13120567375886524,40,19.95,9,1,0,1,0,1,4,0,18,8.548686976883017,3.63011714801444,6.0,0.5638297872340425,159,282,6.783748719879592
474,5.748561151079134,12.217391304347826,4.355871886120997,1553,6.907913669064751,6.857584374100719,21.0,4.4093899280575535,83.25539424460433,5.88684892086331,0.0,0.0,0.0,0.0,3.8181818181818183,0.14590747330960854,30,15.6,19,0,0,1,0,1,4,0,23,7.248619923486231,3.458718561151079,5.0,0.5195729537366548,146,281,6.766718248093361
475,5.677033468559838,13.0,4.199095022624435,1233,6.523478260869563,9.456471867007673,38.0,6.206470588235295,74.66264705882357,7.324808184143222,0.0,0.0,0.0,0.0,5.625,0.167420814479638,22,19.647058823529413,9,0,0,1,2,0,0,0,17,7.928766900206845,4.466647058823529,5.0,0.5429864253393665,120,221,6.399606408708807
476,2.5112903225806456,8.9,3.943820224719101,466,4.053333333333331,6.237833333333334,2.0,3.1255555555555574,90.46500000000002,4.0,0.0,0.0,0.0,0.0,4.444444444444445,0.06741573033707865,16,14.555555555555555,3,1,0,1,2,2,0,0,10,6.937597516519254,2.8223333333333334,3.0,0.6853932584269663,61,89,5.69501496517579
477,5.018011428571427,15.12,4.002645502645502,1948,5.401069518716575,7.254361879297173,34.0,5.236932773109245,81.3069117647059,6.947135217723454,1.0,0.0,0.0,0.0,6.125,0.1402116402116402,28,19.5,26,0,0,1,0,0,0,0,25,8.634040054169528,3.7111271963330785,5.0,0.5026455026455027,190,378,6.843299743447611
478,2.077054924242425,11.533333333333333,3.7572254335260116,1716,3.0011560693641606,6.483976230513225,17.0,2.8227903310562255,93.49923716938169,4.540760203187949,0.0,0.0,0.0,0.0,4.1,0.07225433526011561,25,15.757575757575758,23,1,0,1,0,3,6,0,30,5.760197766056111,3.063028376248029,2.0,0.4277456647398844,148,346,6.548376212835504
479,0.9300885391047728,7.133333333333334,3.953271028037383,550,1.601869158878511,5.539097343826857,5.0,1.9352877520905096,91.21801278898181,2.2526315789473688,0.0,0.0,0.0,0.0,2.0,0.1308411214953271,13,8.31578947368421,2,0,0,1,0,0,0,0,15,4.439693879044715,2.4367909493359567,1.0,0.5233644859813084,56,107,5.36233024420211
480,3.569017405951712,10.461538461538462,4.110294117647059,1423,5.146323529411767,6.3032967194570135,21.0,3.6304411764705904,87.66727375565613,6.3904977375565615,0.0,0.0,0.0,0.0,4.7,0.11397058823529412,30,14.73076923076923,4,0,0,1,0,3,0,0,26,7.610546881738771,3.0729004524886876,5.0,0.5588235294117647,152,272,6.82243638971421
481,2.4106060606060566,8.083333333333334,3.9690721649484537,1011,3.7411167512690326,6.725670835256114,9.0,3.056587448084912,89.09740539916938,4.394000922934933,1.0,0.0,0.0,0.0,3.909090909090909,0.10309278350515463,24,13.454545454545455,11,3,0,1,0,3,2,0,24,6.574015621080383,2.6254487771112136,3.0,0.5154639175257731,100,194,6.270297234660108
482,2.5997916666666683,8.9375,4.055944055944056,742,4.514084507042256,6.411840845070422,18.0,4.324771126760563,79.86349471830988,5.240140845070423,1.0,0.0,0.0,0.0,4.181818181818182,0.18181818181818182,17,12.6875,1,0,0,1,0,1,0,0,16,7.865858978985526,3.3016426056338024,4.0,0.7062937062937062,101,143,6.308673821460788
483,2.1976333333333358,6.4,4.302083333333333,532,4.437113402061858,8.026834295532646,10.0,3.4763298969072203,81.65690034364262,5.885635738831615,0.0,0.0,0.0,0.0,2.8333333333333335,0.16666666666666666,9,8.733333333333333,2,0,0,1,0,0,0,0,15,7.554174236665414,3.080696907216495,2.0,0.5208333333333334,50,96,5.2534046886469
484,5.629941520467838,37.4,4.120320855614973,1966,7.6112759643916945,7.75546986482031,51.0,4.9379846686449085,76.33287875041215,6.711803494889549,0.0,0.0,0.0,0.0,4.8,0.0962566844919786,87,13.027777777777779,18,2,0,1,0,1,0,0,10,8.344100000000001,3.5369582096933727,7.0,0.5106951871657754,191,374,7.004576816094723
485,7.209620938628159,13.9,4.446043165467626,1556,8.094545454545457,7.648754545454546,25.0,6.206681818181821,75.05402272727272,7.245454545454546,0.0,1.0,0.0,0.0,8.0,0.17266187050359713,28,18.85,15,0,0,1,2,2,2,0,20,8.697196308434329,3.8722954545454544,7.0,0.49640287769784175,138,278,6.6116169621184335
486,4.9420920502092045,14.0,3.9747899159663866,1221,5.236974789915969,6.785647899159663,25.0,5.2397478991596635,82.43172268907564,6.608403361344537,0.0,0.0,0.0,0.0,5.875,0.14285714285714285,27,20.529411764705884,10,1,0,1,0,0,2,0,17,7.724431198458867,3.897033613445378,4.0,0.6008403361344538,143,238,6.710366880135076
487,7.6179355904211405,12.428571428571429,4.706896551724138,1012,9.195375722543353,7.535194632535095,22.0,6.8951816680429445,67.63700867052025,9.335920726672171,0.0,1.0,0.0,0.0,7.0,0.22413793103448276,28,16.5,6,1,0,1,0,1,0,0,14,10.290406445055957,4.172108587943848,6.0,0.5574712643678161,97,174,6.1550179720822795
488,2.2701045296167237,8.285714285714286,4.103448275862069,629,4.236666666666668,7.74597619047619,12.0,4.371190476190478,78.99000000000002,4.761904761904762,0.0,0.0,0.0,0.0,3.75,0.12931034482758622,16,12.642857142857142,4,1,0,1,0,0,0,0,14,7.447530270364452,3.337571428571428,3.0,0.6551724137931034,76,116,5.940347616042447
489,6.021492966751914,10.823529411764707,4.532608695652174,1044,7.754347826086956,7.863401406649617,23.0,5.818132992327367,72.62737851662405,7.155498721227622,1.0,0.0,0.0,0.0,5.444444444444445,0.1956521739130435,16,14.647058823529411,10,0,0,1,0,0,0,0,17,9.007467420416297,4.141204603580562,6.0,0.5760869565217391,106,184,6.281088599100501
490,7.239599999999999,12.5,4.6571428571428575,1007,8.744,7.3242714285714285,17.0,5.198142857142859,80.05835714285716,6.6000000000000005,1.0,0.0,0.0,0.0,9.0,0.24571428571428572,27,16.5,4,0,0,1,0,5,0,0,14,8.841846274778883,3.6334999999999997,8.0,0.5428571428571428,95,175,6.190792519260719
491,4.149999999999999,11.666666666666666,4.2214285714285715,792,6.664335664335663,8.256404895104895,25.0,6.066013986013989,74.7267132867133,8.276923076923078,0.0,0.0,0.0,0.0,8.5,0.15714285714285714,29,18.818181818181817,10,0,0,1,0,1,0,0,12,8.841846274778883,4.175496503496504,7.0,0.6785714285714286,95,140,6.292900274589246
492,6.186291866028711,9.333333333333334,4.678571428571429,656,8.105263157894736,7.474746889952153,17.0,5.013221690590115,77.57906698564594,6.250717703349283,0.0,0.0,0.0,0.0,5.222222222222222,0.19642857142857142,17,14.090909090909092,5,0,0,1,0,1,0,0,12,7.348242739294969,3.658167464114832,6.0,0.6696428571428571,75,112,5.962102328304047
493,1.3656132075471703,8.28,3.8502415458937196,1048,2.688571428571432,7.286330476190477,12.0,1.9583809523809528,95.98328571428573,3.550476190476191,0.0,0.0,0.0,0.0,3.909090909090909,0.1642512077294686,16,12.84,3,0,0,1,0,2,0,0,25,5.927762680638737,2.5967333333333333,1.0,0.48792270531400966,101,207,6.091209218280174
494,8.623870967741933,103.0,4.37378640776699,1127,9.908602150537632,8.4112711827957,34.0,7.13632258064516,65.98448387096778,9.261075268817205,0.0,0.0,0.0,0.0,5.6,0.18932038834951456,186,17.933333333333334,11,1,0,1,0,0,6,0,2,11.20814326018867,4.298152688172042,8.0,0.6407766990291263,132,206,6.67346993042884
495,4.520816326530614,9.8,4.346938775510204,803,6.234013605442179,7.022784081632653,9.0,3.4837006802721113,87.5410612244898,5.00843537414966,1.0,0.0,0.0,0.0,3.909090909090909,0.11564625850340136,15,13.4,3,0,0,1,0,0,0,0,15,6.42735559955562,3.33236462585034,5.0,0.5374149659863946,79,147,5.829798093784418
496,6.681580381471388,14.6,4.347945205479452,2011,7.325274725274724,8.408537362637363,54.0,6.597472527472529,72.69752747252747,7.687912087912088,0.0,0.0,0.0,0.0,8.833333333333334,0.1589041095890411,58,19.73076923076923,13,0,0,1,0,1,10,0,25,8.730908602173464,4.632230769230769,6.0,0.5232876712328767,191,365,6.968778343571679
497,0.9601818181818196,7.454545454545454,3.8048780487804876,817,2.2933333333333366,6.783712121212121,11.0,2.496212121212121,90.52431818181817,3.9696969696969697,0.0,0.0,0.0,0.0,3.0,0.07317073170731707,18,11.181818181818182,3,0,0,1,0,0,0,0,22,5.852544927426893,2.6261969696969696,2.0,0.5792682926829268,95,164,6.129676913736157
498,7.545179856115109,17.3125,4.487364620938628,1577,8.25395683453237,8.472234964028777,37.0,6.724525179856116,71.60851438848924,8.869352517985613,1.0,0.0,0.0,0.0,7.0,0.17689530685920576,56,19.25,15,4,0,1,0,1,0,0,16,9.516144504307135,4.469403597122302,6.0,0.5415162454873647,150,277,6.6853687514958615
499,2.850341735746916,11.130434782608695,3.83203125,1276,3.599999999999998,6.095356437151074,14.0,3.552261884621892,89.49659110133652,5.247775334122823,0.0,0.0,0.0,0.0,3.416666666666667,0.08984375,24,16.608695652173914,13,0,0,1,0,1,2,0,23,7.423996415210883,3.0503194045000845,2.0,0.5859375,150,256,6.752076283855805
