full_text,education_level,source_dataset,domain,orig_split,orig_idx,topic,variation
"My dog is my best friend. He is a golden retriever. His name is Max. Max loves to play outside. He likes to run around in the backyard and catch a ball. Max also likes to swim in the pool. He gets very happy when he gets in the water. Max is very good at catching balls and sticks. He always brings them back to me. Sometimes Max gets a little messy, and I have to clean up after him. He makes me laugh, and I love him very much. Max is such a good boy.",elementary,synthetic,my pet dog,ood_synthetic,0,my pet dog,0
My dog is my best friend. He is a golden retriever. His name is Max. Max loves to play outside. He likes to run around in the backyard and catch a ball. Max also likes to swim in the pool. He gets very happy when he gets in the water. Max is very good at catching balls but not very good at catching frisbees. Sometimes he gets a little messy when he eats his food but I still love him. I love playing fetch with Max. He makes me smile every day.,elementary,synthetic,my pet dog,ood_synthetic,1,my pet dog,1
"My dog is my best friend. He is a golden retriever. His name is Max. Max loves to play outside. He likes to run around in the backyard and catch a ball. Max also likes to swim in the pool. He gets very happy when he gets in the water. Max is very good at catching balls and sticks. He always brings them back to me. Sometimes Max gets a little messy, and I have to clean up after him. He makes me laugh, and I love him very much. Max is such a good boy.",elementary,synthetic,my pet dog,ood_synthetic,2,my pet dog,2
"My dog is my best friend. He is a golden retriever. His name is Max. Max loves to play outside. He likes to run around in the backyard and catch a ball. Max also likes to swim in the pool. He gets very happy when he gets in the water. Max is very good at catching balls and sticks. He always brings them back to me. Sometimes Max gets a little messy, and I have to clean up after him. But I don't mind because I love Max very much. He is such a good boy.",elementary,synthetic,my pet dog,ood_synthetic,3,my pet dog,3
"My dog is my best friend. He is a golden retriever. His name is Max. Max loves to play outside. He likes to run around in the backyard and catch a ball. Max also likes to swim in the pool. He gets very happy when he gets in the water. Max is very good at catching balls and sticks. He always brings them back to me. Sometimes Max gets a little messy, and I have to clean up after him. But I don't mind because I love Max very much. He is such a good boy.",elementary,synthetic,my pet dog,ood_synthetic,4,my pet dog,4
"When it rains, water falls from the sky. The raindrops make a sound on the roof and on the ground. Sometimes, the rain is light, and sometimes it's heavy. The heavy rain can make puddles on the sidewalk. These puddles can be big or small. You can skip in them or jump over them. If you wear boots with good grip, you can walk on the wet sidewalk without slipping. Rain makes the plants grow. It fills the rivers and lakes, and makes them swell. The rain also helps wash the dirt off the streets. After the rain, everything smells fresh and clean.",elementary,synthetic,a rainy day,ood_synthetic,5,a rainy day,0
"When it rains, water falls from the sky. The raindrops make a sound on the roof and on the ground. Sometimes, the rain is light, and sometimes it's heavy. The heavy rain can make puddles on the sidewalk. These puddles can be big or small. You can skip in them or jump over them. If you wear boots with good grip, you can walk on the wet sidewalk without slipping. Rain makes the plants grow. It fills the rivers and lakes, and makes them swell. The rain also helps wash the dirt off the streets. After the rain, everything smells fresh and clean.",elementary,synthetic,a rainy day,ood_synthetic,6,a rainy day,1
"When it rains, water falls from the sky. The raindrops make a sound on the roof and on the ground. Sometimes, the rain is light, and sometimes it's heavy. The heavy rain can make puddles on the sidewalk. These puddles can be big or small. You can skip in them or jump over them. If you wear boots with good grip, you can walk on the wet sidewalk without slipping. Rain makes the plants grow. It fills the rivers and lakes, and makes them swell. The rain also helps wash the dirt off the streets. After the rain, everything smells fresh and clean.",elementary,synthetic,a rainy day,ood_synthetic,7,a rainy day,2
"When it rains, water falls from the sky. The raindrops make a sound on the roof and on the ground. Sometimes, the rain is light, and sometimes it's heavy. The heavy rain can make puddles on the sidewalk. These puddles can be big or small. You can skip in them or jump over them. If you wear boots with good grip, you can walk on the wet sidewalk without slipping. Rain makes the plants grow. It fills the rivers and lakes, and makes them swell. The rain also helps wash the dirt off the streets. After the rain, everything smells fresh and clean.",elementary,synthetic,a rainy day,ood_synthetic,8,a rainy day,3
"When it rains, water falls from the sky. The raindrops make a sound on the roof and on the ground. Sometimes, the rain is light, and sometimes it's heavy. The heavy rain can make puddles on the sidewalk. These puddles can be big or small. You can skip in them or jump over them. If you wear boots with good grip, you can walk on the wet sidewalk without slipping. Rain makes the plants grow. It fills the rivers and lakes, and makes them swell. The rain also helps wash the dirt off the streets. After the rain, everything smells fresh and clean.",elementary,synthetic,a rainy day,ood_synthetic,9,a rainy day,4
"My family is a group of people who take care of me and love me. My mom and dad are the grown-ups in my family. They go to work to make money to buy food, clothes, and toys for me. My mom cooks delicious meals for us, and my dad plays with me when he comes home from work. I also have a little brother who is always getting into trouble and making me laugh. My grandma and grandpa live nearby and come to visit us often. We have a big dinner together and talk about our day. We all share a house and work together to make our family happy.",elementary,synthetic,my family,ood_synthetic,10,my family,0
"My family is a group of people who take care of me and love me. My mom and dad are the grown-ups in my family. They go to work to make money to buy food, clothes, and toys for me. My mom cooks delicious meals for us, and my dad plays with me when he comes home from work. I also have a little brother who is always getting into trouble and making me laugh. My grandma and grandpa live nearby, and they come over often to visit me. We have a big family that lives together and helps each other.",elementary,synthetic,my family,ood_synthetic,11,my family,1
"My family is a group of people who take care of me and love me. My mom and dad are the grown-ups in my family. They go to work to make money to buy food, clothes, and toys for me. My mom cooks delicious meals for us, and my dad plays with me when he comes home from work. I also have a little brother, and we like to play together. Sometimes we have fun playing games, reading books, or going on adventures. My family is special because we all take care of each other and make me feel happy and safe.",elementary,synthetic,my family,ood_synthetic,12,my family,2
"My family is a group of people who take care of me and love me. My mom and dad are the grown-ups in my family. They go to work to make money to buy food, clothes, and toys for me. My mom cooks delicious meals for us, and my dad plays with me when he comes home from work. I also have a little brother who is always getting into trouble and making me laugh. My grandma and grandpa live nearby, and they come over often to visit me. We have a big family that loves and helps each other, and I feel happy and safe with them.",elementary,synthetic,my family,ood_synthetic,13,my family,3
"My family is a group of people who take care of me and love me. My mom and dad are the grown-ups in my family. They go to work to make money to buy food, clothes, and toys for me. My mom cooks delicious meals for us, and my dad plays with me when he comes home from work. I also have a little brother, and we like to play together. Sometimes we have fun playing games, reading books, or going on adventures. My family is special because we all take care of each other and make me feel happy and safe.",elementary,synthetic,my family,ood_synthetic,14,my family,4
"Imagine waking up early in the morning, feeling happy and excited to go to school. You put on your favorite shirt and some clean socks, and grab a bowl of oatmeal or cereal for breakfast. On your way to school, you see friends playing outside, and you wave at them to say hi. When you get to school, you put your backpack in your locker and say hello to your teacher and classmates. You start the day by reading a book, then sing songs, and do math problems. After recess, you have lunch, and maybe play with blocks or build a fort during art class.",elementary,synthetic,a school day,ood_synthetic,15,a school day,0
"A school day is like a big puzzle. It starts early in the morning when the sun is shining. You wake up, get dressed, and have a yummy breakfast. Then you head to school with your friends. When you get to school, you put your things away in your backpack and head to your classroom. You might see your friends on the playground first, then sit down at your desk and listen to your teacher. You learn about reading, math, science, and social studies. You also get to do fun activities like art, music, and recess. The day ends with you heading home, tired but happy, with new things to tell your family and friends.",elementary,synthetic,a school day,ood_synthetic,16,a school day,1
"A school day is like a big puzzle. It starts early in the morning when the sun is shining. You wake up, get dressed, and have a yummy breakfast. Then you head to school with your family. When you get to school, you put your things in your cubby or locker. Your teacher greets you with a smile and says good morning. You sit in your classroom with your friends and do math, reading, and other fun activities. You might sing songs, play with blocks, or do art projects. At lunchtime, you eat a healthy meal with your friends in the cafeteria. After lunch, you learn more new things and make new friends.",elementary,synthetic,a school day,ood_synthetic,17,a school day,2
"A school day is like a big puzzle. It starts early in the morning when the sun is shining. You wake up, get dressed, and have a yummy breakfast. Then you head to school with your family. When you get to school, you put your things in your cubby or locker. Your teacher greets you with a smile and says good morning. You sit in your classroom with your friends and do math, reading, and other fun activities. You might sing songs, play with blocks, or do art projects. At lunchtime, you eat a healthy meal with your friends in the cafeteria. After lunch, you learn more new things and make new friends.",elementary,synthetic,a school day,ood_synthetic,18,a school day,3
"Imagine waking up early in the morning, feeling happy and excited to go to school. You put on your favorite shirt and some clean socks, and grab a bowl of oatmeal or cereal for breakfast. On your way to school, you see friends playing outside, and you wave at them. When you arrive, you hang up your backpack on a hook and find your name on a desk. Your teacher gives you a math worksheet, and you do a fun drawing of a picture. At recess, you play tag with friends, run around, and laugh. In the classroom, you read a book about animals and learn new words.",elementary,synthetic,a school day,ood_synthetic,19,a school day,4
"At the zoo, you can see many different kinds of animals from all around the world. Some animals are big, some are small, some are colorful, and some are not so colorful. There are birds that fly and monkeys that swing from tree to tree. You might see a lion with a big mane or a giraffe with a long neck. The zookeepers take care of the animals and make sure they have food, water, and a safe place to live. They help the animals feel happy and healthy. You can also learn about the animals' homes, like the desert where camels live or the rainforest where sloths live.",elementary,synthetic,animals at the zoo,ood_synthetic,20,animals at the zoo,0
"At the zoo, you can see many different kinds of animals from all around the world. Some animals are big, some are small, some are colorful, and some are not so colorful. There are birds that fly high in the air, like eagles and vultures. You can see big cats like lions and tigers that like to sleep in the sun. Monkeys swing from trees and play with their friends. Elephants have big ears that help them stay cool. Giraffes have long necks that help them reach leaves on tall trees. You can learn a lot about animals and their homes when you visit the zoo.",elementary,synthetic,animals at the zoo,ood_synthetic,21,animals at the zoo,1
"At the zoo, you can see many different kinds of animals from all around the world. Some animals are big, some are small, some are colorful, and some are not so colorful. There are birds that fly high in the air, like eagles and vultures. There are mammals that walk on four legs, like zebras and giraffes. Some animals even live underwater, like fish and alligators. At the zoo, you can see animals that live in the cold, like polar bears, and animals that live in the hot desert, like camels. Each animal is special and unique, and they all have different homes and habits.",elementary,synthetic,animals at the zoo,ood_synthetic,22,animals at the zoo,2
"When we go to the zoo, we can see lots of different animals living together in their homes. Some animals like to play outside in the sunshine, while others like to stay cool in the shade. Elephants like to splash in big pools of water to keep themselves clean. Monkeys love to swing from tree to tree, using strong ropes to help them climb. We can even feed some animals at the zoo, like giraffes that eat special leaves from tall trees. The zookeepers take care of the animals and make sure they have everything they need to be happy and healthy.",elementary,synthetic,animals at the zoo,ood_synthetic,23,animals at the zoo,3
"At the zoo, you can see many different kinds of animals from all around the world. Some animals are big, some are small, some are colorful, and some are not so colorful. There are birds that fly and monkeys that swing from tree to tree. You might see a lion with a big mane or a giraffe with a long neck. The zookeepers take care of the animals and make sure they have food, water, and a safe place to live. They help the animals feel happy and healthy. When you visit the zoo, you can learn about all these amazing animals and see them up close.",elementary,synthetic,animals at the zoo,ood_synthetic,24,animals at the zoo,4
"When we talk about food, we often think about what we like to eat. But did you know that our favorite foods can remind us of happy memories? For me, my favorite food is pizza. I like it when my mom makes homemade pizza with melted cheese, juicy tomatoes, and yummy pepperoni slices. It smells so good in the kitchen when the pizza is baking in the oven. Sometimes I help her stretch the dough and spread the sauce. It's fun to make and eat together as a family. We have a special pizza party and laugh together while we wait for it to cook. It's a tasty treat that makes me feel happy and close to my family.",elementary,synthetic,my favorite food,ood_synthetic,25,my favorite food,0
"My favorite food is pizza. Pizza is a yummy flatbread that comes in many different flavors. Some pizzas are topped with melted cheese and pepperoni. Others have mushrooms, bell peppers, or olives. My favorite toppings are pepperoni and mushrooms. When I order a pizza, I like to ask for extra cheese. I like to eat pizza with my family on Friday nights. We sit around the table and share slices together. Some people eat their pizza by hand, but I like to use a fork and knife. Eating pizza with my family makes me feel happy and full.",elementary,synthetic,my favorite food,ood_synthetic,26,my favorite food,1
"When we eat different foods, we like some better than others. This is because our taste buds help us decide what tastes good. My favorite food is pizza. I like it because it's cheesy and has yummy toppings like pepperoni and mushrooms. My mom makes pizza at home on Fridays. She puts sauce on the dough, then adds cheese and toppings. I help put the toppings on. When it comes out of the oven, it's hot and smells so good. We eat it together as a family. Sometimes I like to eat leftovers the next day for lunch. Pizza is my favorite food because it's fun to make and eat.",elementary,synthetic,my favorite food,ood_synthetic,27,my favorite food,2
"When we eat different foods, we like some better than others. Our favorite foods make us happy and give us energy to play. Maybe your favorite food is pizza with melted cheese and yummy sauce. Or perhaps you like sandwiches with your favorite fillings like turkey or ham. Some kids love fruits like juicy apples or sweet grapes. Others enjoy vegetables like crunchy carrots or crispy lettuce. Even food from different countries can be a favorite, like tacos from Mexico or sushi from Japan. Everyone's favorite food is special and makes their taste buds dance with joy.",elementary,synthetic,my favorite food,ood_synthetic,28,my favorite food,3
"When we eat different foods, our favorite food might be one that makes us happy and feel full. Some people like pizza because they like the melted cheese and the sauce on top. Others like tacos because they like the crunchy shell and the yummy fillings like beans and chicken. My favorite food is a sandwich. I like it because I can put my favorite things inside, like ham, cheese, and lettuce. I also like eating it at a park or on a picnic with my family. Sometimes I like to make my own sandwich with help from a grown-up, it's fun to choose the bread and the fillings.",elementary,synthetic,my favorite food,ood_synthetic,29,my favorite food,4
"When we play with friends, we have fun together. We can play tag, and chase each other around in the backyard or park. Tag is a game where one person is ""it"" and has to catch the other players. We can also play hide-and-seek, where one person hides and the others have to find them. We can play board games or card games like Uno, and take turns rolling dice. Playing games together helps us learn to share, take turns, and be kind. We can also use our imagination to pretend and make up games, like having a pretend store or a pretend restaurant.",elementary,synthetic,playing with friends,ood_synthetic,30,playing with friends,0
"When we play with friends, we have fun and be happy together. Playing with friends helps us make new friends and be kind to them. We can play tag, hide and seek, or ride our bikes together. We can also play with blocks, dolls, or animals. Sometimes we share toys and take turns. Sharing with friends makes everyone happy. We can also help our friends when they need it, like if they fall down or need a hug. When we play together, we learn to be good friends and take care of each other. This helps us feel happy and loved.",elementary,synthetic,playing with friends,ood_synthetic,31,playing with friends,1
"When we play with friends, we have fun together. We can play tag, and chase each other around in the backyard or park. We can also play ball games, like catch or soccer. Sometimes we play with dolls or action figures, using our imaginations to make up stories. We can even have a picnic together, eating our favorite foods and drinks. Playing with friends helps us learn to share and take turns. It also helps us make new friends and feel happy when we're together. We can play outside, inside, or even in a sandbox or pool.",elementary,synthetic,playing with friends,ood_synthetic,32,playing with friends,2
"When we play with friends, we have fun and be happy together. Playing with friends helps us make new friends and be kind to them. We can play tag, hide and seek, or ride our bikes together. We can also play with blocks, dolls, or animals. Sometimes we share toys and take turns. Sharing with friends makes everyone feel happy and included. We learn to work together and use our imaginations. Playing with friends also helps us learn important skills like sharing, listening, and cooperation. It's a great way to have fun and make memories that last a long time.",elementary,synthetic,playing with friends,ood_synthetic,33,playing with friends,3
"When we play with friends, we have fun together. We can play tag, and chase each other around in the backyard or park. We can also play ball games, like catch or soccer. Sometimes we play with dolls or action figures, using our imaginations to make up stories. We can even have a picnic together, eating our favorite foods and drinks. Playing with friends helps us learn to share and take turns. It also helps us make new friends and feel happy when we're together. We can play outside, inside, or even in a sandbox or pool.",elementary,synthetic,playing with friends,ood_synthetic,34,playing with friends,4
"Imagine you are playing soccer with your friends on a sunny day. The field is big and green with white lines all around it. There are goals at each end of the field, one for each team. Your team has a goalkeeper who stands in front of their goal to stop the ball from going in. You kick the ball with your foot to make it roll or fly through the air to your friend on your team. If you kick the ball into the other team's goal, you score a point. But if you kick the ball out of bounds or the other team kicks it into your goal, the other team gets a turn.",elementary,synthetic,a soccer game,ood_synthetic,35,a soccer game,0
"Imagine you are playing soccer with your friends on a sunny day. The field is big and green with a big goal at each end. Two teams take turns playing offense and defense. One team kicks the ball to try and score, the other team tries to stop them. The player with the ball is called the midfielder. They run fast and kick the ball to their friends on the team to help them score. The goalkeeper is the player who guards the goal. They wear special gloves and try to catch the ball when it is kicked to them.",elementary,synthetic,a soccer game,ood_synthetic,36,a soccer game,1
"Imagine you are playing soccer with your friends on a sunny day. The field is big and green with a big goal at each end. Two teams take turns playing offense and defense. One team kicks the ball to try and score, the other team tries to stop them. The player with the ball is called the midfielder. They run fast and pass the ball to their friends on their team to help them get closer to the goal. If they kick the ball into the other team's goal, they score a point. The team with the most points at the end of the game wins.",elementary,synthetic,a soccer game,ood_synthetic,37,a soccer game,2
"Imagine you are playing soccer with your friends on a sunny day. The objective is to kick a ball into the other team's goal. Each team has players who take turns playing offense and defense. The offense tries to kick the ball into the goal, while the defense tries to stop them. The team with the most goals at the end of the game wins. A goalkeeper is a player who guards the goal and tries to catch the ball. Players can pass the ball to each other by kicking it or head it. They can also run quickly to get away from the other team.",elementary,synthetic,a soccer game,ood_synthetic,38,a soccer game,3
"Imagine you are playing soccer with your friends on a sunny day. The field is big and green with a big goal at each end. Two teams take turns playing offense and defense. One team kicks the ball to try and score, the other team tries to stop them. The player with the ball is called the midfielder. They run fast and pass the ball to their friends on their team to help them get closer to the goal. If they kick the ball into the other team's goal, they score a point. The team with the most points at the end of the game wins.",elementary,synthetic,a soccer game,ood_synthetic,39,a soccer game,4
"Imagine you're on a big adventure, traveling around the world to see how the Earth changes throughout the year. As you start at the North Pole, it's cold and snowy in the winter. The snowflakes fall gently from the sky, covering the trees and houses in a thick blanket of white. When you move to the equator, it's warm and sunny, and the trees grow leaves and flowers bloom. In the spring, the weather gets milder, and you see baby animals being born. Summer brings long, hot days and warm nights, perfect for swimming and playing outside. Finally, in the fall, the leaves change colors and fall off the trees, making a crunchy carpet under your feet.",elementary,synthetic,the four seasons of the year,ood_synthetic,40,the four seasons of the year,0
"Imagine you're outside playing with your friends on a sunny day. Do you feel warm? That's because it's summer. In summer, we have long days and warm weather, which means we can play outside with our friends and family. As the days get shorter, the weather starts to get cooler, and we know it's fall. Leaves change color and fall off the trees. When it's cold outside and snow starts to fall, it's winter. You can build snowmen and make snowballs with your friends. But as the days get longer again, the snow melts and flowers start to bloom, which means it's spring. Each season brings something new and fun to enjoy.",elementary,synthetic,the four seasons of the year,ood_synthetic,41,the four seasons of the year,1
"Imagine you're on a big adventure, traveling around the world to see how the Earth changes with the seasons. In the spring, the snow melts, and flowers start to grow. The air is filled with sweet smells and buzzing bees. Summer is warm and sunny, perfect for swimming and playing outside. In the fall, the leaves turn bright colors and fall off the trees, creating a crunchy carpet under our feet. Winter is cold and snowy, a great time for building snowmen and making snow angels. Each season brings its own special magic, and we love experiencing them all.",elementary,synthetic,the four seasons of the year,ood_synthetic,42,the four seasons of the year,2
"Imagine you're outside playing with your friends on a sunny day. Do you feel warm? That's because it's summer. In summer, we have long days and warm weather, which means we can play outside with our friends and family. As the days go by, the weather starts to change and the sun doesn't shine as bright. The leaves on the trees start to change colors and fall off, that's autumn. It gets even cooler and the days get shorter, that's winter. In the winter, it snows and we can make snowballs and snowmen. Eventually, the snow melts and the days get longer again, that's spring. It's a time of new life and we can see flowers blooming.",elementary,synthetic,the four seasons of the year,ood_synthetic,43,the four seasons of the year,3
"Imagine you're on a big adventure, traveling around the world to see how the Earth changes with the seasons. In the spring, the snow melts, and flowers start to grow. The air is filled with sweet smells and buzzing bees. Summer is warm and sunny, perfect for swimming and playing outside. In the fall, the leaves turn bright colors and fall off the trees, creating a crunchy carpet under our feet. Winter is cold and snowy, a great time for building snowmen and making snow angels. Each season brings its own special magic, and we love experiencing them all.",elementary,synthetic,the four seasons of the year,ood_synthetic,44,the four seasons of the year,4
"Do you like to do something just for fun? When you have a hobby, it's something you enjoy doing in your free time. Some people like to draw pictures, like a favorite animal or a happy house. Others like to play with pets, like a dog or a cat. You might like to build with blocks or play with Legos, making a tall castle or a cool spaceship. Some kids like to collect things, like stamps or rocks. Even gardening is a fun hobby, planting seeds and watching them grow into flowers or vegetables. You can pick a hobby that makes you happy and do it every day.",elementary,synthetic,my hobby,ood_synthetic,45,my hobby,0
"Do you like to do something just for fun? That's called a hobby. Everyone has a hobby, even grown-ups. Some people like to draw pictures, like a picture of their family or a happy animal. Others like to play with pets, like a dog or a cat. You might like to build with blocks or play with Legos, creating a tall castle or a cool spaceship. Some kids like to collect things, like stamps or rocks. Even gardening is a fun hobby, planting seeds and watching them grow into flowers or vegetables. We can pick a hobby that makes us happy and gives us something to do when we're not in school.",elementary,synthetic,my hobby,ood_synthetic,46,my hobby,1
"Do you like to do something just for fun? That's called a hobby. Everyone has a hobby, even grown-ups. Some people like to draw pictures, like a picture of their family or a happy animal. Others like to play with pets, like a dog or a cat. You might like to build with blocks or play with Legos, creating a tall castle or a cool spaceship. Some kids like to collect things, like stamps or rocks. Even gardening is a fun hobby, planting seeds and watching them grow into flowers or vegetables. We can pick a hobby that makes us happy and gives us something to do when we're not in school.",elementary,synthetic,my hobby,ood_synthetic,47,my hobby,2
"Do you like to do something just for fun? That's called a hobby. Everyone has a hobby, even grown-ups. Some people like to draw pictures, like a picture of their family or a happy animal. Others like to play with pets, like a dog or a cat. You might like to build with blocks or play with Legos, creating a tall castle or a cool spaceship. Some kids like to collect things, like stamps or rocks. Even gardening is a fun hobby, planting seeds and watching them grow into flowers or vegetables. We can pick a hobby that makes us happy and gives us something to do when we're not in school.",elementary,synthetic,my hobby,ood_synthetic,48,my hobby,3
"Do you like to do something just for fun? That's called a hobby. Everyone has a hobby, even grown-ups. Some people like to draw pictures, like a picture of their family or a happy animal. Others like to play with pets, like a dog or a cat. You might like to build with blocks or play with Legos, creating a tall castle or a cool spaceship. Some kids like to collect things, like stamps or rocks. Even gardening is a fun hobby, planting seeds and watching them grow into flowers or vegetables. You can pick a hobby that makes you happy and do it every day.",elementary,synthetic,my hobby,ood_synthetic,49,my hobby,4
"Plants are incredible organisms that not only make their own food but also provide oxygen for many living things on Earth. This process, called photosynthesis, is how plants turn sunlight, water, and a gas called carbon dioxide into a type of sugar that gives them energy. The leaves of plants contain tiny things called chloroplasts which contain a green pigment called chlorophyll, that captures the energy from sunlight. This energy is then used to convert the water and carbon dioxide into oxygen, which is released into the air, and glucose, a type of sugar that gives plants the energy they need to grow and thrive. Without photosynthesis, plants would not be able to survive.",middle,synthetic,photosynthesis in plants,ood_synthetic,50,photosynthesis in plants,0
"Plants are incredible organisms that can turn sunlight into a source of energy, a process known as photosynthesis. This complex process occurs in specialized organelles within plant cells called chloroplasts, which contain a green pigment called chlorophyll. Chlorophyll plays a crucial role in absorbing light energy from the sun, which is then used to convert carbon dioxide from the air into glucose, a type of sugar that gives plants the energy they need to grow. As a byproduct, plants release oxygen into the atmosphere, which is essential for the survival of many living organisms, including humans and animals, who use oxygen to breathe. This vital process supports life on Earth.",middle,synthetic,photosynthesis in plants,ood_synthetic,51,photosynthesis in plants,1
"Plants are incredible organisms that can turn sunlight into a source of energy, a process known as photosynthesis. This complex process occurs in specialized organelles within plant cells called chloroplasts, which contain a green pigment called chlorophyll. Chlorophyll plays a crucial role in absorbing light energy from the sun, which is then used to convert carbon dioxide from the air into glucose, a type of sugar that gives plants the energy they need to grow. As a byproduct, plants release oxygen into the air, which is essential for the survival of many living organisms, including humans and animals, who use oxygen to breathe. This vital process supports life on Earth.",middle,synthetic,photosynthesis in plants,ood_synthetic,52,photosynthesis in plants,2
"Plants are incredible organisms that produce their own food through a process called photosynthesis. This process relies on sunlight, water, and a gas called carbon dioxide from the air to create glucose, a type of sugar that serves as energy for the plant. During photosynthesis, plants release oxygen as a byproduct, which is essential for the survival of animals, including humans, as we need oxygen to breathe. The process also involves chlorophyll, a green pigment found in plant cells, that helps absorb sunlight and transfer energy to the plant's food-making machinery. This vital process supports life on Earth and is a key part of the ecosystem.",middle,synthetic,photosynthesis in plants,ood_synthetic,53,photosynthesis in plants,3
"Plants are incredible organisms that produce their own food through a process called photosynthesis. This process relies on sunlight, water, and a gas called carbon dioxide from the air to create glucose, a type of sugar that serves as energy for the plant. During photosynthesis, plants release oxygen as a byproduct, which is essential for the survival of animals, including humans, as we need oxygen to breathe. The process also involves chlorophyll, a green pigment found in plant cells, that helps absorb sunlight and transfer energy to the plant's food-making machinery. This vital process supports life on Earth and is a key part of the ecosystem.",middle,synthetic,photosynthesis in plants,ood_synthetic,54,photosynthesis in plants,4
"The water cycle is a vital process that sustains life on Earth, and it's happening all around us constantly. It's a never-ending journey of water molecules moving from the Earth to the air and back again. Water from the oceans, lakes, and rivers evaporates into the air as water vapor, a gas that we can't see. This process is called evaporation, and it occurs when the water is heated by the sun's energy. As the water vapor rises into the air, it cools down and condenses into tiny droplets, forming clouds. Eventually, these droplets become too heavy to stay suspended in the air, and they fall back to the Earth as precipitation, such as rain or snow, which then flows back into the oceans, lakes, and rivers to start the cycle over again.",middle,synthetic,the water cycle on Earth,ood_synthetic,55,the water cycle on Earth,0
"The water cycle is a vital process that sustains life on Earth, and it's happening all around us constantly. It's a never-ending journey of water movement between the oceans, atmosphere, and land. The cycle begins when the sun heats up the ocean water, turning it into water vapor, which rises into the atmosphere as gas. As the water vapor cools, it condenses into tiny droplets, forming clouds. When these clouds become too heavy with water, they release their burden as precipitation - rain, snow, or hail - back to the Earth's surface. Some of this water flows across the land as runoff, eventually returning to the ocean, where the cycle starts all over again.",middle,synthetic,the water cycle on Earth,ood_synthetic,56,the water cycle on Earth,1
"The water cycle is a vital process that sustains life on Earth, and it's happening all around us constantly. It's a never-ending journey of water movement between the oceans, atmosphere, and land. The cycle begins when the sun heats up the ocean water, turning it into water vapor, which rises into the atmosphere as gas. As the water vapor cools, it condenses into tiny droplets, forming clouds. When these clouds become too heavy with water, they release their burden as precipitation - rain, snow, or hail - back to the Earth's surface. Some of this water flows across the land as runoff, eventually returning to the ocean, where the cycle starts all over again.",middle,synthetic,the water cycle on Earth,ood_synthetic,57,the water cycle on Earth,2
"The water cycle is a vital process that sustains life on Earth, and it's happening all around us constantly. It's a never-ending journey of water movement between the oceans, atmosphere, and land. Water evaporates from the oceans, lakes, and rivers into the air as water vapor, forming clouds. As the clouds get heavy with water, they release it back to the Earth as precipitation, which can be in the form of rain, snow, sleet, or hail. Once the precipitation reaches the land, some of it seeps into the soil, recharging groundwater that plants and animals need to survive. The water cycle is essential for replenishing our water sources and keeping our planet healthy.",middle,synthetic,the water cycle on Earth,ood_synthetic,58,the water cycle on Earth,3
"The water cycle is a vital process that sustains life on Earth, and it's happening all around us constantly. It's a never-ending journey of water movement between the oceans, atmosphere, and land. Water evaporates from the oceans, lakes, and rivers into the air as water vapor, forming clouds. As the clouds get heavy with water, they release it back to the Earth as precipitation, which can be in the form of rain, snow, sleet, or hail. Once the precipitation reaches the land, some of it seeps into the soil, recharging groundwater that plants and animals need to survive. The water cycle is essential for replenishing our water sources and keeping our planet healthy.",middle,synthetic,the water cycle on Earth,ood_synthetic,59,the water cycle on Earth,4
"World War II was a global conflict that began in 1939 and lasted six long years, ending in 1945. It involved most of the world's countries, with two main opposing groups: the Allies, which included the United States, Britain, and the Soviet Union, and the Axis, which consisted of Germany, Italy, and Japan. The war started when Germany, led by Adolf Hitler, invaded Poland, prompting the Allies to declare war. As the war spread, it became a fight for freedom, with the Allies resisting Nazi and Fascist ideologies that sought to dominate and oppress people worldwide. The Allies ultimately prevailed, but not before millions of people lost their lives in the war.",middle,synthetic,an overview of World War II,ood_synthetic,60,an overview of World War II,0
"World War II was a global conflict that lasted from 1939 to 1945 and involved more than 30 countries from every continent. It was a complex and multifaceted war that was fought on land, sea, and air, with various nations and factions vying for power and control. The war was sparked by the aggressive expansion of Nazi Germany, led by Adolf Hitler, who sought to create a vast empire in Europe. As Germany invaded neighboring countries, a coalition of nations including the United States, the United Kingdom, and the Soviet Union formed the Allies, determined to stop Hitler's aggressive plans.",middle,synthetic,an overview of World War II,ood_synthetic,61,an overview of World War II,1
"World War II was a global conflict that lasted from 1939 to 1945 and involved more than 30 countries from every continent. It was a complex and multifaceted war that was fought on land, sea, and air, with various nations and factions vying for power and control. The war was sparked by the aggressive expansion of Nazi Germany, led by Adolf Hitler, who sought to create a vast empire in Europe. As Germany invaded neighboring countries, a coalition of nations including the United States, the United Kingdom, and the Soviet Union formed the Allies, determined to stop Hitler's aggressive plans and protect democracy and freedom.",middle,synthetic,an overview of World War II,ood_synthetic,62,an overview of World War II,2
"World War II was a global conflict that lasted from 1939 to 1945 and involved more than 30 countries from every continent. It was a complex and multifaceted war that was fought on land, sea, and air, with various nations and factions vying for power and control. The war was sparked by the aggressive expansion of Nazi Germany, led by Adolf Hitler, who sought to create a vast empire in Europe. As Germany invaded neighboring countries, a coalition of nations including the United States, the United Kingdom, and the Soviet Union formed the Allies, determined to stop Hitler's aggressive plans and protect democracy and freedom.",middle,synthetic,an overview of World War II,ood_synthetic,63,an overview of World War II,3
"World War II was a global conflict that lasted from 1939 to 1945 and involved more than 30 countries from every continent. It was a war between two main groups: the Allies, which included countries like the United States, Great Britain, and the Soviet Union, and the Axis, which consisted of countries like Germany, Italy, and Japan. The war was sparked by Germany's invasion of Poland, and it quickly spread to involve more and more countries. As the conflict escalated, the Axis powers began to commit atrocities such as the Holocaust, which resulted in the systematic murder of six million Jews and millions of other people.",middle,synthetic,an overview of World War II,ood_synthetic,64,an overview of World War II,4
"An ecosystem is a community of living and nonliving things that interact with each other in a specific environment. Within an ecosystem, organisms like plants, animals, and decomposers work together to create a delicate balance. At the base of every food web lies a producer, such as a tree or a grass, which uses sunlight to make its own food through photosynthesis. Consumers, including herbivores and carnivores, rely on these producers for energy and nutrients. Decomposers, like bacteria and fungi, break down dead plants and animals, releasing nutrients back into the environment for other organisms to use. This continuous exchange of energy and nutrients within an ecosystem supports the survival of all its members.",middle,synthetic,ecosystems and food webs,ood_synthetic,65,ecosystems and food webs,0
"An ecosystem is a community of living and nonliving things that interact with each other in a specific environment. Within an ecosystem, organisms like plants, animals, and decomposers work together to create a delicate balance. At the base of every food web lies a producer, such as a tree or a grass, which uses sunlight to make its own food through photosynthesis. Herbivores, like rabbits and deer, eat the producers and become the next link in the food chain. Carnivores, like lions and wolves, prey on herbivores to obtain energy, and decomposers like bacteria and fungi break down dead plants and animals, recycling nutrients back into the ecosystem. This intricate web of relationships supports the survival of all living things within an ecosystem.",middle,synthetic,ecosystems and food webs,ood_synthetic,66,ecosystems and food webs,1
"An ecosystem is a community of living and nonliving things that interact with each other in a specific environment. Within an ecosystem, organisms like plants, animals, and decomposers work together to create a delicate balance. At the base of every food web lies a producer, such as a tree or a grass, which uses sunlight to make its own food through photosynthesis. Consumers, including herbivores and carnivores, rely on these producers for energy and nutrients. Decomposers, like bacteria and fungi, break down dead plants and animals, releasing nutrients back into the environment for other organisms to use. This continuous exchange of energy and nutrients within an ecosystem supports the survival of all its members.",middle,synthetic,ecosystems and food webs,ood_synthetic,67,ecosystems and food webs,2
"An ecosystem is a community of living and nonliving things that interact with each other in a specific environment. Within an ecosystem, organisms like plants, animals, and decomposers work together to create a delicate balance. At the base of every food web lies a producer, such as a tree or a grass, which uses sunlight to make its own food through photosynthesis. Consumers, including herbivores and carnivores, rely on these producers for energy and nutrients. Decomposers, like bacteria and fungi, break down dead plants and animals, releasing nutrients back into the environment for other organisms to use. This continuous exchange of energy and nutrients within an ecosystem supports the survival of all its members.",middle,synthetic,ecosystems and food webs,ood_synthetic,68,ecosystems and food webs,3
"An ecosystem is a community of living and nonliving things that interact with each other in a specific environment. Within an ecosystem, organisms like plants, animals, and decomposers work together to create a delicate balance. At the base of every food web lies a producer, such as a tree or a grass, which uses sunlight to make its own food through photosynthesis. Herbivores, like rabbits and deer, eat the producers and become the next link in the food chain. Carnivores, like foxes and hawks, then prey on the herbivores to obtain their energy. These relationships help to keep the ecosystem healthy and stable, but disruptions can have a ripple effect throughout the entire web.",middle,synthetic,ecosystems and food webs,ood_synthetic,69,ecosystems and food webs,4
"Imagine you're playing a game of soccer with your friends. You kick the ball and it flies across the field. But have you ever wondered what makes it move the way it does? Sir Isaac Newton's laws of motion help us understand how objects behave when they're moving or standing still. His first law says that an object at rest will stay at rest, and an object in motion will keep moving, unless a force acts on it. His second law explains that the more force you apply to an object, the more it will move, and the more mass it has, the harder it is to make it move. The third law tells us that when one object pushes or pulls another, they both experience an equal force in the opposite direction.",middle,synthetic,Newton's three laws of motion,ood_synthetic,70,Newton's three laws of motion,0
"Imagine you're playing a game of soccer with your friends. You kick the ball and it flies across the field. But have you ever wondered what makes it move the way it does? Sir Isaac Newton's laws of motion help us understand how objects move and respond to forces. Newton's first law states that an object at rest stays at rest and an object in motion stays in motion unless a force acts on it. This means that if you're standing still, you won't start moving without a push or a pull. His second law explains that the more force you apply to an object, the more it will accelerate - or speed up. The third law says that every action has an equal and opposite reaction. For example, when you kick the ball, it pushes off your foot with an equal force, sending it flying in the other direction.",middle,synthetic,Newton's three laws of motion,ood_synthetic,71,Newton's three laws of motion,1
"Imagine you're playing a game of soccer with your friends. You kick the ball and it flies across the field. But have you ever wondered what makes it move the way it does? Sir Isaac Newton's laws of motion help us understand how objects move and respond to forces. Newton's first law states that an object at rest stays at rest and an object in motion stays in motion unless a force acts on it. This means that if you're standing still, you won't start moving without a push or a pull. His second law explains how forces affect the motion of an object - the more force applied, the more acceleration it will have. Newton's third law tells us that every action has an equal and opposite reaction, like when you kick the ball, it kicks back at you.",middle,synthetic,Newton's three laws of motion,ood_synthetic,72,Newton's three laws of motion,2
"Imagine you're playing a game of soccer with your friends. You kick the ball and it flies across the field. But have you ever wondered what makes it move the way it does? Sir Isaac Newton's laws of motion help us understand how objects behave when they're moving or standing still. His first law says that an object at rest will stay at rest, and an object in motion will keep moving, unless a force acts on it. His second law explains that the more force you apply to an object, the more it will move, and the more mass it has, the harder it is to make it move. The third law tells us that when one object pushes or pulls another, they both move in opposite directions, like when you kick the ball and it kicks your foot back.",middle,synthetic,Newton's three laws of motion,ood_synthetic,73,Newton's three laws of motion,3
"Imagine you're playing a game of soccer with your friends. You kick the ball and it flies across the field. But have you ever wondered what makes it move the way it does? Sir Isaac Newton's laws of motion help us understand how objects move and respond to forces. The first law, also known as the law of inertia, says that objects keep doing what they're doing unless a force stops or changes their motion. This means that if you're on a bike and you're pedaling, you'll keep moving until you apply the brakes. The second law shows us that the more force you apply, the more acceleration you get. The third law tells us that when you push or pull an object, it always pushes or pulls back with an equal force.",middle,synthetic,Newton's three laws of motion,ood_synthetic,74,Newton's three laws of motion,4
"Asia is the largest continent on Earth, covering about 30% of the planet's landmass. It is home to over 4.5 billion people, nearly 60% of the world's population, and spans from the Ural Mountains in the west to the Pacific Ocean in the east. Asia's unique geography is characterized by diverse landscapes, including snow-capped mountains, vast deserts, and deep river valleys. The Himalayan mountain range, which includes the highest peak, Mount Everest, runs along the northern border, while the Gobi Desert in China and Mongolia is one of the driest places on Earth. Asia's complex geography has shaped the cultures, traditions, and ways of life of its many countries and inhabitants.",middle,synthetic,the geography of Asia,ood_synthetic,75,the geography of Asia,0
"Asia is the largest continent on Earth, covering about 30% of the planet's landmass. It is home to over 4.5 billion people, nearly 60% of the world's population, and spans from the Ural Mountains in the west to the Pacific Ocean in the east. Asia's unique geography is characterized by diverse landscapes, including vast mountain ranges, deep rivers, and expansive deserts. The Himalayan mountain range, for example, is home to the world's highest peak, Mount Everest, while the Ganges River flows through India, supporting a rich ecosystem and providing water for millions of people. Asia's varied climate ranges from tropical in the south to arctic in the north.",middle,synthetic,the geography of Asia,ood_synthetic,76,the geography of Asia,1
"Asia is the largest continent on Earth, covering about 30% of the planet's landmass. It is home to over 4.5 billion people, nearly 60% of the world's population, and spans from the Ural Mountains in the west to the Pacific Ocean in the east. Asia's unique geography is characterized by diverse landscapes, including vast mountain ranges, deep rivers, and expansive deserts. The Himalayan mountain range, for example, is home to the world's highest peak, Mount Everest, while the Ganges River flows through the Indian subcontinent. The vast Siberian tundra in northern Asia is a cold, treeless region, while the tropical islands of Indonesia and the Philippines are found in Southeast Asia.",middle,synthetic,the geography of Asia,ood_synthetic,77,the geography of Asia,2
"Asia is the largest continent on Earth, covering about 30% of the planet's landmass. It is home to over 4.5 billion people, nearly 60% of the world's population, and spans from the Ural Mountains in the west to the Pacific Ocean in the east. Asia's unique geography is characterized by diverse landscapes, including vast mountain ranges, deep rivers, and expansive deserts. The Himalayan mountain range, for example, is home to the world's highest peak, Mount Everest, while the Ganges River flows through India, supporting a rich ecosystem and providing water for millions of people. Asia's varied climate ranges from tropical in the south to arctic in the north.",middle,synthetic,the geography of Asia,ood_synthetic,78,the geography of Asia,3
"Asia is the largest continent on Earth, covering about 30% of the planet's landmass. It is home to over 4.5 billion people, nearly 60% of the world's population, and spans from the Ural Mountains in the west to the Pacific Ocean in the east. Asia's unique geography is characterized by diverse landscapes, including vast mountain ranges, deep rivers, and expansive deserts. The Himalayan mountain range, for example, is home to the world's highest peak, Mount Everest, while the Ganges River flows through India, supporting a rich ecosystem and providing water for millions of people. Asia's varied climate ranges from tropical in the south to arctic in the north.",middle,synthetic,the geography of Asia,ood_synthetic,79,the geography of Asia,4
"As the Middle Ages came to an end, a significant shift occurred in European society and culture, known as the Renaissance. During this time, people began to rediscover and appreciate the knowledge and achievements of ancient civilizations, such as Greece and Rome. Many artists, writers, and thinkers believed that human beings were capable of great things and that they should focus on their own potential, rather than solely on spirituality and faith. This led to an explosion of innovation and creativity, with artists like Leonardo da Vinci and Michelangelo creating iconic works of art, and scientists like Galileo making groundbreaking discoveries that challenged the conventional understanding of the universe.",middle,synthetic,the Renaissance in Europe,ood_synthetic,80,the Renaissance in Europe,0
"As the Middle Ages came to an end, a significant shift occurred in European society and culture, known as the Renaissance. During this time, people began to rediscover and appreciate the knowledge and achievements of ancient civilizations, such as Greece and Rome. Many artists, writers, and thinkers believed that human beings were capable of great things and that they should focus on their own potential, rather than solely on spirituality and faith. This led to an explosion of innovation and creativity, with artists like Leonardo da Vinci and Michelangelo creating iconic works of art, and scientists like Galileo making groundbreaking discoveries that challenged the conventional understanding of the universe.",middle,synthetic,the Renaissance in Europe,ood_synthetic,81,the Renaissance in Europe,1
"As the Middle Ages came to an end, a significant shift occurred in European society and culture, known as the Renaissance. During this time, people began to rediscover and appreciate the knowledge and achievements of ancient civilizations, such as Greece and Rome. Many artists, writers, and thinkers believed that human beings were capable of great things and that they should focus on their own potential, rather than solely on spirituality and faith. This led to an explosion of innovation and creativity, with artists like Leonardo da Vinci and Michelangelo creating iconic works of art, and scientists like Galileo making groundbreaking discoveries that challenged the conventional understanding of the universe.",middle,synthetic,the Renaissance in Europe,ood_synthetic,82,the Renaissance in Europe,2
"As the Middle Ages came to an end, a significant shift occurred in European society and culture, known as the Renaissance. During this time, people began to rediscover and appreciate the knowledge and achievements of ancient civilizations, such as Greece and Rome. Many artists, writers, and thinkers believed that human beings were capable of great things and that they should focus on their own potential, rather than solely on spirituality and faith. This led to an explosion of innovation and creativity, with artists like Leonardo da Vinci and Michelangelo creating iconic works of art, and scientists like Galileo making groundbreaking discoveries that challenged the conventional understanding of the universe.",middle,synthetic,the Renaissance in Europe,ood_synthetic,83,the Renaissance in Europe,3
"As the Middle Ages came to an end, a significant shift occurred in European society and culture, known as the Renaissance. During this time, people began to rediscover and appreciate the knowledge and achievements of ancient civilizations, such as Greece and Rome. Many artists, writers, and thinkers believed that human beings were capable of great things and that they should focus on their own potential, rather than solely on spirituality and faith. This led to an explosion of innovation and creativity, with artists like Leonardo da Vinci and Michelangelo creating iconic works of art, and scientists like Galileo making groundbreaking discoveries that challenged the conventional understanding of the universe.",middle,synthetic,the Renaissance in Europe,ood_synthetic,84,the Renaissance in Europe,4
"Climate change is a big issue that affects our planet's temperature and weather patterns. It's caused by the way we live and the things we do, such as burning fossil fuels, cutting down trees, and releasing greenhouse gases into the air. These gases trap heat from the sun and make the Earth warmer, leading to extreme weather events like heatwaves, droughts, and heavy rainfall. Imagine Earth's atmosphere as a blanket that wraps around the planet, keeping it warm and cozy. Now imagine the blanket getting thicker and thicker, making the Earth's temperature rise. This is what's happening with climate change, and it's affecting the polar ice caps, sea levels, and ecosystems around the world.",middle,synthetic,climate change basics,ood_synthetic,85,climate change basics,0
"Climate change is a big issue that affects our planet's temperature and weather patterns. It's caused by the way we live and the things we do, such as burning fossil fuels like coal and gasoline, which release greenhouse gases into the air. These gases trap heat from the sun and make the Earth warmer, a phenomenon known as the greenhouse effect. This is similar to how a greenhouse works, keeping plants warm inside. But when too much heat is trapped, it can cause problems like melting ice caps, rising sea levels, and extreme weather events like hurricanes and droughts.",middle,synthetic,climate change basics,ood_synthetic,86,climate change basics,1
"Climate change is a big issue that affects our planet's temperature and weather patterns. It's caused by the way we live and the things we do, such as burning fossil fuels like coal, oil, and gas, which releases carbon dioxide into the air. This greenhouse gas traps heat from the sun and makes the Earth's temperature rise. Imagine your car's windshield on a sunny day - when you roll down the windows, the heat escapes, but when you roll them up, it gets hotter inside. Similarly, when carbon dioxide is in the air, it keeps the Earth's heat in, making it warmer.",middle,synthetic,climate change basics,ood_synthetic,87,climate change basics,2
"Climate change is a big issue that affects our planet's temperature and weather patterns. It's caused by the way we live and the things we do, such as burning fossil fuels, cutting down trees, and releasing greenhouse gases into the air. These gases trap heat from the sun and make the Earth warmer, leading to extreme weather events like heatwaves, droughts, and heavy rainfall. Imagine Earth's atmosphere as a blanket that wraps around the planet, keeping it warm and cozy. Now imagine the blanket getting thicker and thicker, making the Earth's temperature rise. This is what's happening with climate change, and it's affecting the polar ice caps, sea levels, and ecosystems around the world.",middle,synthetic,climate change basics,ood_synthetic,88,climate change basics,3
"Climate change is a big issue that affects our planet's temperature and weather patterns. It's caused by the way we live and the things we do, such as burning fossil fuels like coal, oil, and gas, which releases carbon dioxide into the air. This greenhouse gas traps heat from the sun and makes the Earth's temperature rise. Imagine your car's windshield on a sunny day - when you roll down the windows, the heat escapes, but when you roll them up, it gets hotter inside. Similarly, the extra carbon dioxide in the air makes the Earth's temperature rise.",middle,synthetic,climate change basics,ood_synthetic,89,climate change basics,4
"Algebra is a branch of mathematics that deals with solving equations and patterns using variables and constants. In everyday life, you may encounter situations where you need to find a missing number to solve a problem. For example, if you have a secret code with letters and numbers, algebra can help you decipher the code. Variables, like x and y, are letters that represent unknown values, while constants, like 3 and 5, have fixed values. By using variables and constants, you can create and solve equations, which are statements that say two things are equal, such as 2x + 5 = 11.",middle,synthetic,an introduction to algebra,ood_synthetic,90,an introduction to algebra,0
"Algebra is a branch of mathematics that deals with solving equations and patterns using variables and constants. In everyday life, you may encounter situations where you need to find a missing number to solve a problem. For example, if you have a secret code with letters and numbers, algebra can help you decipher the code. Variables, like x and y, are letters that represent unknown values, while constants, like 3 and 5, have fixed values. By using variables and constants, you can create and solve equations, which are statements that say two things are equal, such as 2x + 5 = 11.",middle,synthetic,an introduction to algebra,ood_synthetic,91,an introduction to algebra,1
"Algebra is a branch of mathematics that deals with solving equations and patterns using variables and constants. In everyday life, you may encounter situations where you need to find a missing number or solve a problem that doesn't have a straightforward answer. Algebra helps you do this by using letters and symbols to represent unknown values. For example, the letter x might represent the number you're trying to find, and a variable expression like 2x + 5 could represent an equation that needs to be solved. By using algebraic techniques, you can isolate the variable and find the value of x. This is useful for solving puzzles, games, and real-world problems that involve unknown quantities.",middle,synthetic,an introduction to algebra,ood_synthetic,92,an introduction to algebra,2
"Algebra is a branch of mathematics that deals with solving equations and patterns using variables and constants. In everyday life, you might encounter situations where you have to make a decision based on unknown values or relationships. Algebra helps you understand and represent these situations mathematically, allowing you to solve for unknowns and make informed choices. A variable is a symbol that represents a value that can change, like a letter or a number. Constants are fixed values, such as numbers or expressions, that do not change. By combining variables and constants in equations, you can represent real-world problems and use algebra to find the solutions.",middle,synthetic,an introduction to algebra,ood_synthetic,93,an introduction to algebra,3
"Algebra is a branch of mathematics that deals with solving equations and patterns using variables and constants. In everyday life, you might encounter situations where you have to make a decision based on unknown values or relationships. Algebra helps you understand and represent these situations mathematically, allowing you to solve for unknowns and make informed choices. A variable is a symbol that represents a value that can change, like a letter or a number. Constants are fixed values, such as numbers or expressions, that do not change. By combining variables and constants in equations, you can represent real-world problems and use algebra to find the solutions.",middle,synthetic,an introduction to algebra,ood_synthetic,94,an introduction to algebra,4
"Ancient Egyptian civilization was known for its impressive architectural achievements that have stood the test of time, but one of the most fascinating aspects of this culture lies in its scientific and mathematical knowledge. The Egyptians were skilled astronomers who carefully observed the night sky, tracking the movements of stars and planets. They accurately recorded the 365-day solar year and divided it into 12 months, which is remarkably close to the actual number of days in a year. Their mathematical skills were evident in the construction of massive pyramids, with their precise geometry and engineering feats. This blend of astronomy, mathematics, and engineering demonstrates the sophisticated level of knowledge and understanding of the ancient Egyptians.",middle,synthetic,ancient Egyptian civilization,ood_synthetic,95,ancient Egyptian civilization,0
"Ancient Egyptian civilization was known for its impressive architectural achievements that have stood the test of time, but one of the most fascinating aspects of this culture lies in its scientific and mathematical knowledge. The Egyptians were skilled astronomers who carefully observed the night sky, tracking the movements of stars and planets. They accurately recorded the 365-day solar year and divided it into 12 months, which is remarkably close to the actual number of days in a year. Their mathematical understanding was equally impressive, as evident in the precise construction of the pyramids, which required advanced geometric calculations and precise measurements to build such massive structures that have endured for centuries.",middle,synthetic,ancient Egyptian civilization,ood_synthetic,96,ancient Egyptian civilization,1
"Ancient Egyptian civilization was known for its impressive architectural achievements that have stood the test of time, but one of the most fascinating aspects of this culture lies in its scientific and mathematical knowledge. The Egyptians were skilled astronomers who carefully observed the night sky, tracking the movements of stars and planets. They accurately recorded the 365-day solar year and divided it into 12 months, which is remarkably close to the actual number of days in a year. Their mathematical skills were evident in the construction of massive pyramids, with their precise geometry and engineering feats. This blend of astronomy, mathematics, and engineering demonstrates the sophisticated level of knowledge and understanding of the ancient Egyptians.",middle,synthetic,ancient Egyptian civilization,ood_synthetic,97,ancient Egyptian civilization,2
"Ancient Egyptian civilization was known for its impressive architectural achievements that have stood the test of time, but one of the most fascinating aspects of this culture lies in its scientific and mathematical knowledge. The Egyptians were skilled astronomers who carefully observed the night sky, tracking the movements of stars and planets. They accurately recorded the 365-day solar year and divided it into 12 months, which is remarkably close to the actual number of days in a year. Their mathematical skills were evident in the construction of massive pyramids, temples, and tombs that required precise calculations to build. The Egyptians' understanding of geometry and engineering helped them create structures that have endured for millennia.",middle,synthetic,ancient Egyptian civilization,ood_synthetic,98,ancient Egyptian civilization,3
"Ancient Egyptian civilization was known for its impressive architectural achievements that have stood the test of time, but one of the most fascinating aspects of this culture lies in its scientific and mathematical knowledge. The Egyptians were skilled astronomers who carefully observed the night sky, tracking the movements of stars and planets. They accurately recorded the 365-day solar year and divided it into 12 months, which is remarkably close to the actual number of days in a year. Their mathematical skills were evident in the construction of massive pyramids, with their precise geometry and engineering feats. This blend of astronomy, mathematics, and engineering demonstrates the sophisticated level of knowledge and understanding of the ancient Egyptians.",middle,synthetic,ancient Egyptian civilization,ood_synthetic,99,ancient Egyptian civilization,4
"In the realm of quantum mechanics, a seemingly inscrutable dichotomy arises from the interplay between wave and particle characteristics of matter and energy. This phenomenon, known as wave-particle duality, posits that subatomic entities such as electrons and photons can exhibit both wave-like and particle-like behavior, rendering them fundamentally ambiguous entities. When observed, these entities manifest as localized particles, but when unobserved, they exist as probabilistic waves, wherein their positions and trajectories are described by the Schrödinger equation, a mathematical framework that underscores the inherent uncertainty principle. This ontological ambiguity has profound implications for our understanding of reality, necessitating a radical departure from classical notions of determinism and objectivity.",high,synthetic,quantum mechanics and wave-particle duality,ood_synthetic,100,quantum mechanics and wave-particle duality,0
"In the realm of quantum mechanics, a profound enigma arises from the notion of wave-particle duality, where particles such as electrons, photons, and even atoms, exhibit a dichotomous behavior, simultaneously manifesting as both wave-like and particle-like entities. This paradoxical phenomenon defies classical notions of determinism, instead illustrating the probabilistic nature of reality, where the act of observation itself becomes a determining factor in the behavior of subatomic particles. The wave function, a mathematical representation of the probability of finding a particle in a particular state, collapses upon measurement, instantaneously influencing the outcome, thereby rendering the system unpredictable and fundamentally probabilistic, challenging our understanding of the intricate dance between wave and particle.",high,synthetic,quantum mechanics and wave-particle duality,ood_synthetic,101,quantum mechanics and wave-particle duality,1
"In the realm of quantum mechanics, a profound enigma arises from the notion of wave-particle duality, where particles such as electrons, photons, and even atoms, exhibit a dichotomous behavior, simultaneously manifesting as both wave-like and particle-like entities. This paradoxical phenomenon defies classical notions of determinism, instead illustrating the probabilistic nature of reality, where the act of observation itself becomes a determining factor in the behavior of these particles. By exploiting this duality, scientists have been able to develop novel applications in fields like quantum computing, where the wave-like properties of particles enable the creation of complex quantum states, facilitating exponentially faster processing and storage of information.",high,synthetic,quantum mechanics and wave-particle duality,ood_synthetic,102,quantum mechanics and wave-particle duality,2
"In the realm of quantum mechanics, a profound enigma arises from the notion of wave-particle duality, where particles such as electrons, photons, and even atoms, exhibit a dichotomous behavior, simultaneously manifesting as both wave-like and particle-like entities. This paradoxical phenomenon defies classical notions of determinism, instead illustrating the probabilistic nature of reality, where the act of observation itself becomes a determining factor in the behavior of these particles. By exploiting this duality, scientists have been able to develop novel applications in fields like quantum computing, where wave-particle duality is harnessed to facilitate the processing of complex information in a manner that transcends traditional computational boundaries.",high,synthetic,quantum mechanics and wave-particle duality,ood_synthetic,103,quantum mechanics and wave-particle duality,3
"In the realm of quantum mechanics, a profound enigma arises from the notion of wave-particle duality, where particles such as electrons, photons, and even atoms, exhibit a dichotomous behavior, simultaneously manifesting as both wave-like and particle-like entities. This paradoxical phenomenon defies classical notions of determinism, instead illustrating the probabilistic nature of reality, where the act of observation itself becomes a determining factor in the behavior of these particles. By exploiting this duality, scientists have been able to develop novel applications in fields like quantum computing, where the wave-like properties of particles enable the creation of complex quantum states, facilitating exponentially faster processing and storage of information.",high,synthetic,quantum mechanics and wave-particle duality,ood_synthetic,104,quantum mechanics and wave-particle duality,4
"Mildly expansionary fiscal policies, often employed by governments to mitigate the effects of economic downturns, are predicated on the notion that aggregate demand is the primary driver of economic activity. By implementing measures such as increased government spending and tax cuts, policymakers can stimulate consumption and investment, thereby augmenting the overall level of economic output. However, the efficacy of these policies is contingent upon the state of the business cycle and the propensity of consumers to spend. Furthermore, the multiplier effect, whereby increased government spending trickles down to other sectors of the economy, is a crucial consideration in determining the optimal fiscal response to economic downturns.",high,synthetic,macroeconomic policy and fiscal theory,ood_synthetic,105,macroeconomic policy and fiscal theory,0
"Mildly expansionary fiscal policies, often employed during periods of economic stagnation, are predicated on the notion that aggregate demand shocks can be counteracted through judicious adjustments to government spending and taxation. Fiscal stimulus packages, comprising increased public investments in infrastructure, education, and social welfare programs, can serve as a counterweight to the contractionary effects of aggregate demand shocks, thereby facilitating a return to optimal economic growth. However, the efficacy of such policies is contingent upon the existence of wage and price flexibility, as well as the absence of deflationary pressures, lest the increased money supply precipitate an inflationary outcome, thereby undermining the very economic growth the policy aims to stimulate.",high,synthetic,macroeconomic policy and fiscal theory,ood_synthetic,106,macroeconomic policy and fiscal theory,1
"Mildly expansionary fiscal policies, often employed during periods of economic stagnation, are predicated on the notion that aggregate demand shocks can be counteracted through judicious adjustments to government spending and taxation. This theoretical framework is rooted in Keynesian economics, which posits that fluctuations in aggregate demand can significantly impact macroeconomic stability. By stimulating aggregate demand, governments can effectively mitigate the deleterious effects of economic downturns, thereby facilitating a more rapid recovery. However, critics argue that such policies may precipitate inefficient allocation of resources and exacerbate fiscal imbalances, thereby undermining long-term economic growth and stability.",high,synthetic,macroeconomic policy and fiscal theory,ood_synthetic,107,macroeconomic policy and fiscal theory,2
"Mildly expansionary fiscal policies, often employed by governments to mitigate the effects of economic downturns, are predicated on the notion that aggregate demand is insufficient to drive economic growth. By increasing government expenditures or reducing taxes, policymakers aim to stimulate private sector investment and consumption, thereby augmenting the overall level of economic activity. However, the effectiveness of such policies is contingent upon the level of fiscal space available to governments, as excessive spending or taxation can lead to crowding out, where private sector investment is displaced by government borrowing, thereby diminishing the policy's multiplier effect. This underscores the need for policymakers to balance the need for stimulus with the imperative of maintaining fiscal sustainability.",high,synthetic,macroeconomic policy and fiscal theory,ood_synthetic,108,macroeconomic policy and fiscal theory,3
"Mildly expansionary fiscal policies, often employed during periods of economic stagnation, are predicated on the notion that aggregate demand shocks can be counteracted through judicious adjustments to government spending and taxation. This theoretical framework is rooted in Keynesian economics, which posits that fluctuations in aggregate demand can significantly impact macroeconomic stability. By stimulating aggregate demand, governments can effectively mitigate the deleterious effects of economic downturns, thereby facilitating a more rapid recovery. However, critics argue that such policies may precipitate inefficient allocation of resources and exacerbate fiscal imbalances, thereby undermining long-term economic growth and stability.",high,synthetic,macroeconomic policy and fiscal theory,ood_synthetic,109,macroeconomic policy and fiscal theory,4
"Judicial review, a cornerstone of constitutional law, serves as a crucial mechanism for ensuring the separation of powers and the protection of individual liberties by allowing the judiciary to scrutinize and nullify laws that contravene constitutional principles. This process, enshrined in Article III of the US Constitution, enables the Supreme Court to engage in a quasi-legislative function, effectively overturning statutes that infringe upon fundamental rights or perpetuate injustices. Through this exercise of judicial review, the Court has evolved as a co-equal branch of government, fostering a delicate balance between the legislative and executive branches, thereby safeguarding the democratic system from potential abuses of power.",high,synthetic,constitutional law and judicial review,ood_synthetic,110,constitutional law and judicial review,0
"Judicial review, a cornerstone of constitutional law, serves as a crucial mechanism for ensuring the separation of powers and the protection of individual liberties by allowing the judiciary to scrutinize and nullify laws that contravene constitutional principles. This process, enshrined in Article III of the US Constitution, enables the Supreme Court to engage in a nuanced examination of legislation, weighing its constitutionality against the inherent rights and guarantees afforded to citizens. By exercising this authority, the judiciary not only polices the boundaries of legislative power but also reinforces the idea of a living Constitution, capable of evolving to accommodate the changing needs and values of society.",high,synthetic,constitutional law and judicial review,ood_synthetic,111,constitutional law and judicial review,1
"Judicial review, a cornerstone of constitutional law, serves as a crucial mechanism for ensuring the separation of powers and the protection of individual liberties by allowing the judiciary to scrutinize and nullify laws that contravene constitutional principles. This process, enshrined in Article III of the US Constitution, enables the Supreme Court to engage in a quasi-legislative function, effectively overturning statutes that infringe upon fundamental rights or perpetuate injustices. Through this exercise of judicial review, the Court has evolved as a co-equal branch of government, fostering a delicate balance between the legislative and executive branches, thereby safeguarding the democratic system from potential abuses of power.",high,synthetic,constitutional law and judicial review,ood_synthetic,112,constitutional law and judicial review,2
"Judicial review, a cornerstone of constitutional law, serves as a crucial mechanism for ensuring the separation of powers and the protection of individual liberties by allowing the judiciary to scrutinize and nullify laws that contravene constitutional principles. This process, enshrined in Article III of the US Constitution, enables the Supreme Court to engage in a quasi-legislative function, effectively overturning statutes that infringe upon fundamental rights or perpetuate injustices. Through this exercise of judicial review, the Court has evolved as a co-equal branch of government, fostering a delicate balance between the legislative and executive branches, thereby safeguarding the democratic system from potential abuses of power.",high,synthetic,constitutional law and judicial review,ood_synthetic,113,constitutional law and judicial review,3
"Judicial review, a cornerstone of constitutional law, serves as a crucial mechanism for ensuring the separation of powers and the protection of individual liberties by allowing the judiciary to scrutinize and nullify laws that contravene the principles enshrined in the Constitution. This doctrine, established by the Supreme Court in the landmark case of Marbury v Madison, empowers the judiciary to function as a check on the other branches of government, thereby safeguarding the rights of citizens from potential abuses of power. Through the process of judicial review, the judiciary effectively exercises a counter-majoritarian function, reconciling the tension between the will of the majority and the protection of minority rights, thus upholding the Constitution as the supreme law of the land.",high,synthetic,constitutional law and judicial review,ood_synthetic,114,constitutional law and judicial review,4
"Integral calculus, a fundamental branch of mathematical analysis, enables the determination of quantities that change in a continuous manner by decomposing them into an infinite number of infinitesimal components, thereby rendering the calculation of rates of change and accumulation of quantities over a specified interval feasible. This discipline's far-reaching applications permeate various fields, including physics, engineering, economics, and computer science, where it facilitates the modeling and analysis of complex phenomena, such as the motion of celestial bodies, the spread of diseases, and the behavior of chaotic systems. Furthermore, integral calculus has been instrumental in developing sophisticated algorithms for image and signal processing, thereby rendering it an indispensable tool in fields like medical imaging and data analysis.",high,synthetic,integral calculus and its applications,ood_synthetic,115,integral calculus and its applications,0
"Integral calculus, a fundamental branch of mathematical analysis, enables the determination of quantities that change in a continuous manner by decomposing them into an infinite number of infinitesimal components, thereby rendering the calculation of rates of change and accumulation of quantities over a specified interval feasible. This discipline, which serves as a culmination of geometric and algebraic methods, is instrumental in modeling real-world phenomena, particularly in fields such as physics, engineering, and economics. By employing the definite integral, scientists and engineers can calculate quantities such as the area under curves, the volume of complex shapes, and the work done by variable forces, thereby facilitating a more profound understanding of complex systems and informing informed decision-making processes.",high,synthetic,integral calculus and its applications,ood_synthetic,116,integral calculus and its applications,1
"Integral calculus, a fundamental branch of mathematical analysis, enables the determination of quantities that change in a continuous manner by decomposing them into an infinite number of infinitesimal components, thereby rendering the calculation of rates of change and accumulation of quantities over a specified interval feasible. This discipline's far-reaching applications permeate various fields, including physics, engineering, economics, and computer science, where it facilitates the modeling and analysis of complex phenomena, such as the motion of celestial bodies, the spread of diseases, and the behavior of chaotic systems. Furthermore, integral calculus has been instrumental in developing sophisticated algorithms for image and signal processing, thereby rendering it an indispensable tool in fields like medical imaging and data analysis.",high,synthetic,integral calculus and its applications,ood_synthetic,117,integral calculus and its applications,2
"Integral calculus, a fundamental branch of mathematical analysis, enables the determination of quantities that change in a continuous manner by decomposing them into an infinite number of infinitesimal components, thereby rendering the calculation of rates of change and accumulation of quantities over a specified interval feasible. This discipline's far-reaching applications permeate various fields, including physics, engineering, economics, and computer science, where it facilitates the modeling and analysis of complex phenomena, such as the motion of celestial bodies, the spread of diseases, and the behavior of chaotic systems. Furthermore, integral calculus has been instrumental in developing sophisticated algorithms for image and signal processing, thereby rendering it an indispensable tool in fields like medical imaging and data analysis.",high,synthetic,integral calculus and its applications,ood_synthetic,118,integral calculus and its applications,3
"Integral calculus, a fundamental branch of mathematical analysis, enables the determination of quantities that change in a continuous manner by decomposing them into an infinite number of infinitesimal components, thereby facilitating the calculation of rates of change and accumulation of quantities over a specified interval. This abstract concept has far-reaching implications in various fields, including physics, engineering, economics, and computer science, where it is employed to model and analyze complex phenomena. For instance, integral calculus is instrumental in deriving the trajectory of celestial bodies, designing optimized control systems, predicting population growth, and modeling the behavior of electrical circuits.",high,synthetic,integral calculus and its applications,ood_synthetic,119,integral calculus and its applications,4
"The advent of CRISPR gene editing technology has precipitated a paradigm shift in the realm of genetic engineering, enabling researchers to excavate the intricate mechanisms underlying hereditary diseases and potentially unleash novel therapeutic interventions. By harnessing the precision of CRISPR-Cas9, scientists can delineate specific gene mutations responsible for the etiology of complex disorders, such as sickle cell anemia and Huntington's disease. This targeted approach allows for the development of gene therapies that not only alleviate symptoms but also prevent the progression of disease, thereby revolutionizing the field of personalized medicine. Moreover, CRISPR's propensity for gene editing has far-reaching implications for agriculture, biotechnology, and synthetic biology, underscoring its potential to reshape the very fabric of life.",high,synthetic,genetics and CRISPR gene editing,ood_synthetic,120,genetics and CRISPR gene editing,0
"The advent of CRISPR gene editing technology has precipitated a paradigm shift in the realm of genetic engineering, enabling researchers to excavate the intricate mechanisms underlying hereditary diseases and potentially unleash novel therapeutic avenues. By harnessing the precision of CRISPR-Cas9, scientists can delineate specific gene mutations responsible for the etiology of complex disorders, such as sickle cell anemia and Huntington's disease. This targeted approach allows for the development of gene therapies that not only alleviate symptoms but also prevent the progression of disease, thereby revolutionizing the field of personalized medicine. Moreover, CRISPR's propensity for gene editing has sparked debates regarding the ethics of germline editing, raising questions about the long-term consequences of tampering with the human genome.",high,synthetic,genetics and CRISPR gene editing,ood_synthetic,121,genetics and CRISPR gene editing,1
"The advent of CRISPR gene editing technology has precipitated a paradigm shift in the realm of genetic engineering, enabling researchers to excavate the intricate mechanisms underlying hereditary diseases and potentially unleash novel therapeutic interventions. By harnessing the precision of CRISPR-Cas9, scientists can delineate specific gene mutations responsible for the etiology of complex disorders, such as sickle cell anemia and Huntington's disease. This targeted approach allows for the development of gene therapies that not only alleviate symptoms but also prevent the progression of disease, thereby revolutionizing the field of personalized medicine. Moreover, CRISPR gene editing has sparked debates regarding the ethics of germline editing, raising questions about the long-term consequences of manipulating the human genome.",high,synthetic,genetics and CRISPR gene editing,ood_synthetic,122,genetics and CRISPR gene editing,2
"The advent of CRISPR gene editing technology has precipitated a paradigm shift in the realm of genetic engineering, enabling researchers to excavate the intricate mechanisms underlying hereditary diseases and potentially unleash novel therapeutic avenues. By harnessing the precision of CRISPR-Cas9, scientists can delineate specific gene mutations responsible for the etiology of complex disorders, such as sickle cell anemia and Huntington's disease. This targeted approach allows for the development of gene therapies that not only alleviate symptoms but also prevent the progression of disease, thereby revolutionizing the field of personalized medicine. Moreover, CRISPR's propensity for gene editing has sparked debates regarding the ethics of germline editing, raising questions about the long-term consequences of tampering with the human genome.",high,synthetic,genetics and CRISPR gene editing,ood_synthetic,123,genetics and CRISPR gene editing,3
"The advent of CRISPR gene editing technology has precipitated a paradigm shift in the realm of genetic engineering, enabling researchers to excavate the intricate mechanisms underlying hereditary diseases and potentially unleash novel therapeutic interventions. By harnessing the precision of CRISPR-Cas9, scientists can delineate specific gene mutations responsible for the etiology of complex disorders, such as sickle cell anemia and Huntington's disease. This targeted approach allows for the development of gene therapies that can preemptively mitigate the onset of these debilitating conditions, thereby revolutionizing the treatment landscape. Furthermore, the burgeoning field of gene editing has raised profound questions regarding the ethics of tampering with the human germline, underscoring the need for rigorous debate and regulatory frameworks to navigate this uncharted territory.",high,synthetic,genetics and CRISPR gene editing,ood_synthetic,124,genetics and CRISPR gene editing,4
"Jean-Paul Sartre's existentialist philosophy posits that human beings are fundamentally defined by their freedom to choose, existing in a state of ontological ambiguity between essence and existence. This dichotomy underscores the notion that individuals are not predetermined by their inherent nature, but rather, they actively create their own being through the choices they make. Sartre's concept of ""bad faith"" emerges as a consequence of individuals denying or repressing this freedom, opting instead for a fixed identity or predetermined role. This ontological freedom renders individuals accountable for their choices, as they are solely responsible for shaping their existence. Consequently, human existence is characterized by an inherent anxiety, as individuals must continually confront the weight of their own responsibility.",high,synthetic,existential philosophy and Sartre,ood_synthetic,125,existential philosophy and Sartre,0
"Jean-Paul Sartre's existentialist philosophy posits that human beings are fundamentally defined by their freedom to choose, existing in a state of ontological ambiguity between essence and existence. This dichotomy underscores the notion that individuals are not bound by predetermined essential characteristics, but rather, they actively create their own being through the choices they make. Sartre's concept of ""bad faith"" emerges as a consequence of individuals denying or repressing this freedom, opting instead for a fixed identity or role. Consequently, authentic existence necessitates acknowledging and accepting responsibility for one's choices, thereby embracing the inherent uncertainty and ambiguity that defines human existence. This existential freedom, though liberating, also entails a daunting sense of responsibility.",high,synthetic,existential philosophy and Sartre,ood_synthetic,126,existential philosophy and Sartre,1
"Jean-Paul Sartre's existentialist philosophy posits that human beings are fundamentally defined by their freedom to choose, existing in a state of ontological ambiguity between essence and existence. This dichotomy underscores the notion that individuals are not bound by predetermined essential characteristics, but rather, they actively create their own being through the choices they make. Sartre's concept of ""bad faith"" emerges as a consequence of individuals denying or repressing this freedom, opting instead for a fixed identity or role. Consequently, authentic existence necessitates acknowledging and accepting responsibility for one's choices, thereby embracing the inherent uncertainty and ambiguity that defines human existence. This existential freedom, though liberating, also entails a daunting sense of responsibility.",high,synthetic,existential philosophy and Sartre,ood_synthetic,127,existential philosophy and Sartre,2
"Jean-Paul Sartre's existentialist philosophy posits that human beings are fundamentally defined by their freedom to choose, existing in a state of ontological ambiguity between essence and existence. This dichotomy underscores the notion that individuals are not bound by predetermined essential characteristics, but rather, they actively create their own being through the choices they make. Sartre's concept of ""bad faith"" emerges as a consequence of individuals denying or repressing this freedom, opting instead for a fixed identity or role. Consequently, authentic existence necessitates acknowledging and accepting responsibility for one's choices, thereby embracing the inherent uncertainty and ambiguity that defines human existence. This existential freedom, though liberating, also entails a daunting sense of responsibility.",high,synthetic,existential philosophy and Sartre,ood_synthetic,128,existential philosophy and Sartre,3
"Jean-Paul Sartre's existentialist philosophy posits that human beings are fundamentally defined by their freedom to choose, existing in a state of ontological ambiguity between essence and existence. This dichotomy underscores the notion that individuals are not bound by predetermined essential characteristics, but rather, they actively create their own being through the choices they make. Sartre's concept of ""bad faith"" emerges as a consequence of individuals denying or repressing this freedom, opting instead for a fixed identity or role. Consequently, authentic existence necessitates acknowledging and accepting responsibility for one's choices, thereby embracing the inherent uncertainty and ambiguity that defines human existence. This existential freedom, though liberating, also entails a daunting sense of responsibility.",high,synthetic,existential philosophy and Sartre,ood_synthetic,129,existential philosophy and Sartre,4
"In linear algebra, eigenvalues are scalar quantities that play a pivotal role in determining the behavior of linear transformations represented by matrices. These values, denoted by λ, are intrinsic to the matrix and can be thought of as scaling factors that indicate how much a particular eigenvector is stretched or compressed by the transformation. By examining the eigenvalues of a matrix, one can glean valuable insights into its spectral properties, such as stability, invertibility, and diagonalizability. Moreover, the relationship between a matrix's eigenvalues and eigenvectors provides a powerful tool for solving systems of linear equations and linear differential equations, rendering linear algebra an indispensable tool for mathematicians and scientists.",high,synthetic,linear algebra and eigenvalues,ood_synthetic,130,linear algebra and eigenvalues,0
"In linear algebra, eigenvalues are scalar quantities that play a pivotal role in determining the behavior of linear transformations represented by matrices. These values, denoted by λ, are intrinsic to the matrix and can be thought of as scaling factors that indicate how much a particular eigenvector is stretched or compressed by the transformation. By examining the eigenvalues of a matrix, one can glean valuable insights into its spectral properties, such as stability, invertibility, and diagonalizability. Moreover, the relationship between a matrix's eigenvalues and eigenvectors provides a powerful tool for solving systems of linear equations and linear differential equations, rendering linear algebra an indispensable tool for mathematicians and scientists.",high,synthetic,linear algebra and eigenvalues,ood_synthetic,131,linear algebra and eigenvalues,1
"In linear algebra, eigenvalues are scalar quantities that play a pivotal role in determining the behavior of linear transformations represented by matrices. These values, denoted by λ, are intrinsic to the matrix and can be thought of as scaling factors that indicate how much a particular eigenvector is stretched or compressed by the transformation. By examining the eigenvalues of a matrix, one can glean valuable insights into its spectral properties, such as stability, invertibility, and diagonalizability. Moreover, the relationship between a matrix's eigenvalues and eigenvectors provides a powerful tool for solving systems of linear equations and linear differential equations, rendering linear algebra an indispensable tool for mathematicians and scientists.",high,synthetic,linear algebra and eigenvalues,ood_synthetic,132,linear algebra and eigenvalues,2
"In linear algebra, eigenvalues are scalar quantities that play a pivotal role in determining the behavior of linear transformations represented by matrices. These values, denoted by λ, are intrinsic to the matrix and can be thought of as scaling factors that indicate how much a particular eigenvector is stretched or compressed by the transformation. By examining the eigenvalues of a matrix, one can glean valuable insights into its spectral properties, such as stability, invertibility, and diagonalizability. Moreover, the relationship between a matrix's eigenvalues and eigenvectors provides a powerful tool for solving systems of linear equations and linear differential equations, rendering linear algebra an indispensable tool for mathematicians and scientists.",high,synthetic,linear algebra and eigenvalues,ood_synthetic,133,linear algebra and eigenvalues,3
"In linear algebra, eigenvalues are scalar quantities that play a pivotal role in determining the behavior of linear transformations represented by matrices. These values, denoted by λ, are intrinsic to the matrix and can be thought of as scaling factors that indicate how much a particular eigenvector is stretched or compressed by the transformation. By examining the eigenvalues of a matrix, one can glean valuable insights into its spectral properties, such as stability, invertibility, and diagonalizability. Moreover, the relationship between a matrix's eigenvalues and eigenvectors provides a powerful tool for solving systems of linear equations and linear differential equations, rendering linear algebra an indispensable tool for mathematicians and scientists.",high,synthetic,linear algebra and eigenvalues,ood_synthetic,134,linear algebra and eigenvalues,4
"The post-Cold War era has been characterized by a fundamental shift in the paradigm of geopolitics, where the bipolar world order has given way to a complex multipolar landscape. The collapse of the Soviet Union led to the emergence of a plethora of new global actors, each with their own distinct interests and agendas. As a result, the traditional notion of state-centric geopolitics has been supplanted by a more nuanced understanding of the intricate interplay between non-state actors, such as non-governmental organizations and multinational corporations, and state actors. This has led to the rise of a networked global politics, where power is distributed across various nodes and hubs, rendering traditional notions of sovereignty and territoriality increasingly obsolete.",high,synthetic,geopolitics in the post-Cold War era,ood_synthetic,135,geopolitics in the post-Cold War era,0
"The post-Cold War era has been characterized by a fundamental shift in the paradigm of geopolitics, where the bipolar world order has given way to a complex multipolar landscape. The collapse of the Soviet Union led to the emergence of a plethora of new global actors, each with their own distinct interests and agendas. As a result, the traditional notion of bipolarity, where the United States and the Soviet Union held sway, has been replaced by a more nuanced dynamic, with multiple centers of power vying for influence. This has led to a heightened sense of interdependence, as states navigate the intricacies of a globalized world, where economic, cultural, and strategic interests are increasingly intertwined.",high,synthetic,geopolitics in the post-Cold War era,ood_synthetic,136,geopolitics in the post-Cold War era,1
"The post-Cold War era has been characterized by a fundamental shift in the paradigm of geopolitics, where the bipolar world order has given way to a complex multipolar landscape. The collapse of the Soviet Union led to the emergence of a plethora of new global actors, each with their own distinct interests and agendas. As a result, the traditional notion of bipolarity, where the United States and the Soviet Union held sway, has been replaced by a more nuanced dynamic, with multiple centers of power vying for influence. This has led to a heightened sense of interdependence, as states navigate the intricacies of a globalized world, where economic, cultural, and strategic interests are increasingly intertwined.",high,synthetic,geopolitics in the post-Cold War era,ood_synthetic,137,geopolitics in the post-Cold War era,2
"The post-Cold War era has been characterized by a fundamental shift in the paradigm of geopolitics, where the bipolar world order has given way to a complex multipolar landscape. The collapse of the Soviet Union led to the emergence of a plethora of new global actors, each with their own distinct interests and agendas. As a result, the traditional notion of bipolarity, where the United States and the Soviet Union held sway, has been replaced by a more nuanced dynamic, with multiple centers of power vying for influence. This has led to a heightened sense of interdependence, as states navigate the intricacies of a globalized world, where economic, cultural, and strategic interests often intersect and collide.",high,synthetic,geopolitics in the post-Cold War era,ood_synthetic,138,geopolitics in the post-Cold War era,3
"The post-Cold War era has been characterized by a fundamental shift in the paradigm of geopolitics, where the bipolar world order has given way to a complex multipolar landscape. The collapse of the Soviet Union led to the emergence of a plethora of new global actors, each with their own distinct interests and agendas. As a result, the traditional notion of state-centric geopolitics has been supplanted by a more nuanced understanding of the intricate interplay between non-state actors, such as non-governmental organizations and multinational corporations, and state actors. This has led to the rise of a networked global politics, where power is distributed across various nodes and hubs, rendering traditional notions of sovereignty and territoriality increasingly obsolete.",high,synthetic,geopolitics in the post-Cold War era,ood_synthetic,139,geopolitics in the post-Cold War era,4
"In the realm of dramatic literature, Shakespearean tragedy serves as a masterclass in the interplay between fate and human agency, where the inexorable march of destiny is paradoxically juxtaposed with the protagonist's tortured deliberations. This dialectical tension is orchestrated through a deliberate structure, wherein the tragic hero's downfall is precipitated by a series of incremental missteps, each catalyzed by a concatenation of hubris, ignorance, or unexamined passion. The tragic narrative is thus a probing of the human condition, laying bare the contradictions and paradoxes that animate our existence, and inviting the audience to ponder the existential implications of our choices and the consequences of our actions.",high,synthetic,Shakespearean tragedy and dramatic structure,ood_synthetic,140,Shakespearean tragedy and dramatic structure,0
"In the realm of dramatic literature, Shakespearean tragedy serves as a masterclass in the deliberate subversion of audience expectation, expertly manipulating the fragile equilibrium between catharsis and emotional desolation. The classic tragic arc, often structured around a flawed protagonist's inexorable descent into calamity, defies simplistic resolutions, instead embracing an ontological complexity that problematizes the very notion of free will and moral agency. Through the intricate interplay of dramatic irony, foreshadowing, and tragic hubris, Shakespeare masterfully crafts a narrative tapestry that not only probes the human condition but also subverts the notion of a deterministic universe, allowing for a fleeting glimpse into the abyss of existential uncertainty.",high,synthetic,Shakespearean tragedy and dramatic structure,ood_synthetic,141,Shakespearean tragedy and dramatic structure,1
"In the realm of dramatic literature, Shakespearean tragedy serves as a masterclass in the interplay between fate and human agency, where the inexorable march of destiny is paradoxically juxtaposed with the protagonist's tortured deliberations. This dialectical tension is orchestrated through a deliberate structure, wherein the tragic hero's downfall is precipitated by a series of incremental missteps, each catalyzed by a concatenation of hubris, ignorance, or unexamined passion. The tragic narrative is thus a probing of the human condition, laying bare the contradictions and paradoxes that animate our existence, and inviting the audience to ponder the existential implications of our choices and the consequences of our actions.",high,synthetic,Shakespearean tragedy and dramatic structure,ood_synthetic,142,Shakespearean tragedy and dramatic structure,2
"In the realm of dramatic literature, Shakespearean tragedy serves as a masterclass in the interplay between fate and human agency, where the inexorable march of destiny is paradoxically juxtaposed with the protagonist's tortured deliberations. This dialectical tension is orchestrated through a deliberate structure, wherein the tragic hero's downfall is precipitated by a series of incremental missteps, each catalyzed by a concatenation of hubris, ignorance, or unexamined passion. The tragic narrative is thus a probing of the human condition, laying bare the contradictions and paradoxes that animate our existence, and inviting the audience to ponder the existential implications of our choices and the consequences of our actions.",high,synthetic,Shakespearean tragedy and dramatic structure,ood_synthetic,143,Shakespearean tragedy and dramatic structure,3
"In the realm of dramatic literature, Shakespearean tragedy serves as a masterclass in the interplay between fate and human agency, where the inexorable march of destiny is paradoxically juxtaposed with the protagonist's tortured deliberations. This dialectical tension is orchestrated through a deliberate structure, wherein the tragic hero's downfall is precipitated by a series of incremental missteps, each catalyzed by a concatenation of hubris, ignorance, or unexamined passion. The tragic narrative is thus a probing of the human condition, laying bare the contradictions and paradoxes that animate our existence, and inviting the audience to ponder the existential implications of our choices and the consequences of our actions.",high,synthetic,Shakespearean tragedy and dramatic structure,ood_synthetic,144,Shakespearean tragedy and dramatic structure,4
"In organic chemistry, the intricacies of reaction mechanisms reveal the underlying dynamics of molecular transformations, a complex interplay of electrons, atoms, and bonds. The concerted approach, a theoretical framework that facilitates the analysis of these dynamics, posits that multiple bond-forming and bond-breaking events occur simultaneously, yielding a single stepwise pathway. Conversely, the stepwise approach assumes a sequence of discrete, atom-specific bond-formations and bond-breakings, each a self-contained event that builds upon the previous one. By integrating these seemingly disparate perspectives, chemists can gain a deeper understanding of the underlying electronic and steric factors that govern reaction outcomes, ultimately allowing for the rational design of novel synthetic pathways and the development of more efficient catalytic processes.",high,synthetic,organic chemistry and reaction mechanisms,ood_synthetic,145,organic chemistry and reaction mechanisms,0
"In organic chemistry, the intricacies of reaction mechanisms reveal the underlying dynamics of molecular transformations, a complex interplay of electrons, atoms, and bonds. The concerted approach, a theoretical framework that facilitates the analysis of these dynamics, posits that multiple bond-forming and bond-breaking events occur simultaneously, yielding a single stepwise pathway. Conversely, the stepwise approach assumes a sequence of discrete, atom-specific bond-formations and bond-breakings, each a self-contained event that builds upon the previous one. By integrating these seemingly disparate perspectives, chemists can gain a deeper understanding of the underlying electronic and steric factors that govern reaction outcomes, ultimately allowing for the rational design of novel synthetic pathways and the development of more efficient catalytic processes.",high,synthetic,organic chemistry and reaction mechanisms,ood_synthetic,146,organic chemistry and reaction mechanisms,1
"In organic chemistry, the intricacies of reaction mechanisms reveal the underlying dynamics of molecular transformations, a complex interplay of electrons, atoms, and bonds. The concerted approach, a theoretical framework that facilitates the analysis of these processes, posits that multiple bond-forming and bond-breaking events occur simultaneously, yielding a single stepwise pathway. Conversely, the stepwise approach assumes a sequence of discrete reactions, each step influenced by the preceding one. This dichotomy highlights the tension between the idealized models and the reality of chemical reactions, underscoring the importance of considering the nuances of molecular orbital theory and the propensity for orbital overlap and resonance.",high,synthetic,organic chemistry and reaction mechanisms,ood_synthetic,147,organic chemistry and reaction mechanisms,2
"In organic chemistry, the intricacies of reaction mechanisms reveal the underlying dynamics of molecular transformations, a complex interplay of electrons, atoms, and bonds. The concerted approach, a theoretical framework that facilitates the analysis of these processes, posits that multiple bond-forming and bond-breaking events occur simultaneously, yielding a single stepwise pathway. Conversely, the stepwise approach assumes a sequence of discrete, atom-specific bond-formations and bond-breakings, each a self-contained event that builds upon the previous one. By integrating these seemingly disparate perspectives, chemists can gain a deeper understanding of the underlying electronic rearrangements that govern these reactions, ultimately shedding light on the fundamental principles that govern chemical reactivity.",high,synthetic,organic chemistry and reaction mechanisms,ood_synthetic,148,organic chemistry and reaction mechanisms,3
"In organic chemistry, the intricacies of reaction mechanisms reveal the underlying dynamics of molecular transformations, a complex interplay of electrons, atoms, and bonds. The concerted approach, a theoretical framework that facilitates the analysis of these dynamics, posits that multiple bond-forming and bond-breaking events occur simultaneously, yielding a single stepwise pathway. Conversely, the stepwise approach assumes a sequence of discrete, atom-specific bond-formations and bond-breakings, each a self-contained event that precedes the next. Moreover, the asynchronous nature of these mechanisms, characterized by multiple parallel reactions, can lead to the emergence of novel intermediates, whose role in facilitating the reaction outcome cannot be overstated. These considerations underscore the multifaceted, intricate nature of reaction mechanisms, deserving of meticulous study and scrutiny.",high,synthetic,organic chemistry and reaction mechanisms,ood_synthetic,149,organic chemistry and reaction mechanisms,4
