text_idx,stat_automated_readability_index,stat_avg_sent_len,stat_avg_word_len,stat_char_count,stat_coleman_liau_index,stat_dale_chall_readability_score,stat_difficult_words,stat_flesch_kincaid_grade,stat_flesch_reading_ease,stat_gunning_fog,stat_has_because,stat_has_example,stat_has_multiple_choice,stat_has_therefore,stat_linsear_write_formula,stat_long_word_ratio,stat_max_sent_len,stat_mcalpine_eflaw,stat_n_comma,stat_n_exclaim,stat_n_newlines,stat_n_paragraphs,stat_n_paren,stat_n_question,stat_n_quote,stat_n_semicolon,stat_sentence_count,stat_smog_index,stat_spache_readability,stat_text_standard,stat_ttr,stat_unique_words,stat_word_count,stat_word_entropy
0,12.321488667430991,27.5,4.652525252525253,2903,10.195537525354972,10.272606393861894,96.0,11.03203986242173,54.146038451362585,14.172290325425525,0.0,0.0,0.0,0.0,11.0,0.2404040404040404,55,29.17391304347826,27,0,0,1,0,0,0,0,18,13.445107506277086,6.041831731193227,10.0,0.49292929292929294,244,495,7.3424269148136645
1,9.087531859070467,12.620689655172415,4.969945355191257,2257,10.829427792915531,10.115531701587898,75.0,8.058323780888852,59.82869209809266,11.056619374236588,0.0,0.0,0.0,0.0,8.428571428571429,0.273224043715847,24,17.413793103448278,20,0,0,1,0,0,0,0,29,11.277492542979427,5.177602743587334,10.0,0.4972677595628415,182,366,6.924926176966604
2,11.513397565922922,17.379310344827587,4.966269841269841,3124,11.323529411764707,9.926913116970926,86.0,9.870973630831642,55.615588235294155,11.661933739012847,1.0,1.0,0.0,0.0,12.6,0.24801587301587302,37,23.275862068965516,31,0,0,1,4,0,0,1,29,11.812370657439214,5.7300277214334,11.0,0.44841269841269843,226,504,7.189169611641269
3,8.633861138861143,17.884615384615383,4.27741935483871,2546,7.948471615720528,9.02657678871347,67.0,7.794847161572054,70.55232784682566,9.66624118239839,1.0,0.0,0.0,0.0,8.166666666666666,0.14838709677419354,37,25.0,22,0,0,1,2,0,0,1,26,9.661875296680812,5.031502855223378,7.0,0.4967741935483871,231,465,7.239695876777538
4,7.738026779422132,14.5625,4.5042918454935625,2683,8.427118644067797,8.895591319979456,75.0,7.188181818181818,69.00217000513612,9.450025680534155,0.0,0.0,0.0,0.0,7.7142857142857135,0.17167381974248927,26,19.666666666666668,19,0,0,1,4,0,0,0,32,10.161004565491615,4.604879815100153,7.0,0.49356223175965663,230,466,7.086267898797812
5,12.893788007956807,23.1,4.85064935064935,2839,11.780219780219785,10.656091017677975,77.0,11.031151457238419,51.209718107979,13.627329192546586,1.0,0.0,0.0,0.0,11.5,0.24458874458874458,56,27.043478260869566,24,0,0,1,8,0,0,0,20,13.166244860791924,6.198897276636407,10.0,0.44805194805194803,207,462,6.987323253054937
6,8.909454094292801,17.47826086956522,4.557213930348259,2310,9.007462686567166,9.618844119402986,75.0,8.469259701492536,62.98245671641793,10.71060696517413,0.0,0.0,0.0,0.0,12.8,0.21641791044776118,41,22.32,19,0,0,1,0,0,0,0,23,11.446984129993638,5.13861830845771,8.0,0.48009950248756217,193,402,6.848465245727343
7,6.026039672471455,15.181818181818182,4.255988023952096,3650,6.872590361445784,8.146013484708064,74.0,5.70385542168675,76.91218257645971,7.6378127896200185,1.0,0.0,0.0,0.0,7.0,0.15119760479041916,43,18.01923076923077,26,0,0,1,0,6,0,0,44,8.841846274778883,3.9346422613531042,6.0,0.42065868263473055,281,668,7.399080586818844
8,8.158568480503966,16.0,4.536931818181818,2025,9.172434017595311,9.17125807537743,47.0,6.637608341479311,69.96900510481156,8.805517541001413,1.0,0.0,0.0,0.0,6.625,0.2528409090909091,40,18.0,24,0,0,1,2,0,0,0,22,9.994966539143718,4.486053437601824,8.0,0.5142045454545454,181,352,6.854932115732381
9,5.48969262295082,12.05,4.275933609958506,2648,6.776494845360826,8.567941237113402,55.0,5.707409793814431,75.73925902061859,7.489175257731958,1.0,0.0,0.0,0.0,8.0,0.13692946058091288,33,17.05,22,0,0,1,0,2,0,0,40,9.120678840339163,4.32182087628866,6.0,0.45850622406639,221,482,7.1465642993025424
10,9.190945529290858,22.05263157894737,4.202863961813843,2248,7.508872901678657,8.748776396026038,52.0,7.604645426515933,75.90877697841728,9.381706063720452,1.0,0.0,0.0,0.0,8.333333333333334,0.16467780429594273,53,28.19047619047619,14,0,0,1,0,0,0,0,19,8.269060116576782,5.247490236382323,7.0,0.431980906921241,181,419,6.778440365712299
11,8.728095631191266,18.703703703703702,4.457425742574258,2876,8.550787401574809,9.8266031496063,77.0,7.989944119888243,66.96587630175262,10.098145796291593,0.0,0.0,0.0,0.0,10.5,0.1702970297029703,42,22.774193548387096,25,0,0,1,0,0,0,0,27,10.237710317436264,5.333438912877826,9.0,0.4772277227722772,241,505,7.14909512341107
12,7.062835051546394,15.666666666666666,4.411347517730497,3209,7.5391003460207635,9.734932802768167,71.0,6.9697214532872,70.83018771626297,9.378615916955017,1.0,0.0,0.0,0.0,12.4,0.15070921985815602,37,20.4,21,0,0,1,0,0,0,1,36,10.067206243781511,4.647038235294117,6.0,0.43439716312056736,245,564,7.263559099943069
13,10.452702883970488,19.88,4.633802816901408,2893,9.745858585858592,9.681570707070708,73.0,9.200404040404042,61.75393939393942,11.616161616161618,0.0,0.0,0.0,0.0,12.2,0.20321931589537223,32,24.703703703703702,35,0,0,1,0,0,0,1,25,11.356394951697197,5.5088484848484836,9.0,0.43661971830985913,217,497,6.9419471207961445
14,10.602231947483588,18.958333333333332,4.712087912087912,2683,10.02422907488987,9.441178731277533,79.0,9.452311894273127,59.63916387665199,12.286026431718064,1.0,1.0,0.0,0.0,11.8,0.22197802197802197,38,24.76,30,0,0,1,0,0,0,0,24,12.052694948225742,5.350661321585903,9.0,0.4835164835164835,220,455,7.180220547055377
15,8.118683073229292,15.35483870967742,4.42436974789916,2818,8.370431211498971,10.247932685106896,79.0,7.684061480855174,65.48347596328063,9.507645850948183,1.0,0.0,0.0,0.0,8.142857142857142,0.1869747899159664,32,20.0,29,0,0,1,14,0,0,0,31,10.39495659498063,4.730486230221041,7.0,0.4369747899159664,208,476,6.971196720407837
16,8.992924528301884,16.384615384615383,4.557120500782473,3678,9.292234548335976,9.073361553090333,102.0,7.841489302694139,66.94001525356579,10.176877971473852,0.0,0.0,0.0,0.0,6.25,0.18622848200312989,34,21.475,41,0,0,1,0,0,0,0,39,10.577609850970193,4.794178328050712,8.0,0.48826291079812206,312,639,7.5983081034322995
17,11.144817401598111,18.103448275862068,4.923809523809524,3298,10.873529411764704,10.834510294117647,106.0,10.62409155597723,50.148754743833024,14.592884250474384,0.0,0.0,0.0,0.0,8.714285714285714,0.2704761904761905,45,24.677419354838708,43,0,0,1,2,0,0,0,29,13.987681621865246,5.921778462998102,10.0,0.4438095238095238,233,525,7.044421535951588
18,9.495545927209704,16.428571428571427,4.619130434782608,3360,9.424738675958189,8.631264041811846,78.0,8.218195121951222,65.35241463414637,9.835261324041813,1.0,1.0,0.0,0.0,7.857142857142858,0.21217391304347827,33,22.714285714285715,39,0,0,1,0,0,0,0,35,10.85414291250217,4.844431358885018,8.0,0.40695652173913044,234,575,6.967282321563985
19,8.199486618537154,16.641025641025642,4.446841294298921,3692,8.472642967542509,9.647639559873408,91.0,7.7075016559947045,67.24120685213809,9.438566276587915,1.0,1.0,0.0,0.0,6.75,0.19722650231124808,41,21.38095238095238,28,2,0,1,0,3,0,1,39,10.125756701596842,5.031473283285493,7.0,0.4206471494607088,273,649,7.479927146415979
20,10.188773291925465,18.823529411764707,4.584375,3722,9.543171114599684,9.397681538461539,100.0,8.735629513343799,64.84865620094195,10.922072213500785,1.0,0.0,0.0,0.0,10.166666666666666,0.2109375,48,25.228571428571428,30,0,0,1,0,0,0,0,34,11.033125177085406,5.308810675039247,9.0,0.4484375,287,640,7.454891012568707
21,6.573373541469564,18.235294117647058,4.0209677419354835,3272,6.398013245033113,8.40186477451908,75.0,6.018902554399244,77.52409492273732,7.805361084831285,1.0,0.0,0.0,0.0,8.833333333333334,0.12903225806451613,49,21.071428571428573,36,1,0,1,0,1,0,0,34,8.841846274778883,4.290555345316934,6.0,0.4612903225806452,286,620,7.3510196553676215
22,10.144855491329476,17.5,4.677551020408163,2978,9.024710424710424,9.096011196911197,68.0,9.848938223938227,57.40112934362935,11.878764478764479,1.0,1.0,0.0,0.0,9.0,0.18775510204081633,41,26.321428571428573,31,0,0,1,2,1,0,1,28,11.698219412168324,5.240550193050193,8.0,0.35306122448979593,173,490,6.6659350314280825
23,8.259344193817878,15.941176470588236,4.3837638376383765,3053,8.431698113207545,8.895175052410902,81.0,6.983364779874215,71.21722746331238,9.058700209643606,1.0,0.0,0.0,0.0,8.666666666666666,0.15313653136531366,37,20.38888888888889,46,0,0,1,2,0,0,0,34,9.861636050157227,4.651059748427673,8.0,0.492619926199262,267,542,7.329140956452863
24,8.874382003250364,16.96,4.596698113207547,2491,9.277283372365343,9.708900763292567,81.0,8.485037730939371,62.39701448521123,11.103443490328736,0.0,0.0,0.0,0.0,12.2,0.19811320754716982,32,22.296296296296298,21,0,0,1,2,0,0,0,25,11.132987735899903,5.223924017694509,8.0,0.49764150943396224,211,424,7.020895837550343
25,8.907098136645963,17.65625,4.530973451327434,3280,8.823426573426577,10.133714105894105,87.0,8.009238761238763,66.74874825174827,10.593086913086914,0.0,0.0,0.0,0.0,10.333333333333334,0.16991150442477876,34,21.914285714285715,31,0,0,1,0,0,0,0,32,10.973918162328555,4.9776085914085915,8.0,0.45486725663716815,257,565,7.323918314179191
26,12.378183753501396,20.0,4.885714285714286,2568,11.314691943127965,10.769621913789212,98.0,11.317285037237646,49.715110584518186,14.673166328142631,0.0,1.0,0.0,0.0,11.666666666666666,0.24047619047619048,49,26.666666666666668,19,0,0,1,0,0,0,3,21,13.925175675911131,6.3828551117129315,10.0,0.5523809523809524,232,420,7.31734328113339
27,10.413836680463998,18.9375,4.574257425742574,3470,9.7531197301855,9.32071433900557,97.0,9.426613521385868,59.48445909346415,11.707271705248097,1.0,0.0,0.0,0.0,17.75,0.22277227722772278,37,24.575757575757574,29,0,0,1,0,1,0,0,32,11.968066979954575,5.316066227196075,9.0,0.4521452145214521,274,606,7.450961711675162
28,7.966043233082704,19.74074074074074,4.288930581613508,2923,7.65019011406844,8.444328517110266,56.0,8.386024239543726,64.21595651140684,10.60541825095057,1.0,0.0,0.0,0.0,10.5,0.2101313320825516,45,23.59375,32,0,0,1,0,1,0,0,27,11.395327392982846,4.824368108365018,7.0,0.4427767354596623,236,533,7.1568203949310565
29,10.708503562945374,21.0,4.780952380952381,2549,10.6125,10.155353615384616,87.0,10.727003846153846,47.79299615384619,13.386769230769232,1.0,0.0,0.0,0.0,13.0,0.24285714285714285,41,23.24,24,0,0,1,10,1,0,0,20,13.28429990940602,5.6866823076923065,10.0,0.47619047619047616,200,420,7.054971497103102
30,8.701798848028353,17.0,4.571691176470588,3197,9.031751824817515,10.105076070230815,100.0,7.8216176760702325,65.36516571315843,8.552061550601698,0.0,0.0,0.0,0.0,7.833333333333334,0.22794117647058823,39,20.513513513513512,42,0,0,1,0,0,0,0,32,9.358847034038229,5.218565200236732,8.0,0.4834558823529412,263,544,7.278500409283266
31,11.074928215203265,20.4,4.637254901960785,2965,9.869685039370083,9.299091944276196,92.0,9.93905511811024,58.604642640823755,12.618534221683829,1.0,1.0,0.0,0.0,8.0,0.21764705882352942,62,27.076923076923077,25,0,0,1,0,1,0,0,25,12.091993763477543,5.760852210781344,9.0,0.4627450980392157,236,510,7.257187932867219
32,10.277259836937255,25.3125,4.340740740740741,2296,8.768159203980101,10.16354790334044,77.0,9.370241648898368,61.97813432835822,12.234257285003554,0.0,0.0,0.0,0.0,7.2857142857142865,0.20493827160493827,88,27.714285714285715,30,0,0,1,0,1,0,0,16,11.675519718221192,5.720232409381662,8.0,0.5407407407407407,219,405,7.139707421638754
33,7.8224688008681476,17.029411764705884,4.386873920552677,3251,7.919793459552498,9.286768393876258,93.0,7.514374943382556,68.420487136516,9.833517528761664,1.0,0.0,0.0,0.0,8.5,0.18307426597582038,34,22.0,27,0,0,1,4,0,0,1,34,10.367091270482366,4.9486884228643895,7.0,0.4369602763385147,253,579,7.117754343517085
34,7.796780900487526,14.571428571428571,4.566993464052287,3605,8.667408585055643,8.688432128920365,88.0,7.863446668593728,64.14737118803299,9.597355109119816,1.0,1.0,0.0,0.0,8.142857142857142,0.21895424836601307,28,20.045454545454547,17,0,0,1,8,5,0,1,42,10.487442992203412,4.591066086139616,7.0,0.4068627450980392,249,612,7.071164028953372
35,9.905291576673868,20.130434782608695,4.468682505399568,2634,8.773593073593076,8.996181593073594,71.0,9.393823376623377,60.628449350649376,12.067324675324677,0.0,1.0,0.0,0.0,13.6,0.183585313174946,49,25.76,34,0,0,1,2,0,0,3,23,12.55080252130686,5.231692987012988,8.0,0.4946004319654428,229,463,7.169840372541893
36,7.447324283810794,19.8125,4.184542586750789,3390,6.849999999999998,7.959211125916056,72.0,7.66277148567622,69.74698534310463,9.690606262491674,0.0,0.0,0.0,0.0,7.0,0.16246056782334384,45,24.07894736842105,28,0,0,1,0,0,0,0,32,10.937864256303701,4.558419720186542,6.0,0.39274447949526814,249,634,7.126945107274181
37,11.09309824704443,21.285714285714285,4.554809843400448,2567,9.429662921348317,9.642896322778345,61.0,10.250546475995915,57.59825076608786,13.663942798774258,1.0,0.0,0.0,0.0,10.833333333333334,0.21476510067114093,44,28.09090909090909,24,0,0,1,0,0,0,0,21,13.319297830178854,5.469022982635341,9.0,0.47651006711409394,213,447,7.072843892837863
38,9.223096573208721,19.071428571428573,4.415730337078652,3003,8.472149532710283,9.184248286604362,77.0,8.193785046728973,68.08033489096576,10.12398753894081,1.0,0.0,0.0,0.0,11.8,0.17790262172284643,38,25.033333333333335,31,0,0,1,0,0,0,1,28,10.504223727775692,5.0092009345794395,8.0,0.4438202247191011,237,534,7.210061574749673
39,11.56593366093366,22.555555555555557,4.610837438423645,2378,9.907125307125309,9.340184324324325,79.0,10.118981572481577,58.760093980343996,11.67808353808354,0.0,0.0,0.0,0.0,11.2,0.17980295566502463,61,27.55,19,0,0,1,2,0,0,0,18,11.407655852321103,5.652330343980344,10.0,0.4876847290640394,198,406,7.011033075411782
40,6.970910815939277,14.0,4.352380952380952,2374,7.727790973871734,9.48591947743468,71.0,7.644693893188261,64.44256915178917,9.802804382805917,0.0,0.0,0.0,0.0,6.375,0.19047619047619047,24,19.06451612903226,31,0,0,1,0,2,0,0,30,10.807276698888536,4.960046739713432,6.0,0.5190476190476191,218,420,7.128324173925944
41,7.849438636363633,19.714285714285715,4.144927536231884,2970,7.099817184643509,8.265867367458867,62.0,7.255721549360146,73.48850005712983,9.10441042047532,0.0,0.0,0.0,0.0,7.142857142857142,0.15217391304347827,66,23.96875,24,0,0,1,0,0,0,0,28,9.43580112360654,4.711375971206581,6.0,0.4329710144927536,239,552,7.16120646432914
42,8.609038322487347,16.923076923076923,4.675,2653,8.943668122270743,10.18569173216885,82.0,8.295877729257644,62.77688791848618,9.163435225618633,1.0,0.0,0.0,0.0,6.0,0.27045454545454545,29,21.6,32,0,0,1,0,0,0,0,26,10.125756701596842,5.3012069868995635,8.0,0.4863636363636364,214,440,7.044642208045324
43,11.772977031802121,18.966666666666665,4.926186291739895,3496,11.541134751773054,9.55006170212766,118.0,10.427367021276599,51.69562500000001,12.865602836879432,1.0,0.0,0.0,0.0,16.0,0.2583479789103691,64,23.84375,44,0,0,1,6,0,0,1,30,12.548637359260272,5.596110815602836,11.0,0.507908611599297,289,569,7.519612458827015
44,8.19576397515528,14.44186046511628,4.608695652173913,3683,9.184000000000001,9.413741043478261,98.0,7.720433043478263,63.91079913043481,9.914782608695653,1.0,0.0,0.0,0.0,6.5,0.2222222222222222,38,18.369565217391305,36,0,0,1,0,3,0,0,43,10.756437189917307,4.777480869565217,8.0,0.47020933977455714,292,621,7.537874817427661
45,6.531965210954851,14.423076923076923,4.357333333333333,2119,7.462467191601053,8.331440532433446,43.0,5.635945819272589,78.8914665354331,7.6475815523059625,0.0,0.0,0.0,0.0,6.75,0.18133333333333335,34,19.392857142857142,17,0,0,1,4,0,0,0,26,8.841846274778883,4.13451002999625,6.0,0.456,171,375,6.727787082134633
46,11.247891156462586,17.25,4.9623188405797105,2127,11.793586005830903,10.38514645286686,61.0,10.148513119533533,51.39427599611275,12.247619047619049,0.0,0.0,0.0,0.0,7.25,0.2811594202898551,39,21.428571428571427,10,0,0,1,0,0,0,1,20,12.118629464883021,5.599142857142857,11.0,0.48985507246376814,169,345,6.7973014159865714
47,7.3635631229235905,18.363636363636363,4.201320132013201,3321,7.176705490848587,8.270126023294509,62.0,6.291047836938436,76.7200659317804,8.139783693843595,1.0,0.0,0.0,0.0,7.571428571428571,0.1419141914191419,46,21.025,47,0,0,1,0,1,0,0,33,8.982922981607832,4.259688061564059,7.0,0.4174917491749175,253,606,7.188755766516979
48,8.033822605965462,17.27027027027027,4.327073552425665,3549,7.956782334384858,8.058842965299686,72.0,6.746705047318613,74.92264432176658,8.422018927444794,1.0,1.0,0.0,0.0,7.2857142857142865,0.14397496087636932,52,21.925,32,0,0,1,2,0,0,0,37,9.642632912329528,4.226846845425867,7.0,0.4428794992175274,283,639,7.354906868569164
49,6.566972226438004,15.473684210526315,4.304421768707483,3303,7.159459459459459,7.851260995085996,57.0,5.7427457002457025,77.85397420147422,7.6115479115479125,1.0,0.0,0.0,0.0,7.2857142857142865,0.15476190476190477,42,18.65909090909091,30,0,0,1,0,2,0,0,38,8.438071523408619,3.927307125307125,6.0,0.3741496598639456,220,588,7.057225439349186
50,9.608932874354558,17.78787878787879,4.567291311754685,3392,9.645407279029467,9.817865605347858,119.0,9.285875711809851,57.850353552859644,11.724268383263183,1.0,0.0,0.0,0.0,11.5,0.21124361158432708,29,23.34285714285714,29,0,0,1,2,0,0,0,33,11.926411293798804,5.369378261946025,9.0,0.4855195911413969,285,587,7.355407084173804
51,8.249547872340425,14.24,4.522471910112359,2144,8.362765957446808,9.925781872340426,63.0,6.814429787234044,72.9944,9.52663829787234,1.0,0.0,0.0,0.0,5.666666666666667,0.17696629213483145,26,20.92,25,0,0,1,0,0,0,0,25,9.888512548439397,4.652193191489362,9.0,0.5393258426966292,192,356,7.053920129825478
52,8.580723036754367,15.038461538461538,4.521739130434782,2225,9.241884816753927,9.366782964156263,70.0,7.592879581151834,66.79403544099881,9.122996375352397,0.0,0.0,0.0,0.0,11.4,0.1815856777493606,28,20.076923076923077,9,0,0,1,2,1,0,0,26,10.302915286807346,4.756688683044704,8.0,0.5345268542199488,209,391,7.157818166149491
53,10.732107438016527,21.130434782608695,4.450617283950617,2709,8.932505175983437,9.45106066252588,81.0,9.408281573498964,65.01316770186338,11.961076604554865,0.0,0.0,0.0,0.0,14.5,0.16255144032921812,39,29.08695652173913,19,0,0,1,0,0,0,0,23,11.295486806799005,5.438095238095238,8.0,0.5185185185185185,252,486,7.212833032595021
54,8.495160499877478,19.31578947368421,4.370572207084469,2063,8.005390835579515,9.53765334476844,56.0,7.589513599607944,70.68552499387405,10.195589316344034,1.0,0.0,0.0,0.0,8.833333333333334,0.17983651226158037,38,23.272727272727273,14,0,0,1,0,0,0,2,19,10.537671172512404,4.932136608674345,7.0,0.4550408719346049,167,367,6.794393678379746
55,9.69314483469553,19.23076923076923,4.458,2831,8.590059642147121,9.332060444738973,77.0,8.988478020764308,63.80107503129372,11.825609307120242,1.0,1.0,0.0,0.0,10.833333333333334,0.196,41,25.962962962962962,33,0,0,1,0,0,0,0,26,11.99289558779546,5.29520123702231,8.0,0.46,230,500,7.064411560699335
56,12.875691056910568,21.304347826086957,4.9714285714285715,3006,11.729531568228111,9.86096856754922,75.0,11.422558553971488,49.60706254243041,13.234249830278344,1.0,0.0,0.0,0.0,11.0,0.2653061224489796,39,27.875,23,0,0,1,0,1,0,0,23,13.493707505834458,6.17576349287169,10.0,0.42244897959183675,207,490,7.09169315550495
57,9.473369763858528,16.275,4.7265745007680495,3876,10.291446345256606,9.289546055915224,120.0,8.721798256718145,59.16545191507831,11.020275597670803,1.0,0.0,0.0,0.0,10.333333333333334,0.21351766513056836,33,20.674418604651162,30,0,0,1,2,3,0,0,40,11.439681333037012,5.033911533871025,9.0,0.4500768049155146,293,651,7.426528193626695
58,7.828142857142858,18.666666666666668,4.289285714285715,3095,7.612972972972976,8.832834105534106,77.0,7.284375804375806,71.08054054054055,9.369884169884171,0.0,1.0,0.0,0.0,6.875,0.15892857142857142,41,21.914285714285715,36,1,0,1,2,1,0,2,30,10.608840637214634,4.717379665379665,6.0,0.44107142857142856,247,560,7.288127665905789
59,9.827549019607844,18.11764705882353,4.579545454545454,3633,9.880921052631578,10.11761644736842,103.0,8.641118421052635,61.60782894736843,11.465789473684211,1.0,0.0,0.0,0.0,7.125,0.21266233766233766,39,22.0,29,0,0,1,2,2,0,1,34,11.822596298655498,5.329868421052632,9.0,0.44642857142857145,275,616,7.39444450755831
60,6.662716568544994,14.972222222222221,4.22634508348794,2933,7.442003853564547,8.462860524460735,68.0,6.5807406363081,70.42820386296351,8.608694017576013,1.0,0.0,0.0,0.0,10.5,0.15584415584415584,47,17.878048780487806,33,0,0,1,2,0,0,0,36,9.685265186389032,4.3140270689412095,6.0,0.4452690166975881,240,539,7.240290321565577
61,8.481354939798777,16.127659574468087,4.394459102902375,4344,8.27594278283485,10.197325210967545,137.0,7.823573582713113,68.11343801012646,9.561585922585286,0.0,0.0,0.0,0.0,6.375,0.16886543535620052,35,23.0,55,0,0,1,14,1,0,0,47,9.847296233982592,5.293204161248374,7.0,0.4736147757255937,359,758,7.495977338961814
62,5.704289360031407,16.34285714285714,4.050699300699301,3078,6.357499999999998,8.455012301587303,64.0,5.024761904761906,81.20246031746035,6.906349206349207,1.0,0.0,0.0,0.0,6.125,0.13111888111888112,35,17.77777777777778,27,0,0,1,0,0,0,1,35,8.021203637495837,3.8529523809523805,5.0,0.4423076923076923,253,572,7.33154882325155
63,8.075898744113033,17.22222222222222,4.440322580645161,3553,7.946771653543312,8.899805511811024,93.0,7.901722440944884,66.68628444881891,10.255511811023624,0.0,1.0,0.0,0.0,11.8,0.18548387096774194,35,22.475,36,0,0,1,8,0,0,0,36,10.84659523809377,4.783831692913386,7.0,0.45161290322580644,280,620,7.366749339296747
64,10.937391774891772,20.652173913043477,4.393684210526316,2702,9.805251641137858,10.24739992706054,78.0,9.239313457330415,62.736592359591555,12.168088986141505,1.0,0.0,0.0,0.0,10.666666666666666,0.21052631578947367,53,26.333333333333332,38,0,0,1,0,1,0,1,23,11.855464076750408,5.575078501094092,9.0,0.4863157894736842,231,475,7.21330467100154
65,12.076142614601018,19.310344827586206,5.025,3523,12.004964539007094,11.538013475177305,116.0,10.900164722031576,49.3185483870968,14.653305879661406,1.0,1.0,0.0,0.0,8.428571428571429,0.24821428571428572,52,24.387096774193548,25,0,0,1,6,0,0,0,29,13.987681621865246,6.133722946694119,11.0,0.44821428571428573,251,560,7.300950977486863
66,7.992541049906983,17.135135135135137,4.351735015772871,3508,7.8883942766295725,8.62871652602829,80.0,7.790302066772657,67.93609596021362,10.521234356528474,1.0,0.0,0.0,0.0,6.75,0.17665615141955837,48,22.923076923076923,34,0,0,1,2,5,0,0,37,11.156187459154975,4.685413966002201,7.0,0.4526813880126183,287,634,7.453140777257572
67,9.521451612903224,22.11764705882353,4.398936170212766,2085,8.621621621621625,9.333775675675676,67.0,8.591486486486488,66.41641891891894,11.616216216216216,1.0,0.0,0.0,0.0,8.5,0.1702127659574468,62,25.8,18,0,0,1,2,0,0,0,17,11.20814326018867,5.399932432432433,8.0,0.4787234042553192,180,376,6.780595344699242
68,10.536947421638018,19.772727272727273,4.574712643678161,2496,9.747319347319348,9.530528944968076,69.0,9.370594912334042,61.101644876862295,12.02963413398196,0.0,0.0,0.0,0.0,13.2,0.2045977011494253,39,25.608695652173914,17,0,0,1,0,0,0,0,22,11.882522634951826,5.5137117664943744,9.0,0.4942528735632184,215,435,7.185040705636351
69,11.959719999999997,19.05,4.84251968503937,2286,11.188266666666667,9.745619999999999,73.0,11.640900000000002,44.998950000000036,15.393333333333334,1.0,0.0,0.0,0.0,12.166666666666666,0.26246719160104987,49,26.15,22,0,0,1,0,0,0,0,20,14.696529576185021,6.02835,11.0,0.4881889763779528,186,381,6.9318086922725115
70,12.171287686497863,20.48148148148148,4.93128390596745,3396,11.437050359712227,11.034088414785414,113.0,11.60342842967006,46.019964028777,14.071843215083106,1.0,0.0,0.0,0.0,10.857142857142858,0.27848101265822783,55,26.448275862068964,26,0,0,1,0,0,0,3,27,13.895352205467052,6.233677251302407,10.0,0.46835443037974683,259,553,7.287211262803696
71,8.77543127629734,24.46153846153846,4.037735849056604,3366,6.561755485893418,8.07269184952978,67.0,8.175950045505108,73.10144453433111,10.05043988269795,1.0,0.0,0.0,0.0,13.75,0.11949685534591195,59,29.70967741935484,22,0,0,1,0,0,0,0,26,9.778596075983211,4.9270778642936595,7.0,0.38522012578616355,245,636,7.220368542813435
72,10.813000070806488,18.884615384615383,4.869653767820774,2957,11.102892561983474,10.010381276717014,88.0,10.081775434596754,52.50739669421489,12.378341407808492,0.0,1.0,0.0,0.0,7.625,0.26272912423625255,65,22.896551724137932,13,0,0,1,6,1,0,1,26,12.617455113433554,5.662076090054146,9.0,0.4460285132382892,219,491,6.997588938084093
73,8.837257617728532,15.869565217391305,4.6136986301369864,2128,9.484999999999996,10.008823333333334,65.0,8.086555555555556,62.73400000000001,10.315555555555557,1.0,0.0,0.0,0.0,6.375,0.2219178082191781,29,19.68,16,0,0,1,6,0,0,0,23,10.70791436637684,5.019399999999999,8.0,0.5315068493150685,194,365,6.937433080118981
74,8.921331106870227,16.15625,4.620889748549323,2994,9.18886756238004,8.050595105566218,64.0,7.81419805662188,68.03736234404994,9.58351727447217,1.0,0.0,0.0,0.0,6.25,0.19148936170212766,41,22.1875,18,0,0,1,0,2,0,0,32,10.270032843473604,4.55423398512476,8.0,0.4158607350096712,215,517,7.056158365243659
75,10.821822991822991,17.5625,4.889679715302491,3418,10.865486725663718,9.907411236256369,80.0,10.155237329042638,52.749359077500685,13.57414856529901,0.0,0.0,0.0,0.0,11.833333333333334,0.2775800711743772,36,23.363636363636363,22,0,0,1,4,1,0,1,32,13.172668634160413,5.734152855993564,9.0,0.3718861209964413,209,562,6.967080037534233
76,9.72825914423741,19.71875,4.600633914421553,3686,9.27550702028081,9.273898925290345,91.0,9.22904966198648,60.60853895822501,11.802409429710522,1.0,1.0,0.0,0.0,12.0,0.21711568938193343,38,24.444444444444443,28,0,0,1,0,0,0,0,32,11.698219412168324,5.268148075923037,8.0,0.42630744849445323,269,631,7.283606869696418
77,9.341845238095239,21.652173913043477,4.263052208835341,2730,7.7425702811245,8.968367341365463,60.0,8.125386345381525,72.28728433734943,10.77924497991968,0.0,0.0,0.0,0.0,12.2,0.1606425702811245,60,27.88,23,0,0,1,0,0,0,0,23,10.355215969177355,4.942900722891567,7.0,0.5100401606425703,254,498,7.313938489232321
78,9.633030303030303,21.09090909090909,4.320402298850575,3810,8.024312590448627,8.340449042795122,93.0,8.879034112052928,66.56850361794504,11.370370064089313,0.0,0.0,0.0,0.0,16.0,0.17097701149425287,74,28.285714285714285,39,3,0,1,0,0,0,0,33,11.091891972668883,5.153567748604507,7.0,0.4238505747126437,295,696,7.318336174863109
79,10.376721408317579,17.633333333333333,4.844990548204159,3172,10.609073724007565,9.709833742911153,81.0,9.906714910207942,53.48035591918713,12.661649338374293,1.0,0.0,0.0,0.0,12.0,0.22306238185255198,38,22.09375,19,0,0,1,0,0,0,2,30,12.815532586354998,5.494669955103969,9.0,0.42344045368620037,224,529,7.17488102775348
80,14.581479469802673,28.4,4.790140845070423,4234,11.68695652173913,10.697840829585207,144.0,12.022063968015992,51.248478260869575,13.981009495252374,1.0,0.0,0.0,0.0,15.75,0.24507042253521127,94,32.3448275862069,45,0,0,1,0,0,0,1,25,12.966835967463105,6.499624687656171,11.0,0.46338028169014084,329,710,7.56557534877512
81,7.688420737388526,18.128205128205128,4.09052333804809,3779,7.166032210834555,8.614011460135764,98.0,7.550540063889262,68.57664997337949,9.723000133102623,1.0,0.0,0.0,0.0,7.7142857142857135,0.16407355021216408,53,22.545454545454547,51,0,0,1,0,2,0,0,39,10.487442992203412,4.65200908425396,7.0,0.413012729844413,292,707,7.3838838922603385
82,9.733057070510327,19.8,4.575757575757576,3464,9.24485049833887,9.07859880789525,83.0,8.62326753957397,64.7741606410006,9.806605432870825,1.0,0.0,0.0,0.0,11.0,0.2053872053872054,54,24.558823529411764,30,0,0,1,0,0,0,0,30,10.718039707386858,5.221243697478991,8.0,0.4074074074074074,242,594,7.1143121602579305
83,9.057315592903826,18.153846153846153,4.396186440677966,2669,8.381434599156123,9.70396441631505,71.0,9.255400843881858,59.97433895921239,11.579184247538679,0.0,0.0,0.0,0.0,8.0,0.15254237288135594,36,24.444444444444443,28,0,0,1,2,0,0,0,26,11.99289558779546,5.418974683544304,8.0,0.4639830508474576,219,472,6.988729778269804
84,4.994671916010496,13.375,3.998442367601246,3309,5.601582278481011,7.187731223628692,66.0,5.5832911392405045,78.48444092827006,6.785654008438819,1.0,0.0,0.0,0.0,8.5,0.14018691588785046,31,19.229166666666668,31,0,0,1,0,1,0,1,48,8.278499904357787,3.7841075949367085,5.0,0.4174454828660436,268,642,7.165230644648224
85,9.161988105352592,15.78048780487805,4.636785162287481,3818,9.602808112324492,9.975493674656077,120.0,8.040108849808536,63.366548184654675,9.945837469862433,0.0,0.0,0.0,0.0,8.428571428571429,0.21947449768160743,54,20.522727272727273,45,0,0,1,6,1,0,6,41,11.022393298168332,4.9592602822294705,8.0,0.4482225656877898,290,647,7.461532056759851
86,10.989485165794065,22.75,4.565934065934066,2152,8.939632545931762,9.452377165354331,54.0,10.039803149606303,60.78232939632548,12.351181102362204,1.0,0.0,0.0,0.0,12.2,0.20054945054945056,43,29.444444444444443,17,0,0,1,0,0,0,0,16,11.429527900616531,5.651846456692914,10.0,0.47802197802197804,174,364,6.793535486407986
87,7.909205673758866,17.22222222222222,4.380645161290323,2625,7.973706896551722,9.644293218390805,69.0,7.226482758620691,70.80012643678164,9.634942528735634,1.0,0.0,0.0,0.0,6.375,0.15698924731182795,45,21.966666666666665,32,0,0,1,2,0,0,0,27,10.203070172399654,4.669368965517241,6.0,0.46236559139784944,215,465,7.0740964949290515
88,7.33898159898477,17.205882352941178,3.9521367521367523,3049,5.816013628620102,8.957866183986372,44.0,6.982461137137992,77.67401538543442,9.654365417376491,1.0,0.0,0.0,0.0,12.2,0.11794871794871795,36,26.84375,20,0,0,1,2,1,0,1,34,9.673873057562805,4.4656731793015325,6.0,0.37606837606837606,220,585,7.07565686134654
89,7.805367892976587,18.47826086956522,4.185882352941176,2288,7.559610705596107,8.877106550626989,60.0,7.5715936739659355,68.93325800112297,9.924050159086656,1.0,0.0,0.0,0.0,12.0,0.16470588235294117,42,22.923076923076923,19,0,0,1,2,0,0,1,23,10.389873798559362,4.972020868425977,7.0,0.47058823529411764,200,425,7.023290985359386
90,7.854155269509249,16.75609756097561,4.263464337700146,3785,7.917872968980802,9.041037343896871,105.0,7.4919225862763525,68.75402997851485,9.52234456828253,1.0,0.0,0.0,0.0,12.0,0.15429403202328967,32,21.363636363636363,32,0,0,1,2,0,0,0,41,10.587561104373645,4.697989828118706,7.0,0.45997088791848617,316,687,7.490298429885157
91,9.189167854089483,19.04,4.525210084033613,2779,9.031250000000004,9.622111350574713,72.0,8.46683908045977,63.84,11.620689655172415,0.0,0.0,0.0,0.0,7.7142857142857135,0.19747899159663865,38,22.93103448275862,27,0,0,1,2,0,0,0,25,11.812370657439214,5.036126436781609,8.0,0.4852941176470588,231,476,7.12794208493462
92,8.227666399358462,16.435897435897434,4.494539781591263,3651,8.643328100470956,9.328885907779927,96.0,7.322449709758683,68.94954364572307,9.065298820780548,0.0,0.0,0.0,0.0,10.333333333333334,0.22620904836193448,37,20.511627906976745,39,0,0,1,0,1,0,0,39,9.706407341189486,4.858379686758424,8.0,0.44773790951638065,287,641,7.40256510461459
93,8.819792909792913,16.677419354838708,4.5802707930367506,2989,9.272124756335284,9.363090607832714,87.0,8.897288676236045,58.96162679425839,10.038844586213008,0.0,0.0,0.0,0.0,9.0,0.2011605415860735,29,21.545454545454547,28,1,0,1,0,0,0,1,31,11.084791844665222,4.90849193691299,8.0,0.4932301740812379,255,517,7.228829571903777
94,9.453243502529219,20.40625,4.3797856049004595,3620,8.736062992125984,8.514837707786526,80.0,7.957828083989501,69.42570100612424,9.638232720909887,1.0,0.0,0.0,0.0,11.6,0.2006125574272588,42,24.5,31,0,0,1,0,0,0,2,32,9.928628108626363,4.856477034120735,8.0,0.4241960183767228,277,653,7.306339402475818
95,9.10388520109332,18.571428571428573,4.705128205128205,2315,9.574045801526715,9.770090761401448,74.0,9.0108524173028,57.38143423370525,11.644118222744178,1.0,0.0,0.0,0.0,11.833333333333334,0.2230769230769231,59,21.115384615384617,16,0,0,1,2,1,0,0,21,12.021695472120005,5.005383734586024,9.0,0.5538461538461539,216,390,7.145919289745925
96,7.958904761904762,16.256410256410255,4.350157728706624,3510,8.063694267515924,8.739869681528663,82.0,7.030452229299364,72.62115605095543,8.509299363057325,0.0,0.0,0.0,0.0,6.25,0.15772870662460567,34,22.1,24,0,0,1,0,1,0,0,39,9.451951473030185,4.559069426751591,7.0,0.47318611987381703,300,634,7.45210656413039
97,8.8810941475827,20.88,4.371647509578544,2931,8.201923076923077,8.808117948717948,77.0,8.552307692307696,64.61935897435899,10.548717948717949,1.0,0.0,0.0,0.0,6.5,0.19540229885057472,69,25.2,33,0,0,1,0,0,0,2,25,11.140535015026959,4.936846153846153,8.0,0.47509578544061304,248,522,7.201192937399312
98,8.333536610448377,17.52,4.373287671232877,4966,7.876049943246311,9.216393418635848,119.0,7.854820761531322,67.27756702094727,10.130314725002581,1.0,0.0,0.0,0.0,15.25,0.17123287671232876,57,22.527272727272727,47,0,0,1,2,0,0,1,50,10.870585023148747,4.82537294396863,7.0,0.3949771689497717,346,876,7.555488993204964
99,8.272238522769346,17.147058823529413,4.41852487135506,3294,8.341724137931035,10.267203168685928,85.0,7.348685927306619,70.29625815470645,9.787511649580615,0.0,0.0,0.0,0.0,6.857142857142857,0.1646655231560892,46,21.16216216216216,36,0,0,1,2,1,0,1,34,10.342999365395531,4.917546132339236,9.0,0.4202401372212693,245,583,7.159833086237027
100,8.826267605633802,17.75,4.462441314553991,2400,8.686935866983376,8.259863762470308,61.0,8.327243705463186,65.35427648456059,10.061415676959621,0.0,1.0,0.0,0.0,9.0,0.1784037558685446,31,23.28,23,1,0,1,4,0,0,0,24,10.70791436637684,4.847644275534442,8.0,0.5023474178403756,214,426,7.149709190595085
101,8.356034660614817,16.59375,4.472693032015066,3055,9.019230769230774,9.799350311850311,74.0,7.228004158004158,68.27321205821205,9.160083160083161,1.0,0.0,0.0,0.0,7.428571428571429,0.1694915254237288,46,18.91891891891892,27,0,0,1,0,1,0,3,32,10.46424986305757,4.30908316008316,8.0,0.4726930320150659,251,531,7.386697506241008
102,13.103639291465377,22.115384615384617,4.904347826086957,3499,11.749562171628725,10.409668813647272,109.0,11.752698968670948,48.46875397288707,14.203567490432642,1.0,1.0,0.0,0.0,17.25,0.23652173913043478,34,28.962962962962962,28,0,0,1,0,0,0,0,26,13.5591,6.245757540377506,13.0,0.48,276,575,7.440063890016751
103,10.353044308632544,17.352941176470587,4.7016949152542376,1793,9.570129870129868,10.02062230710466,53.0,9.405752482811309,59.89753628724219,12.441864018334607,0.0,0.0,0.0,0.0,12.0,0.2033898305084746,29,25.294117647058822,17,0,0,1,2,0,0,0,17,12.214722805548657,5.431899923605805,9.0,0.4711864406779661,139,295,6.530842783794318
104,6.41187183516675,15.934782608695652,4.068212824010914,3886,6.194864864864865,8.232548178613396,73.0,5.992021151586371,80.75538777908345,8.110458284371328,1.0,0.0,0.0,0.0,5.5,0.12005457025920874,32,23.23913043478261,22,0,0,1,0,1,0,0,46,8.389252357687651,4.164828437132784,5.0,0.4092769440654843,300,733,7.426563586819964
105,13.722516332507318,24.956521739130434,4.656794425087108,3360,10.195486111111116,8.661677355072463,75.0,11.876956521739135,54.515869565217415,13.697946859903382,1.0,1.0,0.0,0.0,13.0,0.22125435540069685,41,34.34782608695652,30,0,0,1,0,1,0,0,23,13.376103337137366,5.863185990338165,12.0,0.45121951219512196,259,574,7.245858347881969
106,11.614038461538463,17.576923076923077,4.912472647702407,2858,11.12976445396146,10.91777774666447,90.0,9.784593147751607,56.903396063251535,12.152495470268489,1.0,1.0,0.0,0.0,13.0,0.25820568927789933,33,24.076923076923077,31,0,0,1,2,0,0,0,26,12.021695472120005,5.802412040849942,11.0,0.48358862144420134,221,457,7.279459743565794
107,7.670222081791099,19.6,4.180272108843537,3241,7.190328151986183,8.91925945823107,75.0,6.77862057994728,73.6017296154895,8.581783474229615,1.0,0.0,0.0,0.0,12.2,0.16326530612244897,58,21.736842105263158,43,0,0,1,0,0,0,1,30,9.276330184999454,4.502420643577856,6.0,0.46258503401360546,272,588,7.329634335396168
108,8.09193725921849,17.11904761904762,4.294853963838665,4013,8.029018492176387,8.190406438246026,84.0,6.651867462428104,74.59199996907664,8.218306636155607,0.0,0.0,0.0,0.0,12.2,0.14603616133518776,79,21.804347826086957,65,1,0,1,0,1,0,0,42,9.488314112642755,4.278342847424083,7.0,0.4422809457579972,318,719,7.453882310099714
109,10.125978527165302,22.391304347826086,4.533980582524272,2924,9.161643835616438,8.623151561933753,63.0,9.341013263752988,61.80131042980359,12.34532144669131,1.0,1.0,0.0,0.0,13.2,0.2058252427184466,54,25.666666666666668,17,0,0,1,2,0,0,0,23,12.195137478168483,5.190530115242444,8.0,0.42718446601941745,220,515,7.1004698000074145
110,13.647306338028166,23.333333333333332,4.885714285714286,3432,11.328975265017672,10.50633445936396,97.0,12.336419787985864,46.940912367491194,14.427024734982332,1.0,0.0,0.0,0.0,16.75,0.26607142857142857,47,31.48,29,0,0,1,4,0,0,4,24,14.206526018710303,6.477529752650177,13.0,0.4107142857142857,230,560,7.012159847519049
111,11.369831479421578,20.137931034482758,4.773972602739726,3476,10.91826086956522,10.76265652173913,103.0,10.70856661991585,51.32421318373076,13.680224403927069,0.0,1.0,0.0,0.0,14.6,0.2517123287671233,44,25.580645161290324,21,0,0,1,2,0,0,0,29,13.389495200839942,6.0567573632538565,10.0,0.3955479452054795,231,584,6.997092368352934
112,10.353830645161288,20.40740740740741,4.684210526315789,3242,10.10164533820841,9.852010786106034,104.0,9.778998643628,56.3800058972696,11.66501149967565,1.0,0.0,0.0,0.0,7.7142857142857135,0.22686025408348456,59,24.516129032258064,29,0,0,1,0,0,0,0,27,11.652024361826719,5.512342513416288,9.0,0.484573502722323,267,551,7.287660574858167
113,8.325649750660016,21.347826086956523,4.219959266802444,2669,7.473140495867767,8.995978866587958,68.0,7.534899645808739,71.82884297520664,10.137426210153484,1.0,0.0,0.0,0.0,7.833333333333334,0.15885947046843177,63,24.321428571428573,26,1,0,1,0,1,0,0,23,10.451354775682146,4.839922077922077,7.0,0.48065173116089616,236,491,7.293459127082392
114,6.743550939027529,15.044444444444444,4.211225997045791,3664,6.835798816568047,8.126040442500642,68.0,6.148109081553898,77.15826215590432,7.890095189091845,1.0,0.0,0.0,0.0,7.428571428571429,0.155096011816839,35,21.043478260869566,35,0,0,1,0,0,0,0,45,8.964715089967882,4.195998199125288,6.0,0.4150664697193501,281,677,7.343586269867688
115,9.564153498871327,17.24,4.547563805104408,2537,9.201376146788991,9.97007904587156,84.0,8.55976513761468,64.75587706422019,10.462238532110092,1.0,0.0,0.0,1.0,7.428571428571429,0.21345707656612528,40,24.76,34,0,0,1,0,0,0,0,25,10.444984826868176,5.586113394495413,9.0,0.46867749419953597,202,431,6.851188215371964
116,8.276205980066443,21.333333333333332,4.184375,3460,7.122500000000002,8.54031517857143,76.0,8.061428571428571,69.83500000000002,10.126785714285715,0.0,0.0,0.0,0.0,7.25,0.146875,54,25.771428571428572,35,0,0,1,0,0,0,0,30,10.483121756834826,4.841660714285714,7.0,0.4140625,265,640,7.204845387994472
117,9.482366877256318,19.24137931034483,4.471326164874552,3180,9.087067395264118,9.578215027322404,97.0,8.962139685792351,61.365668545082,11.816962659380692,1.0,0.0,0.0,0.0,8.285714285714286,0.2025089605734767,42,23.96875,32,0,0,1,0,1,0,0,29,12.10511340030751,5.122147825591986,8.0,0.510752688172043,285,558,7.455113956203324
118,7.3614871771260155,16.25,4.283760683760684,3189,7.381880341880343,8.739348694848694,65.0,6.7331392931392955,74.95010395010395,8.922614922614924,1.0,0.0,0.0,0.0,7.2857142857142865,0.1675213675213675,28,22.945945945945947,23,0,0,1,0,0,0,0,36,9.068930737419137,4.77362346962347,6.0,0.38461538461538464,225,585,7.01480692103002
119,10.765919860627179,21.210526315789473,4.573200992555831,2366,9.473039215686274,9.631284593837535,63.0,9.340084033613447,62.70323529411766,11.987114845938375,0.0,1.0,0.0,0.0,10.5,0.20843672456575682,45,26.952380952380953,25,0,0,1,2,1,0,0,19,11.855464076750408,5.454408963585433,9.0,0.456575682382134,184,403,6.8749199792669575
120,9.386975524475524,14.06060606060606,4.907327586206897,2826,10.64882226980728,9.03822243202907,63.0,9.738941016157291,50.44465965868537,12.512854454610345,1.0,1.0,0.0,0.0,8.142857142857142,0.2435344827586207,28,19.12121212121212,19,0,0,1,4,0,0,0,33,12.297581831301684,4.841644150282265,8.0,0.4375,203,464,7.04784492880234
121,9.641512450851902,18.586206896551722,4.75139146567718,3250,10.217843866171009,9.711171927774828,85.0,9.333109930961232,55.52705204460969,12.245225703664367,0.0,0.0,0.0,0.0,7.125,0.23191094619666047,35,21.34285714285714,28,0,0,1,4,1,0,1,29,12.238838635109133,5.340200424853956,9.0,0.4025974025974026,217,539,6.959761417736337
122,6.211313567453466,14.576923076923077,4.163588390501319,2066,6.574545454545454,8.60910990860991,46.0,6.399163059163062,74.58107263107266,8.301106301106302,0.0,0.0,0.0,0.0,7.0,0.13192612137203166,33,20.444444444444443,17,0,0,1,0,0,0,1,26,8.94667605116694,4.167477633477633,6.0,0.47493403693931396,180,379,6.792472606349584
123,8.60343700317965,17.09375,4.451553930530165,3169,8.991481481481486,9.506762262262264,73.0,7.670780780780781,66.06148648648649,10.504504504504505,0.0,0.0,0.0,0.0,6.625,0.20658135283363802,67,20.972972972972972,24,0,0,1,12,3,0,0,32,11.098219182227139,4.776097097097097,8.0,0.43144424131627057,236,547,7.115027355279994
124,9.324788602941176,18.03125,4.584055459272097,3302,9.129739130434782,8.73175831202046,85.0,9.044196930946292,60.34190664961639,12.469053708439898,1.0,0.0,0.0,0.0,11.5,0.1923743500866551,43,23.41176470588235,28,0,0,1,2,2,0,0,32,12.526319926815653,5.227732736572889,8.0,0.42287694974003465,244,577,7.1083619541784
125,12.575714285714291,22.041666666666668,4.8676748582230625,3249,11.227715355805248,10.254982217228466,98.0,11.898826966292138,47.79842022471911,13.487820224719101,1.0,0.0,0.0,0.0,12.2,0.21172022684310018,41,28.72,35,0,0,1,0,0,0,2,24,12.891045113551908,6.363119550561798,11.0,0.44234404536862004,234,529,7.162044030743237
126,8.031041353383458,18.27777777777778,4.2902735562310035,3657,7.670801815431165,8.97098114977307,103.0,7.296202344931924,72.1852717473525,9.333146747352496,1.0,0.0,0.0,0.0,8.666666666666666,0.1899696048632219,43,23.2,41,0,0,1,0,0,0,0,36,9.642632912329528,4.977497012102875,8.0,0.439209726443769,289,658,7.434013792676981
127,10.00720698594624,16.634146341463413,4.6759530791788855,4135,9.911560693641619,9.907201706578585,110.0,9.951032204789431,53.0645568400771,11.96619873382879,0.0,0.0,0.0,0.0,8.25,0.2126099706744868,39,22.785714285714285,42,0,0,1,0,0,0,0,41,12.416235457179464,5.361853839801816,9.0,0.4032258064516129,275,682,7.239619335882576
128,8.300374031525514,17.852941176470587,4.309719934102142,3353,8.321160409556313,8.955155541584336,76.0,7.359022813005211,69.76863840488595,8.967055864918269,1.0,0.0,0.0,0.0,7.7142857142857135,0.16803953871499178,69,21.605263157894736,30,1,0,1,0,0,0,0,34,9.875794921842921,4.627702892042393,7.0,0.4316309719934102,262,607,7.316768522001725
129,9.387799227799228,18.357142857142858,4.287937743190661,1444,8.263320463320461,9.370354826254827,39.0,8.618822393822395,66.22043436293437,9.407722007722008,0.0,0.0,0.0,0.0,8.333333333333334,0.19066147859922178,32,26.142857142857142,15,0,0,1,0,0,0,0,14,9.784248007369934,5.273754826254827,8.0,0.5097276264591439,131,257,6.372955544860854
130,11.707064278570783,19.058823529411764,4.810185185185185,3897,11.015838509316776,9.332597259773475,98.0,9.55202776762879,60.31560650347099,11.924296675191817,1.0,0.0,0.0,0.0,11.4,0.22839506172839505,51,26.352941176470587,38,0,0,1,0,0,0,0,34,12.161744961471694,5.499457435147972,11.0,0.44135802469135804,286,648,7.196249866166033
131,9.55077580335583,16.666666666666668,4.712,3021,9.543352601156077,10.217015606936418,86.0,8.67345888495245,62.69742681335076,10.781552613586923,1.0,0.0,0.0,0.0,10.333333333333334,0.198,34,22.774193548387096,27,0,0,1,4,0,0,0,30,10.875528500678815,5.386896140220026,9.0,0.464,232,500,7.208404633435056
132,8.521688524590164,17.485714285714284,4.44281045751634,3452,8.650328947368418,9.052830263157894,90.0,7.670723684210525,68.56506578947369,10.01842105263158,1.0,0.0,0.0,0.0,10.833333333333334,0.17973856209150327,55,22.0,25,1,0,1,0,0,0,1,35,10.484789902882557,4.891381578947367,8.0,0.4526143790849673,277,612,7.305075926257401
133,10.796405172413792,18.838709677419356,4.684931506849315,3443,10.438327526132401,10.137977003484322,85.0,9.187854965156795,61.1388904616725,11.913675958188154,1.0,0.0,0.0,0.0,10.333333333333334,0.21404109589041095,41,24.0625,27,0,0,1,2,0,0,0,31,11.93303328291395,5.405818162020905,9.0,0.4195205479452055,245,584,7.227442496531232
134,8.751534526854218,19.05,4.572178477690288,2248,8.997435897435896,10.240413846153846,62.0,7.921692307692311,66.0533076923077,9.522051282051283,1.0,0.0,0.0,0.0,11.8,0.22572178477690288,46,21.4,9,0,0,1,2,0,0,0,20,10.444984826868176,4.979112820512821,8.0,0.5013123359580053,191,381,7.005046878517784
135,9.923384964890538,17.21875,4.682395644283122,3268,10.595149253731346,9.765977694859039,81.0,8.026741293532336,64.03359867330019,10.209286898839139,1.0,0.0,0.0,0.0,10.833333333333334,0.23049001814882034,38,20.194444444444443,17,0,0,1,4,1,0,0,32,10.805372152983287,5.0722885572139305,9.0,0.44101633393829404,243,551,7.219746692380371
136,9.822797876949739,19.689655172413794,4.588441330998249,3304,9.28313043478261,9.443245652173914,84.0,8.10198641304348,68.97967527173914,11.01358695652174,1.0,0.0,0.0,0.0,8.666666666666666,0.18563922942206654,39,24.125,26,0,0,1,0,0,0,0,29,11.080906280650957,5.092593749999999,8.0,0.44658493870402804,255,571,7.320032612433985
137,11.974321503131527,24.0,4.85625,2907,11.27983193277311,10.087480638655462,78.0,9.98181848739496,57.41024033613445,12.489949579831933,0.0,1.0,0.0,0.0,13.8,0.2625,55,25.76,22,0,0,1,2,1,0,0,20,12.481268711053069,5.8001105882352935,11.0,0.42083333333333334,202,480,7.022399184719066
138,11.01384218944375,33.1,4.5589123867069485,1930,9.555015197568391,9.347804058644734,58.0,10.070109064902557,57.33462184873949,12.604398355086715,0.0,1.0,0.0,0.0,10.333333333333334,0.19637462235649547,82,26.647058823529413,22,0,0,1,0,0,0,0,10,13.216016132239005,5.475971392812443,9.0,0.5468277945619335,181,331,6.9841033437727615
139,10.398029929034248,17.884615384615383,4.774193548387097,2778,10.457883369330457,9.469911169392162,64.0,8.928475007713669,60.501789956803464,11.279512496143166,0.0,0.0,0.0,0.0,10.166666666666666,0.2129032258064516,46,22.285714285714285,31,0,0,1,2,0,0,0,26,11.698219412168324,5.102285174328911,9.0,0.4344086021505376,202,465,6.937587477040519
140,9.063297800174436,18.21212121212121,4.4209650582362725,3393,8.433830845771144,9.41290358989367,102.0,8.625603843527461,64.80979587357332,10.344532240757,0.0,0.0,0.0,0.0,12.8,0.17970049916805325,32,24.823529411764707,32,0,0,1,2,1,0,0,33,10.65453281929,5.322097697785582,8.0,0.47587354409317806,286,601,7.364151851231764
141,8.157752511898465,14.37037037037037,4.667525773195877,2484,8.185011709601874,10.495180093676815,62.0,7.0535982473370105,69.02515373574074,9.818810908816197,0.0,0.0,0.0,0.0,6.111111111111111,0.2603092783505155,25,19.451612903225808,36,0,0,1,22,0,0,0,27,10.527976200630611,4.754931782125858,7.0,0.45618556701030927,177,388,6.8140860780829735
142,6.618249496981893,15.870967741935484,4.245934959349594,2714,7.06260162601626,8.249140789779325,61.0,6.65691986062718,72.37309756097564,9.118792102206738,0.0,0.0,0.0,0.0,10.833333333333334,0.1524390243902439,32,20.02857142857143,31,0,0,1,2,1,0,1,31,9.888512548439397,4.254390476190476,6.0,0.4715447154471545,232,492,7.216731099683343
143,9.20360590573538,19.344827586206897,4.278074866310161,3197,7.798278829604129,9.733592690763054,77.0,8.210848537005166,70.68902094090652,10.362845668387838,0.0,0.0,0.0,0.0,8.5,0.14616755793226383,55,27.0,29,0,0,1,12,0,0,0,29,10.047579312681364,5.06470860585198,9.0,0.39928698752228164,224,561,7.152392704067103
144,8.459433208186994,17.9,4.385474860335195,2043,8.317318435754188,9.921802939033277,62.0,8.312278358027694,63.191052951178065,10.807092543113919,1.0,0.0,0.0,0.0,7.857142857142858,0.1564245810055866,45,21.91304347826087,23,0,0,1,2,0,0,1,20,11.030560184262036,5.147662132620841,7.0,0.5083798882681564,182,358,6.945420178111137
145,9.645322866344607,21.136363636363637,4.546236559139785,2662,9.293913043478259,9.561797906602255,71.0,9.08792270531401,60.25153784219003,12.206119162640903,0.0,0.0,0.0,0.0,8.666666666666666,0.1870967741935484,37,23.88888888888889,30,0,0,1,0,0,0,0,22,12.128228538055474,5.316439613526569,8.0,0.44946236559139785,209,465,6.994489636458868
146,7.5127567229518455,19.5,4.367521367521367,3372,7.276065573770492,8.372737494745692,67.0,6.469016393442626,76.54132618747374,8.617065994115174,1.0,0.0,0.0,0.0,8.0,0.14871794871794872,40,22.128205128205128,46,0,0,1,4,0,0,0,30,8.914623046629139,4.341433795712485,7.0,0.35555555555555557,208,585,6.768414842734837
147,9.070632072313359,17.689655172413794,4.380116959064328,2880,8.246303501945526,8.570636696632228,70.0,8.402569435126797,66.38896887159534,10.513779686032471,0.0,1.0,0.0,0.0,10.5,0.1695906432748538,42,25.620689655172413,32,0,0,1,0,0,0,0,29,11.20814326018867,4.860671541661077,8.0,0.47953216374269003,246,513,7.2934037783478995
148,7.926331550802136,20.72,4.206563706563706,2851,7.6796078431372585,9.325810160427807,64.0,6.957272727272727,72.70863636363639,9.397504456327985,1.0,0.0,0.0,0.0,12.0,0.16216216216216217,42,21.727272727272727,28,0,0,1,2,3,0,2,25,9.650220023710371,4.738090909090909,6.0,0.4189189189189189,217,518,7.151880436129079
149,9.307271256068717,20.62962962962963,4.281867145421903,3053,8.106545454545454,9.113226018808778,89.0,9.377824451410657,61.60790909090912,11.73166144200627,1.0,1.0,0.0,0.0,12.8,0.22262118491921004,42,27.79310344827586,32,1,0,1,4,2,0,1,27,11.876931179488295,5.405137931034483,8.0,0.4829443447037702,269,557,7.363119403940623
150,7.3949287241625115,18.35,4.179836512261581,1990,7.154945054945053,7.978561825131391,40.0,7.147558528428096,72.00613712374583,9.077687529861443,0.0,0.0,0.0,0.0,14.75,0.17166212534059946,44,23.043478260869566,19,0,0,1,0,0,0,1,20,9.971965246562196,4.440807931199235,6.0,0.43869209809264303,161,367,6.783691026015192
151,11.62317426645103,27.62162162162162,4.445205479452055,5826,9.499900299102695,10.016041935894444,168.0,10.473942428035045,57.979253728177184,13.162291847860672,0.0,0.0,0.0,0.0,7.428571428571429,0.21232876712328766,81,30.893617021276597,43,0,0,1,12,4,0,1,37,12.666536394478516,5.95727218344965,9.0,0.4070450097847358,416,1022,7.6704403530532295
152,11.97386339060435,23.166666666666668,4.890287769784172,3442,10.948951048951052,11.378016542078612,123.0,10.52444176513142,54.73842657342658,12.994550277308898,0.0,0.0,0.0,0.0,12.6,0.23381294964028776,46,26.448275862068964,33,0,0,1,4,0,0,0,24,12.377204596115341,6.266257294429709,10.0,0.5,278,556,7.404465113495557
153,9.526752804487177,19.2,4.34375,3734,9.026959247648904,8.952262494976289,105.0,8.637962382445142,62.269825978619096,10.806912627602282,0.0,0.0,0.0,0.0,17.0,0.17559523809523808,59,23.0,53,0,0,1,2,0,0,0,35,11.311065157965036,4.978844224740776,8.0,0.46577380952380953,313,672,7.5625915808696
154,10.726465000218887,18.574468085106382,4.8029782359679265,5263,10.982072176949945,10.175528216223341,193.0,9.468079601115821,56.04860039097679,11.884648670019988,0.0,0.0,0.0,0.0,10.333333333333334,0.2325315005727377,53,22.32075471698113,50,0,0,1,2,3,0,0,47,11.937403565279368,5.47699989017506,9.0,0.47766323024054985,417,873,7.838501429069056
155,14.86714285714286,25.85185185185185,5.041547277936963,4419,12.244725738396625,11.252385682137835,173.0,13.767767932489452,38.56684177215192,17.58126582278481,1.0,0.0,0.0,0.0,17.0,0.28939828080229224,82,33.1,52,0,0,1,2,0,0,0,27,16.03029750255766,7.035271026722924,16.0,0.49426934097421205,345,698,7.583496823785471
156,16.58518518518519,35.095238095238095,4.843962008141113,4445,11.903846153846153,11.250203846153845,168.0,13.986318681318682,44.658681318681346,17.07912087912088,0.0,1.0,0.0,0.0,13.2,0.24694708276797828,110,38.46153846153846,38,0,0,1,0,0,0,1,21,14.985893962826673,7.515846153846153,13.0,0.47218453188602444,348,737,7.630701460178577
157,10.595454545454551,22.512820512820515,4.3211845102505695,4819,8.161371428571432,9.467522857142857,137.0,9.83885,63.484675000000024,12.132857142857143,0.0,0.0,0.0,0.0,12.2,0.1788154897494305,59,31.9,52,0,0,1,0,0,0,0,39,11.10651602901591,5.898917857142857,8.0,0.40888382687927105,359,878,7.4464493721864295
158,11.034749193311825,27.914285714285715,4.218014329580348,5301,7.882765737874095,8.854630266843579,128.0,9.750065605189445,66.25217492260064,11.62279227480466,1.0,0.0,0.0,0.0,14.0,0.15148413510747186,64,32.833333333333336,42,0,0,1,0,0,0,0,35,10.660604165835666,5.618593616393927,10.0,0.3940634595701126,385,977,7.731577809056763
159,11.100209219858158,21.613636363636363,4.605678233438486,5502,10.17521551724138,9.904140229885058,211.0,10.247629310344827,56.026968390804626,12.991954022988507,1.0,0.0,0.0,0.0,13.0,0.2092534174553102,45,27.145833333333332,51,0,0,1,2,1,0,1,44,12.566665198450288,5.881810344827585,9.0,0.47634069400630913,453,951,7.907307477113745
160,16.19549754954187,27.846153846153847,4.831491712707182,4375,11.64937238493724,9.761135468297393,131.0,13.547984658298464,47.04777035725783,15.716961699388477,1.0,1.0,0.0,0.0,15.0,0.24585635359116023,44,37.38461538461539,52,0,0,1,0,1,0,0,26,14.44419872828201,6.730414494152987,14.0,0.46685082872928174,338,724,7.589584653005647
161,12.068457087753139,24.566666666666666,4.557666214382632,4271,9.917969821673523,9.790037222625676,130.0,10.544898329702253,57.649983660130744,13.020915032679738,1.0,0.0,0.0,0.0,15.25,0.20759837177747625,59,30.352941176470587,53,0,0,1,2,0,0,1,30,12.475108537778855,5.855895868635519,9.0,0.45861601085481685,338,737,7.613234408666149
162,15.879495268138804,25.88,4.97063369397218,3951,12.51658767772512,10.804267734597158,160.0,14.939460347551346,33.051787677725116,18.91157030015798,1.0,0.0,0.0,0.0,18.5,0.29675425038639874,51,35.72,35,0,0,1,6,0,0,1,25,17.07569102433279,7.343717156398103,17.0,0.5023183925811437,325,647,7.511611700869777
163,11.792001070090961,19.71875,4.906497622820919,3881,11.710355987055017,11.284309708737865,168.0,10.886229773462787,47.5894741100324,13.662783171521037,1.0,0.0,0.0,0.0,11.0,0.2757527733755943,42,23.25,38,0,0,1,10,0,0,0,32,13.06957035272141,6.126166666666666,10.0,0.5530903328050714,349,631,7.704884031750206
164,16.687825884543763,32.59090909090909,5.0906555090655505,4508,13.087482419127987,11.271958227848101,169.0,14.280281293952182,39.5826160337553,16.89057665260197,0.0,0.0,0.0,0.0,24.333333333333332,0.3179916317991632,71,35.81481481481482,38,0,0,1,2,0,0,0,22,15.95041315860864,7.225136427566808,15.0,0.47419804741980476,340,717,7.616349860082707
165,15.691137195121946,29.285714285714285,5.0024390243902435,5081,12.674412855377014,11.760759023485786,203.0,14.617029898022249,35.29443236248457,18.023501236093946,0.0,0.0,0.0,1.0,25.666666666666668,0.30121951219512194,89,35.375,38,0,0,1,2,0,0,0,28,16.29632956338956,7.443952912546353,11.0,0.4268292682926829,350,820,7.395291783017732
166,11.913302118933693,20.72972972972973,4.758800521512386,4568,10.625260416666666,10.292913459429824,170.0,11.082990679824565,51.60022203947369,13.917543859649124,0.0,0.0,0.0,0.0,10.333333333333334,0.23859191655801826,36,27.763157894736842,38,0,0,1,4,0,0,0,37,13.238528806291367,6.1298300438596485,10.0,0.5058670143415906,388,767,7.655350464618069
167,10.666897526645513,21.266666666666666,4.633228840125392,5610,9.813987473903971,9.842523463915839,178.0,9.8423541692251,57.9547253264563,12.941700438004013,0.0,1.0,0.0,0.0,10.166666666666666,0.22570532915360503,56,26.607843137254903,51,0,0,1,2,0,0,0,45,12.661538673226463,5.651053788530026,9.0,0.4503657262277952,431,957,7.7341876910550775
168,9.713147711184522,20.333333333333332,4.461065573770492,5503,8.680658436213992,9.307136403925293,173.0,9.072222222222226,63.3123076923077,12.044824311490979,1.0,0.0,0.0,0.0,9.0,0.21004098360655737,59,26.78846153846154,57,0,0,1,2,4,0,0,48,11.95083700844419,5.350335549224438,8.0,0.46209016393442626,451,976,7.857305084941232
169,9.384561717352415,19.605263157894736,4.451006711409396,4236,8.856292286874154,9.018670802781887,127.0,8.948282090820406,61.51809107215911,11.366976114800014,1.0,0.0,0.0,0.0,15.5,0.20536912751677852,55,24.767441860465116,42,0,0,1,0,2,0,0,38,11.753397827838263,5.194032287503539,8.0,0.4375838926174497,326,745,7.508539760691029
170,15.004423232486651,26.323529411764707,4.832402234636872,5353,11.609307604994324,10.56653520674558,196.0,13.0854269498946,46.07964358683316,15.562328522782554,1.0,0.0,0.0,0.0,24.333333333333332,0.26033519553072626,57,34.34285714285714,50,0,0,1,0,1,0,0,34,14.265292616868656,6.818818420625911,10.0,0.4871508379888268,436,895,7.972388639006056
171,11.247255513130213,27.61764705882353,4.32800851970181,5194,8.46609257265877,9.179523802147603,149.0,10.2672813673239,61.808598282968845,13.02466328861351,1.0,0.0,0.0,0.0,10.333333333333334,0.17891373801916932,107,32.951219512195124,53,0,0,1,0,4,0,3,34,12.050910764473386,5.653875187061882,9.0,0.4398296059637913,413,939,7.668641808643266
172,15.988729227761489,26.571428571428573,4.987455197132617,3493,12.685971223021586,11.251466121648136,129.0,13.897658600392415,40.436778940483975,16.727795945062134,0.0,0.0,0.0,0.0,16.75,0.2921146953405018,59,33.90909090909091,37,0,0,1,0,0,0,2,21,15.124630588136114,7.093821451929365,15.0,0.507168458781362,283,558,7.393833913897534
173,12.526058968817537,26.5,4.517819706498952,5457,9.578880675818375,10.001009140546527,178.0,11.385947407731734,54.57027867205812,14.476616787287197,0.0,0.0,0.0,0.0,12.8,0.22955974842767296,52,32.90243902439025,63,0,0,1,0,0,0,0,36,13.835272917368062,6.157213330929508,9.0,0.4392033542976939,419,954,7.680533419998005
174,8.849869700689268,26.625,4.139280125195618,3427,7.620745542949756,8.400921508246736,77.0,8.202425874725908,68.57716155019547,9.333377824387455,1.0,0.0,0.0,0.0,11.8,0.1596244131455399,80,26.029411764705884,25,1,0,1,2,0,0,0,24,10.39495659498063,4.77763804938507,7.0,0.4569640062597809,292,639,7.540076695454355
175,14.735297213622289,28.0,4.6646825396825395,2986,10.420990099009899,10.582934601354872,120.0,12.954799374674309,49.52311099531008,15.542470036477333,0.0,0.0,0.0,1.0,15.5,0.23214285714285715,46,37.26315789473684,46,0,0,1,0,0,0,0,18,13.776415006240082,7.072968212610734,10.0,0.5138888888888888,259,504,7.273264748518653
176,7.364364640883977,19.18421052631579,4.203017832647462,4047,7.479497907949792,9.082561768479778,103.0,6.328401952580197,75.23220125523012,8.246460251046026,0.0,0.0,0.0,0.0,6.125,0.149519890260631,46,20.4,50,1,0,1,0,0,0,2,38,9.010732273442468,4.420214755927475,6.0,0.4499314128943759,328,729,7.61670635464043
177,9.20401708291384,18.097560975609756,4.46900269541779,4182,8.601606425702812,9.634418059228786,132.0,8.733815914062756,64.89641198942111,10.82194142423352,0.0,0.0,0.0,0.0,8.333333333333334,0.18733153638814015,50,25.536585365853657,33,0,0,1,0,3,0,0,41,10.957957172930563,5.549316681359585,8.0,0.46765498652291104,347,742,7.615373380207529
178,8.19124579981672,18.96,4.3924050632911396,5428,8.045255474452553,8.730124807261664,130.0,7.10314672045676,72.13793141763108,9.291652848766645,1.0,0.0,0.0,0.0,15.75,0.17616033755274263,56,22.16393442622951,52,0,0,1,0,2,0,0,50,9.671318002592287,4.6160803090651115,8.0,0.3871308016877637,367,948,7.556161850097152
179,14.84136446886447,29.756756756756758,4.6811989100817435,6514,11.070055452865066,11.145649071384561,234.0,13.138658568787957,46.749698089956894,15.517331220843236,1.0,0.0,0.0,0.0,14.0,0.23524069028156222,70,35.73809523809524,87,0,0,1,6,2,0,1,37,14.17421181473506,6.959228941114338,13.0,0.4514078110808356,497,1101,7.932473475000858
180,9.224197031039136,18.283333333333335,4.2224247948951685,6034,7.548316651501366,9.607117620484331,125.0,8.239027824337917,70.33387752821548,10.80600226681353,1.0,0.0,0.0,1.0,12.6,0.1504102096627165,43,27.403508771929825,52,0,0,1,8,1,0,1,60,10.61976794857371,4.973957473301088,9.0,0.35824977210574294,393,1097,7.7380424485286445
181,16.844344503233394,29.52,5.088075880758808,4662,13.555277777777778,11.929706349206349,168.0,14.269126984126984,38.56000000000003,17.00793650793651,1.0,0.0,0.0,0.0,21.333333333333332,0.3035230352303523,59,34.75,54,0,0,1,2,0,0,1,25,15.247664890283005,7.307492063492063,13.0,0.462059620596206,341,738,7.6438402393513725
182,11.17171280785282,21.733333333333334,4.619631901840491,5776,10.351458333333337,10.620644261006289,199.0,9.665817610062899,58.025094339622626,12.495283018867925,1.0,0.0,0.0,0.0,8.0,0.23006134969325154,63,25.245283018867923,53,0,0,1,6,2,0,2,45,12.3806478868072,5.802753930817611,9.0,0.47137014314928427,461,978,7.975721821906536
183,11.817500000000003,23.176470588235293,4.591370558375634,4507,9.7205619412516,9.71647496807152,140.0,10.60003512132823,57.80472701149428,12.63358876117497,1.0,0.0,0.0,0.0,20.666666666666668,0.20939086294416243,58,30.305555555555557,30,0,0,1,0,0,0,1,34,12.009924989830619,6.047512452107279,9.0,0.41878172588832485,330,788,7.377824786941319
184,9.471819995504106,18.126984126984127,4.41768826619965,6444,8.749692172383465,9.462247757255938,204.0,8.634216387210262,65.82279279087582,10.923874372287003,1.0,0.0,0.0,0.0,7.0,0.1830122591943958,56,25.919354838709676,52,0,0,1,0,1,0,0,63,10.976793301938496,5.179551380259312,8.0,0.43257443082311736,494,1142,7.946760417275414
185,10.656056603773585,20.435897435897434,4.51693851944793,4543,9.315189873417719,9.3531,137.0,9.21503164556962,64.1722943037975,12.051898734177215,0.0,0.0,0.0,0.0,10.166666666666666,0.18569636135508155,59,27.35,52,0,0,1,0,0,0,0,39,11.505630337794997,5.376408227848101,8.0,0.493099121706399,393,797,7.811312876325154
186,10.279272797229705,20.175,4.548946716232962,4675,9.680608365019012,9.590479765250453,152.0,8.68718052570673,63.329725987766594,11.11942469829724,1.0,0.0,0.0,0.0,9.0,0.18835192069392812,52,23.73913043478261,74,0,0,1,2,0,0,1,40,11.424778013016908,5.252133327822779,8.0,0.49070631970260226,396,807,7.773947755227514
187,8.857271279560472,20.272727272727273,4.2825112107623315,3701,7.993893129770996,9.385142024909602,114.0,7.958627963037365,68.70388007231821,10.13137806347931,1.0,0.0,0.0,0.0,8.833333333333334,0.15844544095665172,47,24.36842105263158,47,0,0,1,2,1,0,2,33,10.542938554032801,4.9893947368421045,7.0,0.49327354260089684,330,669,7.602697651554272
188,10.448878378378382,24.321428571428573,4.486049926578561,3882,9.599695585996958,9.636367555226458,122.0,9.76253239540911,56.6968233987412,12.582154757497225,1.0,0.0,0.0,0.0,15.75,0.22026431718061673,56,25.35135135135135,43,1,0,1,2,0,0,2,28,12.426405712598328,5.633418075609857,9.0,0.4566813509544787,311,681,7.5217827246460285
189,11.528965728274173,24.56756756756757,4.585258525852585,5271,9.935412026726059,10.439726767493655,177.0,10.530597710674886,56.75962681928834,13.030548505723315,1.0,0.0,0.0,1.0,9.0,0.22662266226622663,58,29.0,42,2,0,1,0,2,0,2,37,12.471525174414555,6.120352980784173,9.0,0.44994499449944997,409,909,7.900051438716071
190,8.584015185856757,15.166666666666666,4.696886446886447,6531,9.738700823421773,9.96273273559012,226.0,7.940387808783168,62.46838592177494,10.551916742909425,1.0,0.0,0.0,0.0,6.5,0.22985347985347984,36,19.025,60,1,0,1,2,4,1,1,72,11.080906280650957,4.968523204483073,8.0,0.46794871794871795,511,1092,7.987489960389558
191,12.1408468884458,19.5,4.793522267206478,4502,11.409602194787382,10.693364113115965,176.0,10.735390946502061,51.38823361823364,13.34797931834969,0.0,0.0,0.0,0.0,11.5,0.21187584345479082,34,25.256410256410255,52,0,0,1,2,0,0,0,38,12.981490729001923,5.892996728922654,10.0,0.5195681511470985,385,741,7.784528994643009
192,15.044249412455933,25.208333333333332,4.758677685950413,3577,11.619829059829062,10.18839000371609,134.0,13.229736157562247,45.51408026755854,15.507246376811594,1.0,0.0,0.0,0.0,16.5,0.23636363636363636,52,34.608695652173914,37,0,0,1,6,2,0,1,24,14.366763438865632,6.748039390561129,15.0,0.540495867768595,327,605,7.7163347399914946
193,10.140852635299808,19.081632653061224,4.720855614973262,5612,10.078510638297871,10.232932997387085,219.0,9.106472564389701,59.146403508771954,10.596491228070176,1.0,0.0,0.0,0.0,12.6,0.2545454545454545,44,23.157894736842106,66,0,0,1,0,1,0,1,49,10.992663274268292,5.661922732362822,9.0,0.4898395721925134,458,935,7.876992766826052
194,15.18824713566763,30.071428571428573,4.902612826603326,5149,11.840142517814726,10.865495695674081,186.0,13.069935219175125,46.80291693658677,15.051666306773194,0.0,0.0,0.0,0.0,21.333333333333332,0.2529691211401425,63,34.60606060606061,40,0,0,1,0,0,0,0,28,13.793511290916069,7.051363204491469,10.0,0.45961995249406173,387,842,7.704519864714874
195,13.856271786135501,29.55,4.866328257191201,3584,11.633904109589043,11.077407376185459,151.0,12.809726027397264,43.22968914646998,15.422971548998948,0.0,0.0,0.0,0.0,17.75,0.25888324873096447,87,31.23076923076923,32,0,0,1,2,1,0,0,20,14.499529614371863,6.686213909378292,11.0,0.5380710659898477,318,591,7.538065279712715
196,13.275817918026839,22.357142857142858,4.9020234291799785,5706,12.086557377049182,10.961033333333333,215.0,11.955081967213115,45.56650273224048,13.903825136612022,0.0,0.0,0.0,0.0,13.0,0.24813631522896698,45,27.666666666666668,59,1,0,1,0,2,0,2,42,13.454273218885966,6.318896174863388,12.0,0.48562300319488816,456,939,7.9659350234856925
197,15.355595776772248,23.75,5.239097744360902,4287,13.637160120845923,11.218740805639477,162.0,13.318416918429005,38.8793272910373,15.412769385699898,0.0,0.0,0.0,0.0,24.333333333333332,0.2962406015037594,58,29.1,45,0,0,1,4,0,0,2,28,14.410869940926823,6.977288217522657,13.0,0.4992481203007519,332,665,7.684812105964883
198,12.314736122504783,24.0,4.720833333333333,5703,10.702639915522703,10.426715472200542,207.0,11.179356549286073,51.579788232863535,14.317147973003996,1.0,0.0,0.0,0.0,16.75,0.24479166666666666,60,28.434782608695652,66,0,0,1,0,2,0,1,40,13.6494047153753,6.057494766080529,10.0,0.4864583333333333,467,960,8.032005091129532
199,12.91480712679467,25.205882352941178,4.761960326721121,5163,11.221538461538461,11.030803074036658,186.0,11.662952807042867,48.15325732428926,13.782363977485929,1.0,0.0,0.0,0.0,16.5,0.23453908984830804,65,28.536585365853657,66,0,0,1,2,0,0,3,34,13.023866798666859,6.482727089046039,10.0,0.4597432905484247,394,857,7.7467733903293
200,13.948915071183116,22.153846153846153,5.1655092592592595,5512,12.783889528193324,10.767972014904927,170.0,12.521633240177547,42.14072593018798,15.733037426708314,0.0,0.0,0.0,1.0,18.25,0.30439814814814814,58,28.095238095238095,44,0,0,1,10,2,0,0,39,14.622400222303426,6.557047591648857,12.0,0.41435185185185186,358,864,7.649997430383293
201,9.431595040327437,19.183673469387756,4.384042553191489,5315,8.903508771929825,8.85452880116959,150.0,8.010921052631577,67.70922514619886,9.825730994152048,0.0,0.0,0.0,0.0,12.4,0.1702127659574468,71,23.98148148148148,88,1,0,1,0,1,0,0,49,10.54508345167757,4.832833333333333,8.0,0.4531914893617021,426,940,7.8084801963759425
202,15.496113505747125,28.142857142857142,5.001269035532995,4892,12.573879641485277,11.721057682458387,222.0,13.524596270806661,41.56816201184378,16.8815781049936,0.0,1.0,0.0,0.0,24.0,0.27411167512690354,84,33.09375,41,0,0,1,0,0,0,4,28,15.37324922779447,7.363507882522407,14.0,0.5317258883248731,419,788,7.924933051443921
203,10.841702555207718,19.82608695652174,4.6326754385964914,5418,10.633596392333711,10.857364742294358,176.0,9.149157005807151,59.27607262130141,11.339209972134181,1.0,0.0,0.0,0.0,8.0,0.20285087719298245,71,22.471698113207548,75,0,0,1,0,1,0,4,46,12.007035507082968,5.331787411456892,10.0,0.45614035087719296,416,912,7.806483721137093
204,13.901108182955156,29.846153846153847,4.493556701030927,4386,9.56935064935065,10.121101880877742,156.0,12.097380206000896,55.62188311688314,14.360949395432156,1.0,0.0,0.0,0.0,22.0,0.22293814432989692,56,37.93103448275862,41,0,0,1,0,0,0,0,26,12.557966407163583,6.850065830721004,9.0,0.43943298969072164,341,776,7.4462914356311085
205,11.06035211267605,24.305555555555557,4.349714285714286,4804,8.762162162162163,8.625324018801411,136.0,10.538977379553469,57.39645666862518,13.022338425381903,1.0,1.0,0.0,1.0,22.0,0.17485714285714285,81,30.675,46,0,0,1,0,0,0,1,36,12.645581978651563,5.516330816686251,10.0,0.4137142857142857,362,875,7.571501413104994
206,12.209411132987292,25.066666666666666,4.780585106382978,4539,11.06738544474393,9.97254226706491,146.0,11.235124207765718,50.23080898958261,14.382807605449115,0.0,0.0,0.0,0.0,12.6,0.24202127659574468,64,28.027027027027028,49,0,0,1,4,1,0,0,30,13.713005029603945,6.088993589276608,11.0,0.4228723404255319,318,752,7.440239028611536
207,15.20540322580645,26.535714285714285,5.037685060565276,4637,12.50363391655451,11.710845087483177,173.0,14.05405461728824,36.99118742673559,16.96260148482612,1.0,0.0,0.0,0.0,23.0,0.30148048452220727,75,32.61290322580645,41,0,0,1,0,0,0,3,28,15.653508465845995,7.204723483697304,14.0,0.47644683714670255,354,743,7.613210223586926
208,11.490084059775839,22.444444444444443,4.622524752475248,4716,10.164366373902133,9.815470087829361,162.0,10.791289523212047,53.18301960476791,12.838255959849437,1.0,0.0,0.0,0.0,11.833333333333334,0.22896039603960397,67,28.1,50,0,0,1,2,0,0,0,36,12.645581978651563,5.795727383939774,9.0,0.5024752475247525,406,808,7.831493658845379
209,11.302472814267077,19.756756756756758,4.722298221614227,4302,10.460773480662986,9.248720471067172,138.0,10.273951730154117,55.338291654550744,12.538179703402154,1.0,1.0,0.0,0.0,16.25,0.23392612859097128,44,26.86842105263158,35,0,0,1,0,0,0,0,37,12.209160746376906,5.675421052631579,9.0,0.45006839945280436,329,731,7.485036467067167
210,11.835196078431373,24.263157894736842,4.60412147505423,5432,10.120352035203524,9.98860701870187,184.0,10.383929592959298,56.59338613861388,12.70046204620462,1.0,0.0,0.0,0.0,11.666666666666666,0.22125813449023862,64,28.68888888888889,59,1,0,1,32,1,0,4,38,12.340626583579944,5.806451925192519,9.0,0.49349240780911063,455,922,7.90542593087392
211,11.585310651720839,24.114285714285714,4.669431279620853,5007,9.758837209302332,9.670936755530345,174.0,10.71583664208735,55.59522121384006,13.180941576857629,0.0,0.0,0.0,0.0,20.666666666666668,0.22393364928909953,69,29.414634146341463,51,0,0,1,8,0,0,0,35,12.861646517089813,5.866560975609756,9.0,0.4656398104265403,393,844,7.6733483772158975
212,10.042735331206881,22.891304347826086,4.281101614434948,5770,8.091417550626808,9.102263340998443,145.0,9.085282063645131,65.44505238854687,11.178465989169943,1.0,0.0,0.0,0.0,15.75,0.1728395061728395,69,28.596153846153847,58,0,0,1,0,5,0,0,46,10.727762888450027,5.500238576515095,8.0,0.3950617283950617,416,1053,7.813723918297395
213,11.967818037818041,28.529411764705884,4.395876288659794,5453,8.899373695198328,9.448812714981608,163.0,10.192770653146436,62.61172581767572,13.00689929416443,1.0,0.0,0.0,0.0,12.8,0.19381443298969073,55,32.11904761904762,73,0,0,1,2,1,0,1,34,11.899873341045819,5.949297345660602,8.0,0.44948453608247424,436,970,7.69002123501022
214,16.998836903858503,28.515151515151516,5.261424017003188,6028,14.168797399783312,11.61407894058739,218.0,14.990273198442214,32.021257064214836,18.385745658985098,0.0,0.0,0.0,0.0,14.2,0.32518597236981933,152,34.45945945945946,36,0,0,1,2,1,0,4,33,16.510208516678844,7.496356709906006,13.0,0.4165781083953241,392,941,7.655219597848575
215,12.504665319168936,25.36842105263158,4.687759336099585,5677,10.269700103412614,10.32736900441854,193.0,11.663452806242365,50.58535877127011,14.044270000940115,1.0,0.0,0.0,0.0,10.666666666666666,0.22406639004149378,84,31.113636363636363,47,0,0,1,4,0,0,1,38,13.282839044849887,6.2856754959105015,9.0,0.42946058091286304,414,964,7.583544593144138
216,11.583716153127916,17.0,4.878151260504202,5754,11.893464052287584,10.607341705571118,229.0,9.878595549330846,53.43546568627454,11.742328042328044,0.0,0.0,0.0,0.0,8.142857142857142,0.2510504201680672,30,22.392857142857142,32,0,0,1,6,1,0,0,56,11.833174476933202,5.661068238406473,11.0,0.5157563025210085,491,952,8.036067111505703
217,11.936029075162388,17.22641509433962,5.120481927710843,5730,12.463146314631462,10.16741781555514,195.0,11.531431180853936,42.93570334391933,14.649156236378355,1.0,0.0,0.0,0.0,15.0,0.2902519167579409,40,23.49056603773585,44,0,0,1,2,0,0,2,53,13.888447283281831,5.877965087074745,11.0,0.45016429353778753,411,913,7.733088653246674
218,9.153201320132013,22.88888888888889,4.307443365695793,3457,8.474587458745876,9.682654455445544,107.0,8.24661716171617,65.92045379537956,10.891749174917493,1.0,0.0,0.0,0.0,17.0,0.18770226537216828,48,24.055555555555557,35,0,0,1,2,4,0,4,27,10.864195022040775,5.1992986798679866,8.0,0.44983818770226536,278,618,7.416362595223111
219,10.879001175088135,20.42222222222222,4.465723612622416,5175,9.780909090909095,9.483858201581029,157.0,10.134051383399207,56.47988142292493,12.788537549407117,0.0,0.0,0.0,0.0,5.0,0.19912948857453755,42,26.91304347826087,61,1,0,1,4,1,0,0,45,12.39438334347,5.637527667984189,9.0,0.4211099020674646,387,919,7.703220432175732
220,14.188480748074802,25.35,5.017751479289941,6250,12.210337972166997,10.223178497901479,225.0,12.928269052352551,42.19102960017673,16.735462778882262,0.0,1.0,0.0,0.0,18.5,0.27120315581854043,81,29.88888888888889,62,0,0,1,4,3,0,0,40,15.351944567993709,6.692524983432737,11.0,0.41420118343195267,420,1014,7.733635224782585
221,9.845002641310089,24.153846153846153,4.214968152866242,3411,7.417432646592712,7.782701035393555,71.0,8.882413629160066,68.84274352879032,10.758816693079769,1.0,0.0,0.0,0.0,8.833333333333334,0.15605095541401273,59,31.166666666666668,43,0,0,1,0,0,0,0,26,10.577609850970193,5.058582725832013,7.0,0.39171974522292996,246,628,7.0435874713117395
222,12.36387147335423,26.428571428571427,4.701621621621622,5622,10.050157397691503,10.277884298387866,167.0,10.835639368501386,55.95364602213107,13.91022608032052,1.0,0.0,0.0,0.0,12.0,0.21945945945945947,80,30.431818181818183,80,0,0,1,6,0,0,0,35,12.910780035565558,6.076772321854431,9.0,0.3762162162162162,348,925,7.339387630167873
223,12.842343062774887,25.416666666666668,4.684153005464481,5409,10.396933187294636,10.067754305024978,157.0,11.343922207677718,53.3945668260626,13.376101300991104,1.0,0.0,0.0,0.0,16.5,0.2568306010928962,54,31.341463414634145,61,0,0,1,4,0,0,0,36,12.861646517089813,6.286605829081292,12.0,0.39672131147540984,363,915,7.495216709309639
224,12.654251509054326,24.166666666666668,4.80551724137931,4318,11.218028169014087,10.224770020120724,151.0,11.267907444668008,50.40838028169014,14.64949698189135,0.0,0.0,0.0,0.0,24.0,0.24275862068965517,48,27.942857142857143,37,0,0,1,0,0,0,1,30,13.925175675911131,5.964356136820925,10.0,0.47172413793103446,342,725,7.545854317267345
225,14.036136904761904,26.318181818181817,4.573402417962003,3406,11.369981916817355,10.804122543701025,123.0,11.597696654611216,52.95259079264619,14.569288728149488,0.0,1.0,0.0,0.0,10.666666666666666,0.22452504317789293,55,31.416666666666668,53,0,0,1,2,1,0,2,22,13.361668897886787,6.436157097649186,10.0,0.5284974093264249,306,579,7.583776138530266
226,15.918145258103237,28.483870967741936,4.9694224235560585,5468,12.453318077803207,10.62048201642213,174.0,12.891358190873607,48.42293444608967,15.453977655135283,1.0,0.0,0.0,0.0,14.5,0.26047565118912797,62,35.411764705882355,70,0,0,1,0,0,0,0,31,14.342598391513267,6.805405841970655,14.0,0.4711211778029445,416,883,7.708013218946267
227,16.59647001303781,30.652173913043477,4.998581560283688,4388,12.55994318181818,10.990481293706294,166.0,14.865738636363641,36.709593531468556,16.910314685314685,0.0,0.0,0.0,0.0,21.0,0.26382978723404255,63,36.19230769230769,27,0,0,1,4,0,0,0,23,15.247664890283005,7.3687779720279725,14.0,0.47092198581560285,332,705,7.548271138116483
228,10.360190476190475,22.4,4.502551020408164,4487,9.747894736842106,10.06052380952381,153.0,8.949774436090227,63.126754385964915,11.764411027568924,0.0,0.0,0.0,0.0,10.333333333333334,0.1989795918367347,68,25.333333333333332,49,0,0,1,0,0,0,2,35,11.491704259439757,5.653586466165413,9.0,0.45535714285714285,357,784,7.718326397138297
229,11.161331038439478,24.633333333333333,4.487144790257104,4227,8.952214765100674,10.139291562799617,122.0,10.118408437200383,60.430805369127555,12.97066155321189,0.0,0.0,0.0,0.0,12.6,0.18267929634641408,57,30.514285714285716,42,0,0,1,0,0,0,1,30,12.28987398476788,5.825789069990412,11.0,0.45737483085250336,338,739,7.618613114500808
230,15.32192819963258,31.11111111111111,4.985714285714286,3510,12.154577464788733,11.227443080220453,131.0,13.029332516840174,45.63440600122476,15.089528475199021,1.0,0.0,0.0,0.0,18.0,0.2982142857142857,74,33.608695652173914,32,0,0,1,2,0,0,0,18,14.554592549557764,6.758763012859767,14.0,0.5142857142857142,288,560,7.463448260764023
231,13.364005891016198,21.073170731707318,4.918981481481482,5408,11.853056516724337,10.615783638161147,178.0,12.699007249958807,40.784230103806266,14.993013676058661,0.0,0.0,0.0,0.0,14.6,0.2673611111111111,42,28.404761904761905,60,0,0,1,2,0,0,0,41,14.723368195966486,6.308812407315868,14.0,0.4386574074074074,379,864,7.642638228036012
232,12.683056884635832,28.333333333333332,4.52156862745098,2970,9.840157480314957,10.749683106657123,115.0,11.556793128131712,53.33355404438083,14.51195418754474,0.0,0.0,0.0,0.0,14.75,0.23333333333333334,71,33.18181818181818,38,0,0,1,0,1,0,0,18,13.172668634160413,6.464896921975662,9.0,0.5372549019607843,274,510,7.444988585117858
233,14.757794713026911,33.21052631578947,4.852614896988906,3915,11.432087227414328,11.059182386772106,140.0,12.824423676012461,47.09754133716751,15.733620896237719,0.0,1.0,0.0,0.0,16.25,0.24881141045958796,76,33.76923076923077,48,0,0,1,2,1,0,0,19,14.44419872828201,6.7854128924035475,10.0,0.4849445324881141,306,631,7.5313491857282955
234,11.57489111121236,21.431818181818183,4.624602332979851,5516,10.263440860215056,9.949194120338596,171.0,9.712827728208648,60.669667124227885,11.613818348204072,0.0,1.0,0.0,0.0,15.5,0.21208907741251326,55,26.914893617021278,58,0,0,1,0,1,0,0,44,11.586066673645398,5.570935483870967,9.0,0.49522799575821846,467,943,8.012946739308086
235,17.44485799488782,31.75,5.002952755905512,6260,12.871271271271269,11.184878366938367,233.0,15.409181753181759,35.42436036036037,17.903629343629344,1.0,0.0,0.0,0.0,17.75,0.26673228346456695,64,38.8,54,0,0,1,0,0,0,0,32,15.829984457391145,7.592471786071787,17.0,0.468503937007874,476,1016,7.997706268007678
236,10.829476025704395,24.742857142857144,4.4203233256351036,4924,9.026806526806528,9.839477422577422,126.0,9.609543789543789,62.55244755244759,11.994272394272395,0.0,0.0,0.0,0.0,14.0,0.19399538106235567,57,28.80952380952381,60,0,0,1,0,1,0,1,35,11.58411153163022,5.754160506160506,9.0,0.4110854503464203,356,866,7.531215034165741
237,12.688542277614857,22.727272727272727,4.795,6127,10.798233562315996,10.794726725547923,219.0,10.974164008832187,54.194755990350046,14.379792280013085,0.0,1.0,0.0,0.0,10.333333333333334,0.25,51,29.666666666666668,67,0,0,1,2,0,0,1,44,13.5591,6.085698172227675,10.0,0.473,473,1000,7.904079143466592
238,15.44238689378323,34.04761904761905,4.702097902097902,4206,10.895627644569817,10.556754833459912,144.0,13.369118476727788,47.78211863947058,16.323771292177497,1.0,0.0,0.0,0.0,13.2,0.23916083916083916,82,37.69230769230769,30,0,0,1,0,0,0,1,21,14.772240535888997,6.879448139307801,10.0,0.47132867132867134,337,715,7.574864189726352
239,11.601453175457486,27.735294117647058,4.30965005302227,5165,8.54155844155844,9.344954805194806,156.0,10.186748917748918,63.172266233766265,12.530043290043292,1.0,0.0,0.0,0.0,11.8,0.1823966065747614,72,32.55,42,1,0,1,0,1,0,0,34,11.55419034076193,5.85519090909091,11.0,0.41675503711558853,393,943,7.691728726868855
240,12.048214285714288,29.825,4.284995808885164,6553,8.584444444444447,9.017997470783186,155.0,10.242244897959186,64.15928571428573,12.422815279958137,1.0,0.0,0.0,0.0,16.25,0.17099748533109807,104,33.63265306122449,68,0,0,1,0,1,0,0,40,11.249258249689472,5.793427001569858,8.0,0.3797150041911148,453,1193,7.794290159799474
241,11.746659857203532,27.394736842105264,4.4764649375600385,5914,9.732274081429992,9.704867355045295,169.0,10.154192894635514,58.86568449425452,12.311768639928664,1.0,0.0,0.0,0.0,14.0,0.20076849183477424,101,28.510204081632654,57,1,0,1,4,1,0,0,38,12.031772070788634,5.649702814988954,9.0,0.42939481268011526,447,1041,7.890285912847112
242,9.561973522167484,22.59259259259259,4.383606557377049,3397,8.387728026534003,8.917982504145938,89.0,9.625397491708132,59.61605643656716,11.981944444444444,1.0,0.0,0.0,0.0,16.0,0.21147540983606558,49,27.1875,36,0,0,1,0,1,0,0,27,12.161744961471694,5.392817837893864,8.0,0.45737704918032784,279,610,7.298978497000926
243,14.365291946308723,26.857142857142858,4.89095744680851,4577,11.943513513513512,11.355554054054053,175.0,12.611722972972974,45.83096283783789,15.033783783783784,1.0,0.0,0.0,0.0,15.5,0.26595744680851063,76,31.71875,44,0,0,1,2,0,0,0,28,14.099209189292512,6.784219594594594,14.0,0.5,376,752,7.741535865433154
244,12.672220749716018,26.03125,4.720288115246098,4954,10.712758201701092,10.639176293406663,172.0,10.993881499008765,54.8169999040737,13.572027882586173,1.0,0.0,0.0,0.0,11.6,0.22328931572629052,68,30.157894736842106,56,0,0,1,2,0,0,1,32,12.804443363960079,6.118522574662659,10.0,0.48139255702280914,401,833,7.740246174061397
245,13.352269867549673,27.857142857142858,4.53974358974359,4441,10.320689655172412,9.62177824933687,131.0,11.174176061007959,56.916675232095486,13.244628647214853,1.0,0.0,0.0,1.0,14.75,0.2230769230769231,65,32.84375,40,0,0,1,0,0,0,3,28,12.38480682065935,6.157333720159151,9.0,0.4423076923076923,345,780,7.528481458674781
246,13.514886363636364,23.84090909090909,4.709246901811249,6235,10.903646833013436,10.402778450532193,226.0,12.693509858663408,46.23634226138549,14.808619787122666,1.0,1.0,0.0,0.0,21.0,0.22974261201143947,46,32.88636363636363,57,0,0,1,6,1,0,2,44,13.606401829973382,6.5303436573023905,13.0,0.46234509056244044,485,1049,7.966917643595577
247,11.881188155600654,20.25862068965517,4.708936170212766,7057,10.60203562340967,10.975801815672575,276.0,10.62900475841348,54.44991331349465,12.980497692672618,0.0,0.0,0.0,0.0,13.2,0.22893617021276597,45,27.576271186440678,84,0,0,1,20,1,0,0,58,12.682564674563654,6.187738244131051,10.0,0.4765957446808511,560,1175,8.008347253869193
248,11.847904697204974,19.565217391304348,4.778888888888889,5377,10.703803131991055,9.669514434393541,164.0,10.21752942320786,56.423460752845074,12.069215056901081,1.0,1.0,0.0,0.0,15.25,0.24666666666666667,41,26.76086956521739,62,0,0,1,0,0,0,0,46,12.278803558989836,5.753353564828323,9.0,0.41888888888888887,377,900,7.572663586863577
249,12.67161928778848,25.103448275862068,4.674450549450549,4444,10.957836338418861,11.178019247958083,158.0,10.845521266759132,52.97726325319775,13.78087532747727,1.0,0.0,0.0,0.0,22.0,0.20467032967032966,46,27.194444444444443,64,0,0,1,18,0,0,0,29,13.250320982009367,5.89342984281091,10.0,0.4739010989010989,345,728,7.5809891438949215
250,10.37265239085239,19.93617021276596,4.609391675560299,5423,9.786594594594593,9.930083367983368,186.0,9.168689189189188,61.0108466735967,11.007276507276508,0.0,0.0,0.0,0.0,10.333333333333334,0.24226254002134473,52,24.807692307692307,53,0,0,1,0,0,0,0,47,11.09076593264732,5.569227130977131,9.0,0.464247598719317,435,937,7.837065248448869
251,10.658988095238094,21.102040816326532,4.479690522243714,5877,9.698214285714283,10.091999603174603,204.0,9.436825396825398,60.65261904761907,11.831746031746034,0.0,1.0,0.0,0.0,13.6,0.19148936170212766,48,25.574074074074073,61,0,0,1,4,0,0,0,49,11.820766666666668,5.569809523809523,9.0,0.4758220502901354,492,1034,7.991778431968954
252,12.01705882352941,24.785714285714285,4.645533141210374,4037,10.62734026745914,10.436891504239139,128.0,10.802811380124115,52.86729896862164,13.742312734900796,0.0,0.0,0.0,0.0,15.5,0.21757925072046108,47,27.647058823529413,47,0,0,1,0,1,0,1,28,13.023866798666859,6.057905209334848,9.0,0.43515850144092216,302,694,7.3440631374562395
253,10.968424059139785,24.073170731707318,4.490374873353597,5658,9.217497456765006,9.696071346219057,170.0,10.318950279755853,57.55647899711769,12.708452017633096,0.0,0.0,0.0,0.0,14.2,0.20263424518743667,60,28.833333333333332,69,0,0,1,0,0,0,0,41,12.348004659719614,5.747518756358087,9.0,0.414387031408308,409,987,7.679074827405062
254,16.347430830039528,29.523809523809526,4.896774193548387,3743,11.709999999999997,10.48441495601173,108.0,14.376070381231674,42.188196480938444,16.11143695014663,1.0,0.0,0.0,0.0,20.666666666666668,0.2532258064516129,63,39.0,30,0,0,1,0,1,0,0,21,14.811377253095038,7.281668621700879,15.0,0.4338709677419355,269,620,7.365864346476432
255,11.096991629739044,19.647058823529413,4.652694610778443,3890,9.773472429210134,8.669012468951813,112.0,9.960864381520121,59.864028812717365,12.186984600099354,1.0,0.0,0.0,0.0,10.333333333333334,0.21706586826347304,62,28.303030303030305,32,0,0,1,0,3,0,0,34,11.911945987284739,5.397803278688524,9.0,0.4655688622754491,311,668,7.422772639790926
256,11.370203807390816,21.09090909090909,4.80316091954023,4231,10.779772079772076,11.143207842255212,154.0,10.104765332133756,55.520107962213245,11.890898185635027,1.0,0.0,0.0,0.0,12.8,0.2859195402298851,45,25.842105263157894,47,0,0,1,0,1,0,0,33,11.920831013317361,6.249202579097316,10.0,0.4540229885057471,316,696,7.463642804093831
257,14.510120663650078,23.236842105263158,5.050962627406569,5523,12.649600000000003,10.668314798534798,216.0,12.889600000000002,42.61136410256415,15.785787545787546,1.0,0.0,0.0,0.0,22.666666666666668,0.29218573046432617,52,30.53846153846154,57,0,0,1,6,0,0,0,38,14.591154219164945,6.675832967032967,14.0,0.5062287655719139,447,883,7.927748846607531
258,13.623781512605042,27.476190476190474,4.823223570190641,3524,10.81753794266442,10.697649436762227,120.0,12.504982124789205,47.65599595278249,14.816836424957842,0.0,0.0,0.0,0.0,21.666666666666668,0.2530329289428076,51,33.12,26,0,0,1,0,0,0,0,21,13.538219098175407,6.605442428330523,10.0,0.4800693240901213,277,577,7.283854958645796
259,10.998766016164005,24.818181818181817,4.333333333333333,4536,8.85962264150944,9.361530122476001,126.0,9.46027970870573,64.49975422045684,12.041377027474347,1.0,0.0,0.0,0.0,15.5,0.18315018315018314,108,29.57894736842105,63,0,0,1,0,1,0,0,33,11.4696683732869,5.530503641178418,8.0,0.463980463980464,380,819,7.77442839950116
260,12.596774668630339,24.457142857142856,4.897196261682243,5268,11.282217090069285,10.89497843396019,205.0,11.691151435169914,47.96763664357198,14.390806114593644,0.0,0.0,0.0,0.0,12.4,0.2616822429906542,58,28.714285714285715,44,0,0,1,4,0,0,1,35,13.5591,6.38785615308479,10.0,0.48014018691588783,411,856,7.85186237080562
261,8.61913451135954,17.930232558139537,4.36964980544747,4341,8.338501971090668,8.983632037912042,138.0,8.106809628987616,65.77961333072388,10.73415159224984,0.0,0.0,0.0,0.0,12.6,0.1815823605706874,42,23.02127659574468,55,0,0,1,2,1,0,2,43,11.034380083051413,4.97535085413929,7.0,0.46173800259403375,356,771,7.658941758891043
262,13.68520401337792,31.363636363636363,4.368115942028986,1947,9.248837209302327,10.64073649373882,67.0,12.086976744186046,55.53584078711988,13.840429338103759,0.0,0.0,0.0,0.0,14.25,0.2028985507246377,68,38.15384615384615,16,0,0,1,0,0,0,0,11,12.230961643895458,6.6200769230769225,13.0,0.5130434782608696,177,345,6.716688739825629
263,14.242097868981844,30.5,4.572677595628416,5296,10.34448160535117,9.959773017996497,176.0,12.045945532728144,54.34641471571908,14.443178850135372,1.0,1.0,0.0,0.0,14.75,0.19672131147540983,68,35.142857142857146,61,0,0,1,2,0,0,0,30,13.25671669890799,6.360543844561237,13.0,0.4972677595628415,455,915,7.879787092579055
264,13.23418635875403,30.625,4.431632653061224,5514,9.019427402862984,9.207669045312668,148.0,11.411376601011735,59.08879237972232,13.239522118178883,1.0,0.0,0.0,1.0,14.75,0.1653061224489796,129,36.1578947368421,64,0,0,1,0,2,0,0,32,12.017980161545424,6.015542998600797,12.0,0.45510204081632655,446,980,7.95750681683652
265,9.825062252405203,19.166666666666668,4.662608695652174,3390,10.207168458781364,9.486682720241465,97.0,7.984870779098284,63.96923599320884,10.53318241841162,1.0,0.0,0.0,0.0,7.25,0.24347826086956523,63,20.55263157894737,40,0,0,1,2,1,0,0,30,11.313756151347437,4.959294472740993,9.0,0.5060869565217392,291,575,7.512382143870807
266,16.00265657839428,30.923076923076923,4.599502487562189,4625,10.506565656565659,10.673756565656566,175.0,13.38611111111111,51.33666666666667,16.177777777777777,0.0,0.0,0.0,0.0,15.75,0.21766169154228857,97,40.55555555555556,49,0,0,1,0,0,0,0,26,14.012788202483975,7.125,15.0,0.5236318407960199,421,804,7.800229471568713
267,13.161925133689842,23.806451612903224,4.911924119241192,4503,11.39516129032258,10.791676533839341,160.0,11.040623023402912,54.881669829222005,14.236812144212525,1.0,0.0,0.0,0.0,17.5,0.24254742547425473,45,29.441176470588236,35,0,0,1,2,0,0,0,31,13.357759606856668,6.23623972169513,10.0,0.481029810298103,355,738,7.614710572940617
268,15.89538919925512,32.74074074074074,4.951357466063349,5453,12.162500000000001,11.023962121212122,225.0,14.279999999999998,40.17833333333337,16.803030303030305,0.0,0.0,0.0,0.0,13.4,0.2737556561085973,141,36.78787878787879,55,0,0,1,2,0,0,0,27,15.062637766997835,7.345136363636364,14.0,0.5214932126696833,461,884,7.929970978499524
269,14.603287935863996,25.31578947368421,4.958419958419959,3035,11.786206896551729,11.39876894619917,115.0,12.306890756302522,48.64196078431377,15.151125277697288,0.0,0.0,0.0,0.0,13.2,0.26403326403326405,42,31.714285714285715,40,0,0,1,2,0,0,0,19,14.20933149577661,6.748331498116487,11.0,0.5135135135135135,247,481,7.255094844678184
270,13.2476499640374,25.605263157894736,4.746145940390544,5795,10.786142709410548,10.107786751160386,211.0,12.399699862918162,46.21716168442322,15.117375724489552,0.0,0.0,0.0,0.0,21.333333333333332,0.24357656731757452,62,31.209302325581394,80,0,0,1,0,0,0,2,38,14.420956460546307,6.464462326543373,10.0,0.45837615621788286,446,973,7.888792020397098
271,12.040569252736795,28.08823529411765,4.598952879581152,5547,9.809243697478994,9.436711955691369,165.0,10.052383498854088,61.52871275783042,11.805805958747136,0.0,0.0,0.0,0.0,6.25,0.20418848167539266,89,30.545454545454547,65,0,0,1,0,0,0,0,34,11.344700141305452,5.777752482811305,9.0,0.4293193717277487,410,955,7.613408507513408
272,12.979992267543018,23.125,4.818918918918919,4485,11.204070556309365,10.80839697228145,184.0,12.091485171544878,45.877739484396216,14.610102733087809,0.0,0.0,0.0,0.0,7.7142857142857135,0.2581081081081081,54,29.0,60,0,0,1,2,2,0,0,32,13.925175675911131,6.5735930994378755,10.0,0.5297297297297298,392,740,7.797208505776009
273,13.633134896551724,28.318181818181817,4.959871589085072,3872,12.160912052117265,11.244387880489723,163.0,12.82717623273054,40.80851791530944,15.765382455352132,1.0,0.0,0.0,0.0,13.2,0.27447833065810595,57,29.310344827586206,35,0,0,1,12,1,0,0,22,14.749914263119905,6.779684937661463,12.0,0.5024077046548957,313,623,7.521126846420483
274,10.48202409225571,23.763157894736842,4.353266888150609,5058,9.191213872832371,9.204206555159267,129.0,8.817023736317797,64.62890050424302,11.338580740376338,0.0,0.0,0.0,0.0,15.0,0.19269102990033224,50,25.893617021276597,63,0,0,1,0,0,0,3,38,11.420227698367594,5.233537572254335,8.0,0.43078626799557035,389,903,7.6696597733404746
275,10.595766806722693,19.645833333333332,4.582184517497349,5506,9.623603793466806,9.220068168598525,157.0,9.829270600632245,58.397065015806135,11.891262381454164,1.0,1.0,0.0,0.0,13.6,0.20996818663838812,45,26.38,39,0,0,1,14,5,0,2,48,11.792908689023552,5.409173677555321,9.0,0.41993637327677624,396,943,7.594838618889571
276,15.004486877259154,26.22222222222222,4.7740112994350286,4232,11.251788268955654,10.52276342393896,157.0,13.346151645207442,45.48824988078209,15.791893180734384,1.0,0.0,0.0,0.0,17.0,0.24293785310734464,52,35.81481481481482,44,0,0,1,2,0,0,1,27,14.232682905230785,6.999204577968527,10.0,0.4830508474576271,342,708,7.632812370154302
277,10.590598290598287,23.682926829268293,4.3450051493305875,5327,8.44947807933194,8.730581289723961,152.0,9.956925539318025,61.59420992809093,12.189877058687081,0.0,0.0,0.0,0.0,21.333333333333332,0.18949536560247168,63,30.488888888888887,40,0,0,1,0,0,0,1,41,12.181795252428046,5.546370076548364,8.0,0.41503604531410915,403,971,7.605845633101897
278,12.102930402930404,23.236842105263158,4.746319365798414,5235,10.828308400460301,10.150181451038414,220.0,11.353854183790897,50.51310797851937,13.799780809907393,1.0,0.0,0.0,0.0,21.0,0.24235560588901472,56,28.452380952380953,50,0,0,1,0,2,0,0,38,13.409020233153562,6.141397419036659,10.0,0.5855039637599094,517,883,8.228115451315485
279,13.671159867172676,26.17241379310345,4.787878787878788,4564,11.648247978436654,10.485914713810052,148.0,11.623063263041068,50.601098779134304,13.635072142064374,1.0,0.0,0.0,0.0,12.6,0.25559947299077734,62,29.735294117647058,36,0,0,1,4,1,0,1,29,12.827911418992354,6.442802283177421,11.0,0.4426877470355731,336,759,7.620918242288758
280,16.147454505510602,32.74074074074074,4.719457013574661,5266,11.225570776255712,11.292814611872146,201.0,13.965804978641923,45.26539328325234,16.919664162615998,1.0,0.0,0.0,0.0,20.333333333333332,0.2319004524886878,79,38.70967741935484,47,0,0,1,0,1,0,1,27,14.872659071994288,7.248272941523052,10.0,0.4796380090497738,424,884,7.7966339695578935
281,14.859130434782607,34.705882352941174,4.744067796610169,3515,10.97918088737201,11.07071661967651,134.0,13.194303309096309,45.84555497848345,16.26638967205817,0.0,0.0,0.0,0.0,12.6,0.2593220338983051,68,35.08695652173913,35,0,0,1,2,0,0,0,17,14.678114977759865,6.955666864519959,10.0,0.5050847457627119,298,590,7.5204474251483076
282,11.05302275249722,20.959183673469386,4.575462512171373,5986,9.999209486166006,9.950931023939145,204.0,9.789994033857859,58.88230852412559,12.420344544708778,1.0,0.0,0.0,0.0,12.0,0.21616358325219084,50,26.132075471698112,68,0,0,1,0,3,0,2,49,12.041647472683113,5.732290029084943,11.0,0.4780915287244401,491,1027,8.105275721829866
283,9.698561438561438,18.133333333333333,4.582720588235294,3359,8.95524475524476,10.823836483516484,102.0,8.483714285714289,63.34700000000002,11.711968031968032,0.0,0.0,0.0,0.0,13.0,0.24448529411764705,33,23.02857142857143,53,0,0,1,24,0,0,0,30,11.765960540728905,5.278307892107891,8.0,0.47058823529411764,256,544,7.1975689113482755
284,14.16071750787301,42.888888888888886,4.664507772020725,4525,10.770860927152317,10.093890728476822,171.0,12.725870540482806,47.20305063020723,15.51676992095706,0.0,0.0,0.0,0.0,14.25,0.22150259067357514,89,34.225806451612904,39,0,0,1,2,0,0,2,18,14.554592549557764,6.562568681905576,13.0,0.49352331606217614,381,772,7.70512219414987
285,12.19954887218045,26.82857142857143,4.537806176783812,5396,9.781661272923408,9.739074572353214,151.0,10.125947757743877,61.776189320388355,12.712066574202497,1.0,0.0,0.0,0.0,12.0,0.2268370607028754,131,31.023809523809526,46,0,0,1,0,0,0,4,35,11.944058876818428,5.927123208506703,11.0,0.45154419595314166,424,939,7.768178928316056
286,12.777581034482758,21.75,4.788793103448276,4253,10.209141274238227,9.895004432132964,136.0,12.184167243767316,47.89445031163436,14.56516620498615,1.0,1.0,0.0,0.0,10.166666666666666,0.21839080459770116,51,31.90625,44,0,0,1,2,1,0,1,32,13.427899808715576,6.2596476800554015,9.0,0.39511494252873564,275,696,7.302789211062478
287,15.320155134203397,29.25925925925926,4.903797468354431,4813,11.87084398976982,10.925052941176471,162.0,13.200494183648214,45.35152256414489,15.716921046118308,0.0,0.0,0.0,0.0,20.666666666666668,0.25949367088607594,75,34.096774193548384,58,0,0,1,2,0,0,2,27,14.13214803811345,7.035224898935731,10.0,0.4620253164556962,365,790,7.566035051719947
288,10.910703703703703,19.658536585365855,4.80893300248139,4866,10.766459627329194,9.7809099378882,142.0,9.587298136645963,57.495854037267094,11.720496894409939,0.0,0.0,0.0,0.0,10.833333333333334,0.24441687344913152,44,23.97826086956522,41,0,0,1,4,0,0,0,41,11.801093677801319,5.443145962732919,9.0,0.4267990074441687,344,806,7.4955944114549835
289,17.212209753394298,34.869565217391305,4.84788029925187,4874,11.92477987421384,11.15474318658281,168.0,14.788176100628935,41.48247379454929,17.463312368972748,1.0,0.0,0.0,0.0,33.5,0.2518703241895262,72,40.55555555555556,40,0,0,1,8,0,0,0,23,15.172626615295595,7.651798742138364,14.0,0.44139650872817954,354,802,7.50715700034332
290,11.84200962325962,23.96969696969697,4.587863463969659,4602,10.016815286624201,10.220352986744707,166.0,10.64738164916509,56.51455327939405,12.562919607505595,1.0,0.0,0.0,0.0,12.4,0.2111251580278129,67,29.513513513513512,45,0,0,1,2,1,0,0,33,12.038846106128705,6.098257187123428,11.0,0.5120101137800253,405,791,7.861758588923078
291,17.158761329305136,28.823529411764707,5.0744897959183675,6176,12.805714285714284,10.584024489795919,209.0,14.57122448979592,40.46520408163269,17.89387755102041,0.0,0.0,0.0,0.0,22.666666666666668,0.29081632653061223,49,39.02857142857143,75,0,0,1,0,0,0,0,34,15.682294732816025,7.366999999999999,14.0,0.42142857142857143,413,980,7.554739191155532
292,12.958269230769233,29.029411764705884,4.444782168186424,5623,9.33448626653103,10.348990701932859,206.0,11.388146236012211,57.1859833418108,13.817792472024417,1.0,0.0,0.0,0.0,21.0,0.19959473150962512,60,35.125,68,0,0,1,2,1,0,2,34,12.47254060022859,6.351277441505594,11.0,0.48632218844984804,480,987,7.887523469709636
293,9.701846357226792,19.31111111111111,4.407364787111622,4877,8.923674911660783,9.014600942285043,150.0,8.806593786808012,63.427063825088354,11.739310954063605,1.0,0.0,0.0,0.0,15.25,0.18411967779056387,44,25.041666666666668,39,0,0,1,6,4,0,5,45,11.658455302424677,5.176518183156654,8.0,0.4361334867663982,379,869,7.585747166874337
294,15.478665724756063,30.26923076923077,4.794155019059721,4673,11.226957637997437,10.05652229206321,156.0,13.442047718117838,46.53405648267011,16.18770306759329,1.0,0.0,0.0,0.0,20.0,0.22490470139771285,51,36.37931034482759,52,0,0,1,0,0,0,0,26,14.305641273022982,6.823470851223938,10.0,0.4599745870393901,362,787,7.705099296205772
295,13.655331241283129,25.57894736842105,4.771604938271605,5776,11.284873949579836,10.333707843137256,205.0,11.830042016806726,50.618879551820754,14.86498599439776,1.0,0.0,0.0,0.0,16.25,0.24382716049382716,73,31.38095238095238,57,0,0,1,2,2,0,0,38,13.707050652182112,6.428907563025209,13.0,0.46296296296296297,450,972,7.9464091747919
296,10.047260127931768,23.023809523809526,4.199586349534643,5264,8.168589743589745,9.377813247863248,170.0,9.601538461538464,60.955961538461565,11.945299145299145,0.0,0.0,0.0,0.0,15.75,0.1778697001034126,69,28.333333333333332,74,0,0,1,0,3,0,0,42,11.81641974633143,5.554739316239315,8.0,0.4343329886246122,420,967,7.717682276479307
297,13.282542323409224,25.02173913043478,4.7280625543006085,6850,10.917295873573309,10.733065642376353,243.0,11.892256365232658,49.57913374304948,14.79812701199883,1.0,0.0,0.0,0.0,22.0,0.2215464813205908,51,30.686274509803923,74,0,0,1,6,1,0,0,46,13.891252337761088,6.502310798946445,10.0,0.4622067767158992,532,1151,8.017968579783753
298,15.373722826086954,29.916666666666668,4.4805013927576605,4189,9.589115646258506,10.873665170068026,128.0,12.652870748299318,56.712367346938805,14.916462585034015,0.0,0.0,0.0,0.0,19.0,0.19080779944289694,76,40.88,48,0,0,1,12,0,0,0,24,12.411214026448931,6.868209523809524,9.0,0.4596100278551532,330,718,7.4938117742777814
299,12.14766302078985,22.0,4.69237012987013,7277,10.267045454545457,10.265275335871026,249.0,10.805988580385137,55.42224025974028,13.139408866995076,0.0,0.0,0.0,0.0,12.8,0.23214285714285715,53,29.362068965517242,69,0,0,1,2,0,0,0,56,12.377204596115341,6.165527989252126,9.0,0.42613636363636365,525,1232,8.055243067906549
300,12.136195121951218,24.093023255813954,4.684362934362935,6109,10.674313725490197,10.608290980392157,200.0,10.702274509803921,54.66723529411766,12.316862745098039,0.0,0.0,0.0,0.0,20.666666666666668,0.22104247104247104,57,27.82,57,0,0,1,0,0,0,0,43,11.67915571911669,6.28696862745098,10.0,0.4333976833976834,449,1036,7.816142433252966
301,15.454723382045934,32.06666666666667,4.494802494802495,5421,9.503347280334726,9.809053138075313,169.0,13.440329497907953,51.912711820083686,15.715690376569038,0.0,0.0,0.0,0.0,31.5,0.20270270270270271,85,42.59375,65,3,0,1,0,0,0,0,30,13.227904075235838,6.949492154811715,9.0,0.45322245322245325,436,962,7.759371142100715
302,10.970942787583688,19.346938775510203,4.675105485232067,5598,10.434482758620685,10.23905197625244,203.0,9.460015452179572,58.42520901106053,11.35722186076773,0.0,0.0,0.0,0.0,13.6,0.22679324894514769,56,24.28301886792453,66,0,0,1,6,1,0,7,49,11.760866549993395,5.624640533506831,9.0,0.49156118143459915,466,948,8.069937995253563
303,13.45733022748258,23.09375,4.809201623815968,4392,11.581994459833798,10.473446881557962,150.0,11.770428103752206,49.642988751783776,14.125476370351718,1.0,0.0,0.0,0.0,17.0,0.2476319350473613,42,29.636363636363637,31,0,0,1,0,0,0,0,32,13.270656990019738,6.413382775119617,10.0,0.476319350473613,352,739,7.633606046972044
304,10.455485985533457,17.82857142857143,4.733974358974359,3698,10.064873417721522,9.728843146473778,128.0,9.936462929475589,55.98484810126584,12.729186256781194,0.0,0.0,0.0,0.0,10.666666666666666,0.22916666666666666,34,24.885714285714286,29,0,0,1,4,0,0,0,35,12.491233731153383,5.6303103074141045,9.0,0.5032051282051282,314,624,7.425132771246667
305,8.13028778093516,16.1875,4.428571428571429,4395,8.023544303797468,8.533578532678895,101.0,7.128134848876261,72.6732459312839,9.233789718419013,1.0,0.0,0.0,0.0,20.0,0.17503217503217502,60,22.632653061224488,46,0,0,1,0,2,0,0,48,9.450634623807733,4.570999483337639,8.0,0.4041184041184041,314,777,7.426049368549576
306,11.469554655870446,21.085714285714285,4.670731707317073,4382,9.983535762483132,9.845724291497977,142.0,9.882206477732797,58.94371457489879,12.280431848852903,1.0,0.0,0.0,0.0,11.833333333333334,0.2222222222222222,58,27.657894736842106,59,0,0,1,30,0,0,3,35,12.161744961471694,5.6195391363022935,9.0,0.4959349593495935,366,738,7.693710371798277
307,10.687575631993376,19.92105263157895,4.57331571994716,4335,9.250131233595805,9.210624962011327,135.0,10.255723166183177,57.250082884376326,12.797955518718055,1.0,0.0,0.0,0.0,9.0,0.2311756935270806,49,28.894736842105264,42,0,0,1,0,0,0,1,38,12.6252548312434,5.5624840447575625,8.0,0.47688243064729197,361,757,7.628182031573676
308,10.207335674243826,18.951219512195124,4.574002574002574,4454,9.505821474773612,9.553968687242037,137.0,9.112307336906301,62.51276951272101,11.087648617014723,0.0,0.0,0.0,0.0,12.4,0.1969111969111969,42,25.523809523809526,42,0,0,1,0,1,0,0,41,11.445115572375993,5.336529384586953,9.0,0.5212355212355212,405,777,7.864663906638058
309,10.342157894736843,20.44736842105263,4.407979407979408,4341,8.434102564102567,9.148682186234819,122.0,9.162186234817813,65.93386639676115,11.800269905533064,1.0,0.0,0.0,0.0,12.6,0.18146718146718147,46,28.763157894736842,57,0,0,1,2,0,0,1,38,11.154815659186117,5.519364372469635,8.0,0.4697554697554698,365,777,7.527362160297689
310,10.440339181286554,21.07894736842105,4.337078651685394,4457,8.18098765432099,10.05456562703054,150.0,9.388836907082524,65.71502923976611,11.53866146848603,1.0,0.0,0.0,0.0,12.0,0.1822721598002497,48,30.81578947368421,54,0,0,1,2,1,0,2,38,10.882677951670543,5.670699155295646,9.0,0.5056179775280899,405,801,7.703120291844344
311,11.738884824358486,22.103448275862068,4.599063962558502,3650,9.598751950078,9.708774872236269,110.0,10.721140459411483,57.565990639625596,12.835139060734845,1.0,0.0,0.0,0.0,16.25,0.1981279251170047,36,30.896551724137932,22,0,0,1,0,0,0,1,29,12.25470773602088,6.088815536069719,9.0,0.4290171606864275,275,641,7.232910622335507
312,7.1596499903044375,13.625,4.4102228047182175,4253,7.737172774869112,8.699098933488463,123.0,7.380657358929611,67.34635737832076,9.690672871824706,1.0,0.0,0.0,0.0,5.888888888888889,0.1874180865006553,32,20.314814814814813,55,0,0,1,0,0,0,0,56,10.785664104667894,4.51111401977894,7.0,0.46788990825688076,357,763,7.616368276027773
313,11.671124057799283,19.897435897435898,4.725515463917525,4603,10.40411311053985,10.329028389690857,155.0,11.027532133676093,51.53152428976338,13.583600290027025,0.0,0.0,0.0,0.0,15.75,0.211340206185567,42,27.564102564102566,49,0,0,1,2,1,0,0,39,13.274406872562384,6.0394298991496935,10.0,0.4845360824742268,376,776,7.646370901143213
314,13.401305188382338,20.424242424242426,5.060830860534125,4196,12.344510385756678,11.349750139375956,142.0,11.581092527650394,48.40973518568475,14.223109432604984,0.0,0.0,0.0,0.0,10.833333333333334,0.28486646884273,41,27.606060606060606,39,0,0,1,2,0,0,1,33,13.415889542462171,6.347304828702455,10.0,0.46735905044510384,315,674,7.555692277951446
315,10.711603498542274,20.575757575757574,4.59941089837997,3939,9.474635568513122,9.99475329446064,135.0,9.805603498542276,59.67102915451896,11.630087463556853,1.0,0.0,0.0,0.0,16.0,0.21207658321060383,46,27.428571428571427,37,0,0,1,2,1,0,0,33,11.32274534258104,5.834086880466472,9.0,0.4992636229749632,339,679,7.604082175308804
316,11.22203869047619,18.77777777777778,4.804733727810651,3998,10.664880952380951,9.590729761904761,120.0,10.303095238095239,54.441904761904794,13.538095238095238,1.0,0.0,0.0,0.0,14.6,0.23076923076923078,35,25.75,35,0,0,1,0,0,0,0,36,13.295006501635747,5.467428571428572,9.0,0.4526627218934911,306,676,7.437844244290198
317,11.36638095238095,22.071428571428573,4.4207119741100325,1755,8.791111111111114,10.116087301587301,58.0,10.566587301587301,59.38035714285715,12.301587301587302,0.0,0.0,0.0,0.0,11.4,0.20064724919093851,33,32.714285714285715,15,0,0,1,0,0,0,0,14,11.629938488055164,6.0045158730158725,10.0,0.5436893203883495,168,309,6.701746325184542
318,12.204120879120879,20.714285714285715,4.813793103448276,3464,10.662905982905983,10.448956654456655,110.0,11.861804029304029,47.231826923076966,14.305860805860807,0.0,0.0,0.0,0.0,14.4,0.24310344827586206,41,28.928571428571427,29,0,0,1,6,1,1,0,28,13.427899808715576,6.2546364468864475,10.0,0.4844827586206897,281,580,7.522329332479184
319,10.329032258064515,15.35483870967742,4.878151260504202,2859,11.301505376344085,10.051317204301075,115.0,9.26688172043011,55.340322580645164,10.731182795698926,0.0,0.0,0.0,0.0,7.571428571428571,0.22268907563025211,27,20.193548387096776,14,0,0,1,2,1,0,0,31,11.46468446583662,5.32131182795699,10.0,0.5945378151260504,283,476,7.569723331717222
320,10.085302374393287,18.434782608695652,4.550707547169812,4821,9.1827626918536,9.491640663780665,133.0,9.192933490751674,62.67826026498756,11.023576019939657,1.0,0.0,0.0,0.0,13.4,0.1957547169811321,48,26.4,40,1,0,1,0,1,0,0,46,11.117871787118885,5.290099803227076,8.0,0.4540094339622642,385,848,7.726019085844544
321,10.34861897163698,18.073170731707318,4.673414304993252,4349,9.628304405874502,10.065945100784786,147.0,9.778158845940933,57.495887199192424,12.754580090527208,1.0,0.0,0.0,0.0,12.4,0.22402159244264508,50,25.78048780487805,54,0,0,1,0,2,0,1,41,12.654987168209761,5.49306691849295,9.0,0.5020242914979757,372,741,7.7810555285468395
322,8.776768398268395,16.416666666666668,4.383248730964467,4396,8.786233766233764,9.579296536796537,149.0,8.47352272727273,62.88361742424243,10.676406926406926,1.0,0.0,0.0,0.0,12.4,0.17766497461928935,45,22.166666666666668,37,0,0,1,2,0,0,0,48,11.20814326018867,5.178277597402598,8.0,0.467005076142132,368,788,7.651411659308459
323,12.109719185827366,24.06451612903226,4.71313672922252,4412,10.134564643799472,10.189282676215605,142.0,11.412486241990202,51.81447757255938,14.150983791933662,1.0,1.0,0.0,0.0,15.5,0.22788203753351208,55,29.857142857142858,39,0,0,1,0,0,0,0,31,13.210576975126212,6.139095137580098,9.0,0.4651474530831099,347,746,7.536851551566726
324,10.207690026362041,18.7,4.693404634581105,3316,9.761687170474517,9.846534358523726,97.0,9.57350999560633,58.095642849297036,12.666102811950791,1.0,1.0,0.0,0.0,8.142857142857142,0.24064171122994651,42,24.4375,32,0,0,1,0,0,0,1,30,12.972196644984237,5.537720397627417,9.0,0.48128342245989303,270,561,7.3927587359004985
325,14.28986647361647,28.047619047619047,4.475382003395586,3309,9.201013513513516,9.942450321750322,103.0,12.267123552123554,57.32369369369374,14.181595881595882,1.0,0.0,0.0,0.0,15.75,0.21222410865874364,69,40.04761904761905,35,0,0,1,0,0,0,0,21,11.765960540728905,6.934803088803088,11.0,0.44991511035653653,265,589,7.238782366302064
326,9.997426890756305,16.384615384615383,4.856807511737089,2575,10.663058823529411,10.742510084033613,98.0,9.348466386554623,55.07345588235296,11.90672268907563,1.0,0.0,0.0,0.0,7.857142857142858,0.24413145539906103,34,20.75,21,0,0,1,6,0,0,0,26,11.833174476933202,5.549060924369748,9.0,0.5586854460093896,238,426,7.258487535089938
327,12.173634268956853,22.096774193548388,4.830656934306569,4136,11.085630498533725,9.997522220360285,133.0,11.058988688730626,50.48134017595311,14.128596564725598,0.0,0.0,0.0,0.0,10.666666666666666,0.24087591240875914,65,27.257142857142856,46,0,0,1,4,1,0,0,31,13.529257306502629,6.020210054461668,10.0,0.42773722627737226,293,685,7.355594783441258
328,10.34842074363992,20.25,4.414266117969822,4038,8.475616438356163,9.278233463796479,119.0,9.242093933463796,65.95020547945208,11.520939334637966,1.0,0.0,0.0,0.0,11.2,0.18381344307270234,44,29.2,30,1,0,1,0,1,0,0,36,11.091891972668883,5.523418786692758,8.0,0.4540466392318244,331,729,7.631462526106685
329,15.219902485519462,25.695652173913043,4.944162436548224,3586,11.824662162162163,10.247620329024677,102.0,13.503666274970623,44.0922150411281,15.363219741480613,1.0,0.0,0.0,0.0,16.0,0.26057529610829105,52,35.43478260869565,28,0,0,1,0,1,0,0,23,14.554592549557764,6.95233901292597,14.0,0.43485617597292725,257,591,7.338060371121944
330,8.2963523573201,14.410714285714286,4.431226765799257,4569,8.327860696517416,8.488367432070417,116.0,7.083283582089553,71.81765786452354,8.87118254879449,0.0,0.0,0.0,0.0,12.8,0.17100371747211895,54,22.076923076923077,80,1,0,1,0,1,0,0,56,10.08076165802769,4.463106773823192,7.0,0.45724907063197023,369,807,7.666155232402006
331,15.412917293233086,26.56,4.837349397590361,3988,11.345864661654137,9.63349909774436,114.0,13.096180451127818,48.54697744360905,15.331729323308274,1.0,1.0,0.0,0.0,15.75,0.23644578313253012,42,36.08,44,0,0,1,0,1,0,0,25,14.323750722554948,6.464787969924812,14.0,0.46987951807228917,312,664,7.494268420384357
332,9.165412720800589,17.047619047619047,4.4804469273743015,4043,8.787870239774335,8.994768439787762,109.0,8.86832460205521,61.54794193700047,11.378615084962053,1.0,0.0,0.0,0.0,4.8,0.17737430167597765,36,23.928571428571427,56,1,0,1,2,1,0,0,42,11.39826440760492,5.050808079790448,8.0,0.42877094972067037,307,716,7.4917356204413705
333,11.791674393447693,19.916666666666668,4.704323570432357,4265,10.394993045897081,10.84210135991346,153.0,11.039778627723692,51.485586655849204,13.107108638541185,1.0,0.0,0.0,0.0,16.25,0.21478382147838215,36,27.72222222222222,59,0,0,1,6,0,0,2,36,12.554650470220118,6.226710593416781,10.0,0.47280334728033474,339,717,7.5829073089570045
334,10.085200022071398,20.428571428571427,4.388111888111888,4754,8.231054461181923,8.77240582133201,115.0,9.077569111074325,66.57847141753577,10.953694200739392,1.0,0.0,0.0,0.0,11.8,0.175990675990676,43,29.047619047619047,56,0,0,1,0,0,0,1,42,10.813802987103665,5.250930392319152,8.0,0.4289044289044289,368,858,7.657904541326079
335,13.09824519877347,22.103448275862068,4.8330733229329175,3835,11.04648985959438,10.22607596427995,120.0,10.978862768303838,55.718252730109214,13.022346549034376,1.0,0.0,0.0,0.0,12.6,0.24336973478939158,45,30.275862068965516,41,0,0,1,0,0,0,2,29,12.316160334307536,6.061982462746785,12.0,0.46177847113884557,296,641,7.407854186806103
336,10.108369328246354,17.51219512195122,4.6754874651810585,4182,9.94162011173184,9.08972447199891,108.0,9.34922332742881,59.13756710723533,11.622237362038426,1.0,1.0,0.0,0.0,15.75,0.21866295264623956,31,25.121951219512194,30,0,0,1,0,0,0,0,41,11.686600261858441,5.307207385202343,9.0,0.38997214484679665,280,718,7.291954316137539
337,10.502049340749899,16.541666666666668,4.789672544080605,4856,10.563885429638859,10.542368783727689,152.0,10.037737391033627,52.893501063719384,12.270745122457454,0.0,0.0,0.0,0.0,12.0,0.24055415617128464,43,22.916666666666668,55,0,0,1,0,0,0,0,48,12.709666756460706,5.479008016811955,10.0,0.43828715365239296,348,794,7.565428068826036
338,15.905257903494174,27.5,5.082644628099174,3769,12.924666666666663,10.981966666666667,133.0,13.531666666666666,42.57500000000002,16.133333333333336,0.0,0.0,0.0,0.0,23.333333333333332,0.31074380165289256,49,33.916666666666664,30,0,0,1,2,0,0,0,22,15.359359093739592,6.987,15.0,0.46115702479338844,279,605,7.395687472005523
339,9.769867556503492,20.11764705882353,4.662280701754386,4103,9.255007052186176,9.794668413086105,125.0,8.66275000860023,63.755141215728116,11.374054835047644,1.0,0.0,0.0,0.0,8.666666666666666,0.20760233918128654,43,24.29268292682927,58,0,0,1,4,0,0,0,34,11.158729688026046,5.3029382503698095,8.0,0.39473684210526316,270,684,7.082381068145968
340,12.61844435040203,21.393939393939394,4.779036827195467,4210,11.26791366906475,10.262080194667796,132.0,10.888533643673298,53.405191493863754,13.068556919170547,1.0,0.0,0.0,0.0,13.0,0.24929178470254956,41,28.0,32,0,0,1,4,1,0,0,33,12.475108537778855,6.121781421921286,12.0,0.45325779036827196,320,706,7.570116152948593
341,10.944867537500421,21.7027027027027,4.414694894146949,4491,8.58417799752781,9.268673440684195,120.0,10.075739818928941,61.76824374436244,12.256452744462633,1.0,1.0,0.0,0.0,12.8,0.18679950186799502,38,31.7027027027027,46,0,0,1,0,2,0,1,37,11.989209251354971,5.622811211706143,8.0,0.43337484433374845,348,803,7.590446343039324
342,9.958928571428572,18.264705882352942,4.584541062801932,3616,9.250636942675165,9.806561255686988,125.0,9.915676069153779,55.93032484076437,12.208989990900818,0.0,0.0,0.0,0.0,7.7142857142857135,0.21578099838969403,32,25.142857142857142,52,0,0,1,0,2,0,0,34,12.28987398476788,5.738051137397633,9.0,0.5040257648953301,313,621,7.537571278658371
343,9.920672769107647,17.638297872340427,4.647768395657419,4842,9.690996398559427,10.202896918767507,144.0,9.026864495798321,61.25413427871152,10.879241696678672,0.0,0.0,0.0,0.0,10.333333333333334,0.19662243667068757,32,23.625,46,0,0,1,0,0,0,0,47,10.820120047756994,5.670811449579832,9.0,0.4487334137515078,372,829,7.655005495544408
344,8.911964539007087,19.5,4.250712250712251,3780,7.410496453900706,9.244046099290781,90.0,8.517287234042552,68.87791666666668,10.670212765957446,0.0,0.0,0.0,0.0,12.2,0.1623931623931624,44,28.833333333333332,33,0,0,1,0,0,0,0,36,10.060670108328031,5.381242907801418,8.0,0.40883190883190884,287,702,7.204161839574048
345,11.459027777777777,21.5,4.542635658914729,3686,9.269753086419751,9.63005135802469,117.0,10.697888888888894,56.83600000000001,13.64,0.0,0.0,0.0,0.0,12.6,0.21705426356589147,47,30.4,47,0,0,1,0,0,0,0,30,13.187427743715652,5.848797530864198,9.0,0.4728682170542636,305,645,7.355584332001993
346,13.797178398058257,22.40625,4.958158995815899,4388,11.709292649098476,10.64518730929265,165.0,12.672915655339803,44.33471328883499,15.281570735090154,0.0,0.0,0.0,0.0,10.833333333333334,0.2649930264993027,47,31.25,41,0,0,1,2,0,0,0,32,14.145594635885772,6.616183642510402,10.0,0.4881450488145049,350,717,7.601788649140916
347,15.214412168058843,23.576923076923077,5.096247960848287,3862,12.798703403565643,11.97918634833562,142.0,13.516539708265807,40.422823525744946,17.012567011594566,0.0,0.0,0.0,0.0,16.0,0.2724306688417618,47,32.11538461538461,30,0,0,1,6,0,0,0,26,15.55451256086462,7.042412853758883,15.0,0.46818923327895595,287,613,7.458768105278476
348,7.502361898017,14.872340425531915,4.414878397711016,3941,7.877446808510637,8.754843971631205,121.0,7.461529255319153,67.72718750000001,9.789893617021278,0.0,0.0,0.0,0.0,12.6,0.17310443490701002,33,20.854166666666668,48,0,0,1,2,1,0,2,47,10.457984251712535,4.678731826241135,7.0,0.47782546494992845,334,699,7.618560320769721
349,13.222013274336284,22.6,4.827433628318584,2692,11.043362831858406,10.59137592920354,95.0,12.229309734513276,47.637592920353995,15.677168141592922,1.0,0.0,0.0,0.0,14.4,0.2588495575221239,47,30.85,25,0,0,1,0,0,0,0,20,14.76684894470576,6.327812389380531,10.0,0.5132743362831859,232,452,7.2376279546231785
350,7.880910097654279,16.162790697674417,4.283453237410072,3819,7.57200577200577,9.015650991644016,111.0,7.177888519748986,72.3055481727575,8.813033994429343,0.0,0.0,0.0,0.0,7.428571428571429,0.16258992805755396,39,23.13953488372093,48,1,0,1,0,1,0,0,43,9.411308987883311,4.823949461391321,6.0,0.5021582733812949,349,695,7.688476444564092
351,8.259358032751209,16.848484848484848,4.386690647482014,3069,7.885098743267509,8.584190571786085,69.0,8.682134813122246,62.87897285240197,10.988498993525923,1.0,0.0,0.0,0.0,16.75,0.20503597122302158,37,24.363636363636363,35,0,0,1,0,1,0,0,33,11.449361687318167,4.979052717480005,7.0,0.45863309352517984,255,556,7.227470133537371
352,9.51195263482392,18.153846153846153,4.478813559322034,3990,8.753323903818952,9.248091789069017,109.0,8.337142857142858,67.57772893772896,11.041946832045843,0.0,0.0,0.0,0.0,9.0,0.1765536723163842,46,25.17948717948718,46,0,0,1,0,0,0,0,39,10.944911242898293,5.012898705255141,8.0,0.4929378531073446,349,708,7.719723753642148
353,13.72471586424625,19.285714285714285,5.2481481481481485,3477,13.201104972375692,10.937649066035254,128.0,11.835461062878188,44.74904005524863,13.79765851091818,1.0,0.0,0.0,0.0,18.5,0.29814814814814816,39,25.535714285714285,34,0,0,1,4,0,0,2,28,13.314097422680085,6.503411273349119,12.0,0.5166666666666667,279,540,7.498250676937267
354,12.426651891252959,20.555555555555557,4.872972972972973,2244,10.980851063829789,10.38386548463357,75.0,11.511985815602838,49.732777777777784,13.781087470449174,0.0,0.0,0.0,0.0,22.0,0.25135135135135134,37,28.833333333333332,21,0,0,1,0,0,0,0,18,13.81666964889586,6.277418439716312,10.0,0.518918918918919,192,370,6.870745517183234
355,14.289571428571428,21.964285714285715,5.035772357723578,3902,12.05936507936508,11.19381746031746,130.0,12.196111111111112,47.69750000000002,14.523809523809526,0.0,1.0,0.0,0.0,17.0,0.26666666666666666,39,30.321428571428573,42,0,0,1,2,0,0,0,28,13.76200141494785,6.523246031746032,11.0,0.4975609756097561,306,615,7.651979239130116
356,10.819109667727112,19.3125,4.674217907227616,5432,9.602120890774128,9.969151785083069,163.0,9.690538838812305,60.57761808501239,11.63351891127607,1.0,0.0,0.0,0.0,10.666666666666666,0.22114347357065803,47,27.4375,46,0,0,1,2,0,0,0,48,11.29186615186298,5.679263984623541,9.0,0.4487594390507012,416,927,7.817875748708325
357,12.422453602620088,21.125,4.812130177514793,4058,10.715283842794761,10.240491193595343,128.0,10.852099254002912,55.49662049672489,12.663191411935955,1.0,0.0,0.0,0.0,15.5,0.23224852071005916,35,29.3125,29,0,0,1,0,0,0,0,32,12.329548375622789,6.181959834425037,9.0,0.4511834319526627,305,676,7.4138749203993966
358,12.609712100764732,24.666666666666668,4.903474903474904,3145,11.575438596491232,10.647972664567401,123.0,12.185701754385967,42.839848178137686,15.06579697106013,1.0,0.0,0.0,0.0,13.0,0.26833976833976836,46,27.692307692307693,26,0,0,1,10,1,0,0,21,14.44419872828201,6.320063802669065,12.0,0.4864864864864865,252,518,7.266726498183388
359,14.390643478260863,24.565217391304348,4.87787610619469,3421,11.05773913043478,11.000273913043479,129.0,13.142608695652175,45.36434782608697,16.191304347826087,0.0,0.0,0.0,0.0,12.8,0.27256637168141595,52,34.130434782608695,33,0,0,1,2,0,0,0,23,14.739383391665452,6.861739130434783,10.0,0.5238938053097345,296,565,7.535805078194216
360,10.55006817296455,17.676470588235293,4.760399334442596,3565,10.237417218543051,10.190526762758084,132.0,10.288566419945465,52.93958511881576,13.132372419166343,0.0,0.0,0.0,0.0,18.0,0.24792013311148087,41,24.941176470588236,36,0,0,1,2,0,0,1,34,13.07225225492931,5.807068562524348,9.0,0.46422628951747086,279,601,7.240107605384542
361,13.154398081534772,23.133333333333333,4.776657060518732,4088,10.628776978417267,10.03375371702638,132.0,11.560971223021586,53.43853117505998,13.986091127098323,0.0,0.0,0.0,0.0,15.0,0.2132564841498559,44,31.366666666666667,43,0,0,1,0,0,0,0,30,12.80148409080202,6.27096762589928,12.0,0.47406340057636887,329,694,7.622228910542712
362,11.863948649306401,21.035714285714285,4.629881154499151,3429,10.068824531516189,9.59893504502312,105.0,10.396633609150648,57.86357538330495,12.951302019956195,1.0,0.0,0.0,0.0,15.5,0.21052631578947367,50,29.535714285714285,41,0,0,1,0,0,0,1,28,12.540900571622839,5.714214711608664,9.0,0.48896434634974534,288,589,7.438710061500803
363,14.476665457184325,24.384615384615383,4.903785488958991,3832,11.451886792452829,10.336569037252056,138.0,12.744654088050314,47.258425253991305,15.193420416061924,1.0,0.0,0.0,0.0,16.75,0.250788643533123,46,33.69230769230769,39,0,0,1,2,0,0,1,26,13.81666964889586,6.776127237542331,10.0,0.48580441640378547,308,634,7.534107803497304
364,13.255246252676663,18.76,5.198294243070363,2979,13.068522483940043,10.919601875802998,124.0,12.237812419700216,40.5947143468951,15.609044967880084,0.0,0.0,0.0,0.0,11.333333333333334,0.3070362473347548,34,25.48,27,0,0,1,0,0,0,0,25,14.439760564264141,6.456177644539615,12.0,0.5245202558635395,246,469,7.320687213377552
365,10.59773541870316,18.0,4.675675675675675,3947,9.69853372434018,9.530777875529488,109.0,10.051999022482892,56.73688742261325,12.211208862821767,0.0,1.0,0.0,0.0,10.333333333333334,0.22972972972972974,34,26.333333333333332,35,0,0,1,2,2,0,0,37,12.060818386365153,5.477322091886608,9.0,0.43543543543543545,290,666,7.46038098874193
366,9.000432065400986,17.365853658536587,4.446629213483146,4036,8.337950138504159,9.321301243159246,95.0,8.43846969799338,65.9278565637457,10.589608810215527,0.0,1.0,0.0,0.0,14.75,0.19101123595505617,43,24.853658536585368,52,0,0,1,0,1,0,1,41,10.803931816700228,5.239704141612053,8.0,0.42134831460674155,300,712,7.370639283501403
367,12.5960040136464,22.636363636363637,4.6318607764390896,4377,10.019893899204245,10.068020922755405,143.0,11.86600192910538,50.68490193714334,14.126131339924445,1.0,1.0,0.0,0.0,10.833333333333334,0.20615796519410978,42,32.09090909090909,40,0,0,1,6,1,0,2,33,13.123314189856412,6.090875090426815,9.0,0.47523427041499333,355,747,7.687930567399223
368,10.35415978630403,19.448275862068964,4.524822695035461,3219,9.095070422535212,9.667447693054882,95.0,9.582423506556584,61.24654929577467,12.27110247693055,1.0,1.0,0.0,0.0,13.2,0.2074468085106383,35,27.482758620689655,25,0,0,1,0,0,0,2,29,12.25470773602088,5.43269742593492,9.0,0.46631205673758863,263,564,7.292585634622632
369,9.762175493679255,16.86842105263158,4.603744149765991,3721,9.503924646781794,9.599082929852102,112.0,8.360504420391639,64.97895046682642,10.535718416921425,1.0,0.0,0.0,0.0,9.0,0.18252730109204368,33,23.18421052631579,59,0,0,1,2,0,0,0,38,10.937864256303701,5.0792143683384285,8.0,0.5241809672386896,336,641,7.624534141354508
370,11.94556993312009,19.756756756756758,4.852257181942544,4389,11.205801104972377,10.295571299796453,157.0,11.251852282640304,48.32724193079386,12.924920034893866,0.0,0.0,0.0,0.0,10.5,0.22982216142270862,44,26.105263157894736,43,1,0,1,0,0,0,2,37,12.936686537176744,5.877354754289037,10.0,0.493844049247606,361,731,7.665802780044513
371,9.112107304460245,18.5,4.342342342342342,3628,7.9369532428355924,7.957936000861883,96.0,9.150655462184876,63.196235294117656,11.438379659556132,1.0,0.0,0.0,1.0,13.2,0.16516516516516516,41,27.62857142857143,35,0,0,1,0,0,0,0,36,11.491704259439757,4.975704546433958,8.0,0.43993993993993996,293,666,7.3573654064554495
372,9.934391244870042,18.651162790697676,4.531172069825437,4607,8.919754601226998,9.827010201169925,126.0,9.451185618490516,61.06052218576117,12.096732772150094,1.0,0.0,0.0,0.0,9.0,0.22693266832917705,40,27.023255813953487,44,0,0,1,0,2,0,2,43,12.266172071868077,5.421380510771865,8.0,0.456359102244389,366,802,7.7360852620980305
373,13.142490774907749,22.25,4.925093632958801,3272,11.417343173431735,10.30533353505535,119.0,11.93678671586716,48.09622066420664,13.542848708487085,0.0,0.0,0.0,0.0,12.8,0.24531835205992508,44,29.08,21,0,0,1,2,0,0,0,24,13.089613480739835,6.3711567527675275,12.0,0.4794007490636704,256,534,7.274241549196816
374,15.465960808142185,23.20689655172414,5.188707280832095,4317,13.080763582966227,11.107970231404122,157.0,14.135970428882477,35.54008810572688,16.08913869056661,1.0,0.0,0.0,1.0,13.0,0.2585438335809807,41,31.103448275862068,53,0,0,1,4,0,0,1,29,14.989543891791943,7.067249582257329,14.0,0.4903417533432392,330,673,7.61223124495674
375,8.97675456389452,16.724137931034484,4.509278350515464,2785,8.64705882352941,9.572215212981746,93.0,8.632292089249493,63.45221095334688,10.775659229208927,1.0,0.0,0.0,0.0,10.333333333333334,0.1979381443298969,31,24.03448275862069,35,0,0,1,0,0,0,0,29,11.06762744097005,5.172308316430019,8.0,0.5154639175257731,250,485,7.26404423256069
376,12.921789855072468,19.125,5.047930283224401,2878,12.424782608695654,10.628557971014494,96.0,11.508913043478266,46.68735507246376,13.84057971014493,0.0,0.0,0.0,0.0,11.333333333333334,0.28322440087145967,33,25.5,23,0,0,1,0,0,0,0,24,13.361668897886787,6.0654130434782605,10.0,0.5010893246187363,230,459,7.20633153738707
377,10.873025334503176,16.48936170212766,4.966451612903226,4737,11.36237113402062,9.583108071945603,134.0,10.784458214520729,47.15067119982456,13.717657381004608,1.0,0.0,0.0,0.0,12.0,0.2593548387096774,40,22.80851063829787,33,0,0,1,2,0,0,2,47,13.232200524728334,5.472154639175258,10.0,0.4258064516129032,330,775,7.4357773357673445
378,8.555260586879491,17.76923076923077,4.457431457431458,3922,8.135310734463275,9.845549689954527,103.0,8.311300813008131,66.23141174038861,10.862119333057738,1.0,0.0,0.0,0.0,10.5,0.16305916305916307,34,24.804878048780488,32,0,0,1,0,0,0,2,39,10.90695430314657,5.144450737219236,7.0,0.4444444444444444,308,693,7.531496507994819
379,13.025212394991279,19.47222222222222,5.08416547788873,4379,12.300427960057064,10.008313663021081,158.0,11.446392058963387,47.679824258995126,13.837391028689176,1.0,0.0,0.0,0.0,16.75,0.2810271041369472,51,26.305555555555557,50,0,0,1,6,0,0,0,36,13.250320982009367,6.02595280551593,12.0,0.5192582025677603,364,701,7.779986077112294
380,10.407672882379586,19.75,4.542897327707454,4084,9.24832402234637,10.815293507473953,127.0,9.77239015551865,59.46628340631135,12.2098142835573,0.0,0.0,0.0,0.0,12.6,0.19831223628691982,56,27.08108108108108,40,0,0,1,0,1,0,0,36,11.989209251354971,5.681507020987468,9.0,0.45288326300984527,322,711,7.407810877571617
381,9.422292836481198,17.97222222222222,4.471406491499227,3672,8.619295558958651,8.840354279394248,100.0,8.97635655946912,63.01392058022802,11.11466734728603,0.0,0.0,0.0,0.0,15.5,0.19783616692426584,33,26.166666666666668,39,0,0,1,0,1,0,0,36,11.538034831475386,5.174531265952016,8.0,0.43894899536321486,284,647,7.353708229934809
382,8.779409465914021,14.659574468085106,4.748911465892598,4149,9.57957446808511,10.150997901288175,149.0,8.097820234476771,62.631428571428586,9.216094948617746,1.0,0.0,0.0,0.0,8.833333333333334,0.25544267053701014,43,20.0,52,0,0,1,0,1,0,0,47,10.053994223018861,5.33178694456506,8.0,0.5036284470246735,347,689,7.625305698827179
383,13.287997835497833,22.291666666666668,4.798130841121496,3226,10.902782931354363,10.638726468769326,111.0,11.251866883116886,54.39303841991344,14.25235003092146,1.0,1.0,0.0,0.0,8.285714285714286,0.24299065420560748,45,30.875,49,0,0,1,2,1,0,1,24,13.295006501635747,6.255346706864563,10.0,0.5327102803738317,285,535,7.498357084861966
384,13.261921182266015,20.482758620689655,5.011784511784512,3736,11.752380952380953,11.030398850574713,138.0,12.499178981937607,42.85300492610838,16.34745484400657,1.0,0.0,0.0,0.0,17.25,0.27946127946127947,37,29.344827586206897,48,0,0,1,2,0,0,0,29,15.177816672255009,6.525451559934318,11.0,0.4882154882154882,290,594,7.363674164312211
385,10.46257409257409,19.82051282051282,4.490297542043985,4369,8.99662337662338,9.57835347985348,135.0,9.77935064935065,60.114996669996685,12.313020313020315,0.0,0.0,0.0,0.0,11.0,0.19016817593790428,39,27.487179487179485,51,1,0,1,2,1,0,2,39,12.457975602129121,5.566222777222777,9.0,0.46054333764553684,356,773,7.710417263527363
386,11.202073170731708,20.25,4.598765432098766,2829,9.56341463414634,10.365942276422764,104.0,10.392804878048782,57.06408536585366,13.240650406504066,0.0,0.0,0.0,0.0,12.2,0.22839506172839505,37,29.333333333333332,36,0,0,1,0,1,0,0,24,12.38480682065935,6.019337398373983,9.0,0.5555555555555556,270,486,7.482749272741154
387,9.995491185487992,21.44736842105263,4.245398773006135,4424,7.541262135922334,8.582886356668372,104.0,9.177764435360249,67.88450689831376,11.052324987225347,1.0,0.0,0.0,0.0,11.2,0.147239263803681,39,30.86842105263158,38,0,0,1,0,0,0,0,38,10.484789902882557,5.368075625958099,8.0,0.39754601226993863,324,815,7.5420107549356565
388,9.342892156862746,19.03125,4.351395730706075,3367,8.003594771241826,9.177616339869282,94.0,8.58541666666667,67.573125,11.1140522875817,1.0,0.0,0.0,0.0,16.0,0.17733990147783252,49,27.5,45,0,0,1,0,1,0,0,32,10.886138598105594,5.207847222222222,8.0,0.4942528735632184,301,609,7.520202918769949
389,11.790906065396456,20.558823529411764,4.748211731044349,4132,10.291654879773695,10.34067465679341,132.0,9.977697395789999,60.56404838172895,12.95696813378817,1.0,0.0,0.0,0.0,11.166666666666666,0.2145922746781116,34,28.176470588235293,36,0,0,1,0,0,0,0,34,12.3718345552506,5.790206797570512,9.0,0.47353361945636624,331,699,7.534180486368787
390,9.993632849036604,19.642857142857142,4.507272727272727,3122,8.86835443037975,9.236515988027687,104.0,9.152140674689782,63.41019891500906,11.822884579410115,0.0,0.0,0.0,0.0,15.75,0.21272727272727274,48,26.862068965517242,38,0,0,1,0,0,0,0,28,11.615742811318064,5.564975494169733,8.0,0.49272727272727274,271,550,7.430908320713274
391,9.06535913296866,20.096774193548388,4.200642054574639,3352,7.094770206022186,7.49880998415214,62.0,8.50559787331936,70.33585297275192,10.297244517151476,1.0,0.0,0.0,0.0,9.0,0.15730337078651685,34,30.35483870967742,40,0,0,1,0,0,0,0,31,10.31137664058796,4.840252543326006,8.0,0.38041733547351525,237,623,6.981574826579493
392,10.239830402930401,17.846153846153847,4.670977011494253,4072,9.686571428571433,10.278827838827839,132.0,9.244857142857143,60.75019413919418,11.922344322344323,1.0,0.0,0.0,0.0,7.7142857142857135,0.20545977011494254,42,25.128205128205128,49,0,0,1,2,0,0,0,39,11.855464076750408,5.433769230769231,9.0,0.47126436781609193,328,696,7.525389492078694
393,14.465629320276499,21.70967741935484,5.209509658246657,4246,13.137797619047625,10.985405357142856,148.0,13.075205453149003,39.92974078341015,16.111443932411674,0.0,1.0,0.0,0.0,17.75,0.30906389301634474,46,29.774193548387096,24,0,0,1,2,1,0,1,31,14.872659071994288,6.787778033794162,13.0,0.45170876671619614,304,673,7.4656717857860615
394,12.693624999999997,23.757575757575758,4.524234693877551,4427,9.274394904458603,9.21812898089172,135.0,11.549416799363055,55.95183220541405,13.939888535031848,0.0,0.0,0.0,0.0,13.8,0.20790816326530612,51,35.28125,47,3,0,1,0,0,0,0,33,12.815532586354998,6.127460390127387,12.0,0.4655612244897959,365,784,7.558227528725236
395,12.771094819159337,21.08823529411765,4.806136680613668,4254,11.024684431977558,9.84600071826257,144.0,11.487976539589443,51.1822678396872,14.589128309745423,1.0,1.0,0.0,0.0,11.166666666666666,0.24546722454672246,41,30.242424242424242,31,0,0,1,0,2,0,0,34,13.606401829973382,6.18924136172383,10.0,0.46582984658298465,334,717,7.604376022075452
396,9.270827407265038,17.023809523809526,4.594405594405594,4156,9.114049586776858,9.411026222051381,121.0,8.824678711000065,61.86579185085529,11.712166058043437,0.0,0.0,0.0,0.0,7.428571428571429,0.2153846153846154,48,23.88372093023256,38,0,0,1,2,0,0,0,42,11.927643669134934,5.162304375680696,8.0,0.46853146853146854,335,715,7.551606781992125
397,10.241779525032094,18.023809523809526,4.642007926023778,4374,9.542631578947368,9.9577567394095,123.0,9.805057766367138,57.78089216944804,12.256739409499358,1.0,1.0,0.0,0.0,11.333333333333334,0.21796565389696168,35,25.951219512195124,32,0,0,1,2,5,0,0,42,12.139687187493092,5.5800269576379975,9.0,0.4425363276089828,335,757,7.6619227793845965
398,14.888517298187814,24.0,5.015,3722,12.105107084019775,11.292056533772652,157.0,13.396827677100497,42.25933377265244,16.499479406919274,0.0,0.0,0.0,0.0,36.0,0.2683333333333333,66,32.6,31,0,0,1,0,0,0,3,25,15.166603345793927,7.209432224052717,14.0,0.5283333333333333,317,600,7.622741497197695
399,11.825177570093452,20.88,4.670498084291188,3096,9.832897196261683,10.453173644859813,115.0,10.533196261682246,57.660542056074775,12.67214953271028,1.0,0.0,0.0,1.0,15.25,0.23946360153256704,41,30.48,40,0,0,1,0,0,0,0,25,11.905187351434009,6.267614953271027,9.0,0.49233716475095785,257,522,7.16623376128674
400,11.23206951627624,18.486486486486488,4.802631578947368,4152,10.66936416184971,10.403947307575297,155.0,10.132914511712809,54.84958168542747,12.486522665044113,1.0,0.0,0.0,0.0,14.0,0.20906432748538012,32,24.526315789473685,53,0,0,1,2,0,0,0,37,12.396398192541,5.705817158503194,9.0,0.5277777777777778,361,684,7.72940226842424
401,10.10277905521437,15.847826086956522,4.866941015089163,4417,10.773187414500686,9.851276191169195,156.0,9.362201589195799,55.64221788863986,12.076269755799402,1.0,0.0,0.0,0.0,10.666666666666666,0.23045267489711935,35,21.574468085106382,38,0,0,1,2,3,0,0,46,12.065136355380435,5.349647058823528,9.0,0.4883401920438957,356,729,7.665817732176316
402,10.851726835138386,18.448275862068964,4.814953271028037,3264,10.267509025270758,10.76584016847172,108.0,9.716693140794224,58.28988929001207,11.93540312876053,0.0,0.0,0.0,0.0,10.166666666666666,0.21682242990654205,32,24.733333333333334,31,0,0,1,4,0,0,0,29,11.602472056035307,5.895507581227436,9.0,0.4953271028037383,265,535,7.348773341987266
403,12.09692759295499,20.75,4.769363166953529,3447,10.459931506849315,9.754096477495107,124.0,11.416203522504897,50.36294520547946,13.890802348336596,0.0,0.0,0.0,0.0,12.4,0.2306368330464716,49,29.035714285714285,32,0,0,1,2,0,0,2,28,13.925175675911131,5.974035225048924,11.0,0.5077452667814114,295,581,7.44072677269598
404,9.06212954333644,18.56756756756757,4.366812227074236,3811,7.859770114942531,9.0841857564461,105.0,8.615469089779435,66.79806150978567,11.489841565703635,1.0,0.0,0.0,0.0,9.0,0.17321688500727803,45,27.27027027027027,43,0,0,1,0,4,0,4,37,11.316591646374942,5.048220876048461,8.0,0.4657933042212518,320,687,7.471600870355863
405,8.806457019756202,16.5531914893617,4.5115681233933165,4492,8.724085750315254,8.936072047078605,121.0,8.515924495586379,63.433062867801624,10.492318200924757,1.0,1.0,0.0,0.0,13.0,0.20565552699228792,44,23.229166666666668,31,0,0,1,8,6,0,1,47,10.994938281772644,4.9469999211853715,8.0,0.4203084832904884,327,778,7.373336000950741
406,15.007389719285449,24.53846153846154,4.898119122257054,3893,11.984202211690363,11.055301458257382,132.0,13.049707740916272,44.865833940940576,15.552047636407828,1.0,0.0,0.0,0.0,14.0,0.2507836990595611,45,33.38461538461539,32,0,0,1,8,0,0,0,26,14.16338327113693,7.056957771296634,13.0,0.4482758620689655,286,638,7.3108317696958585
407,13.027516824414292,20.43243243243243,4.988095238095238,4626,11.965645805592544,10.740582830100408,165.0,11.982137690286827,45.30834311008746,13.764724511462198,1.0,0.0,0.0,0.0,11.5,0.26587301587301587,50,27.513513513513512,44,0,0,1,0,8,0,1,37,13.374231909245378,6.323289092021449,10.0,0.4603174603174603,348,756,7.683736301747946
408,12.650364828097942,23.115384615384617,4.524126455906822,3542,9.445016077170418,10.585673039821915,103.0,10.643215434083604,61.36561711600298,13.106208261192183,1.0,0.0,0.0,0.0,11.8,0.1930116472545757,46,32.88461538461539,35,0,0,1,12,0,0,0,26,12.021695472120005,6.037234232005936,10.0,0.46089850249584025,277,601,7.3494359998775325
409,12.467007168458785,22.64516129032258,4.645299145299146,4068,10.029386590584878,9.57844236804565,118.0,10.617619989876214,59.2155708434955,12.18353504210575,1.0,0.0,0.0,1.0,14.75,0.23076923076923078,45,31.419354838709676,39,0,0,1,0,0,0,3,31,11.46468446583662,5.9535249183194505,9.0,0.46153846153846156,324,702,7.501185867460169
410,12.388840031130606,20.756756756756758,4.84375,4574,11.07565445026178,10.054900721664072,150.0,11.182344700721664,51.66824465827088,13.547417574642706,1.0,0.0,0.0,0.0,18.0,0.25390625,46,28.10810810810811,39,0,0,1,0,1,0,0,37,13.023866798666859,6.024281448988255,10.0,0.4739583333333333,364,768,7.765095619698435
411,9.203397993311036,18.369565217391305,4.397633136094675,4692,8.383195266272189,8.845500257267815,139.0,8.05223694365835,70.05024633393364,10.37741188577309,1.0,0.0,0.0,0.0,6.0,0.17514792899408285,53,25.934782608695652,37,0,0,1,0,1,0,0,46,10.325701417094166,5.02697851813738,8.0,0.4556213017751479,385,845,7.747585542276734
412,9.947320716352543,18.135135135135137,4.611028315946348,3892,9.50654761904762,9.377520770676693,120.0,9.744342105263158,56.69802631578949,11.77606516290727,1.0,0.0,0.0,0.0,11.5,0.22056631892697467,42,25.05263157894737,44,0,0,1,0,0,0,0,37,12.114078956130353,5.3544974937343355,9.0,0.488822652757079,328,671,7.593411270389352
413,12.396950859950863,20.83783783783784,4.856031128404669,4598,10.979220779220782,9.610781151281152,159.0,11.804657774657777,47.49540365040366,15.752895752895753,0.0,1.0,0.0,0.0,18.25,0.24643320363164722,43,28.35135135135135,42,0,0,1,4,3,0,0,37,14.707961728119862,6.241636012636013,10.0,0.4293125810635538,331,771,7.466581698244305
414,12.564756628413143,20.970588235294116,4.924263674614306,4351,11.283102493074793,9.449164677483182,128.0,10.841569449940646,54.07567036011082,13.73619311436486,0.0,0.0,0.0,0.0,13.0,0.25666199158485276,36,29.0,38,0,0,1,2,0,0,0,34,13.16422511132771,5.879761535417492,12.0,0.42917251051893407,306,713,7.236229443266435
415,14.245849317252002,23.0,5.074534161490683,4022,12.351001540832048,11.53451071143935,149.0,13.44702194357367,38.514144838212644,16.286084692630574,1.0,0.0,0.0,0.0,17.5,0.3027950310559006,59,30.586206896551722,36,0,0,1,0,0,0,3,28,15.317112822102057,6.909736995908824,11.0,0.4829192546583851,311,644,7.462766699190317
416,10.649352549889137,17.939393939393938,4.712837837837838,3586,9.876422764227645,10.440392091648189,123.0,9.25346637102735,61.913237250554346,12.397634885439764,1.0,1.0,0.0,0.0,6.875,0.21283783783783783,49,25.78787878787879,38,0,0,1,0,0,0,0,33,11.968066979954575,5.494369549150036,9.0,0.5168918918918919,306,592,7.565319462942019
417,9.435664977327285,17.630434782608695,4.558569667077682,4622,8.931779141104297,9.184472792744732,137.0,8.954629234462526,62.418964390504144,11.798612963456922,1.0,0.0,0.0,0.0,6.75,0.2096177558569667,55,25.17391304347826,47,0,0,1,2,6,0,0,46,11.963201046758964,5.204882235262737,8.0,0.46115906288532676,374,811,7.705937647517667
418,6.333584202682566,15.272727272727273,4.129464285714286,3539,6.332041728763038,7.593257675111774,80.0,6.641851713859911,74.60572839046203,8.067213114754098,1.0,0.0,0.0,0.0,11.8,0.15922619047619047,30,22.272727272727273,34,0,0,1,0,1,0,1,44,9.095868883498916,4.206835692995529,6.0,0.4375,294,672,7.30695128073358
419,7.7447248888602545,13.072463768115941,4.595343680709535,5266,8.892661555312156,9.69837846143934,151.0,7.042599542555248,68.4846789027769,9.488879582501127,1.0,0.0,0.0,0.0,5.777777777777778,0.2006651884700665,36,18.691176470588236,48,1,0,1,2,2,0,0,69,10.361854570457274,4.634870578570968,8.0,0.4567627494456763,412,902,7.779792884559553
420,8.398199608610568,17.606060606060606,4.328743545611015,3247,7.999657534246577,9.655344305283759,91.0,7.869825831702546,68.35893150684932,10.304422700587086,1.0,0.0,0.0,0.0,16.25,0.17900172117039587,47,23.82857142857143,31,0,0,1,2,4,0,3,33,10.290406445055957,5.106069275929549,7.0,0.4457831325301205,259,581,7.361129154894254
421,9.964665379665377,20.275,4.44636251541307,4564,8.651597051597054,9.214527424827425,129.0,9.422134082134082,62.030163800163834,11.732724932724933,0.0,0.0,0.0,0.0,11.5,0.17879161528976573,42,27.071428571428573,53,0,0,1,0,0,0,0,40,11.675519718221192,5.399478413478413,8.0,0.42293464858199753,343,811,7.508280425116989
422,13.994653738471676,22.181818181818183,5.004098360655738,4528,12.014673913043481,10.106181389986826,138.0,11.481551383399214,52.46970685111992,14.029907773386036,1.0,0.0,0.0,0.0,14.75,0.2609289617486339,62,31.0,55,0,0,1,0,0,0,0,33,13.7003705437469,6.2155207509881425,13.0,0.47950819672131145,351,732,7.521922927160539
423,9.269693080357143,17.272727272727273,4.40921052631579,4282,8.213020833333335,9.04608861607143,126.0,9.057053571428572,62.69687500000002,11.480952380952381,1.0,0.0,0.0,0.0,13.0,0.19473684210526315,41,26.571428571428573,64,0,0,1,0,2,0,0,44,11.58411153163022,5.24254613095238,8.0,0.4697368421052632,357,760,7.68352345094599
424,12.266634018155756,25.76,4.385093167701863,3557,8.672670807453418,9.499075585284281,100.0,10.579006211180126,63.33305064500719,13.075394171046348,0.0,0.0,0.0,0.0,12.4,0.18012422360248448,48,34.65384615384615,30,0,0,1,0,0,0,0,25,11.661520659325951,5.947300047778308,11.0,0.5062111801242236,326,644,7.570646850741019
425,15.342775758533499,25.64516129032258,5.010062893081761,4890,12.427812895069536,11.210489317319848,170.0,13.8164313369153,40.03244725821747,16.461457016434892,1.0,1.0,0.0,0.0,13.6,0.26037735849056604,46,34.0,38,0,0,1,0,0,0,0,31,15.035414409274601,6.933698996523388,13.0,0.4691823899371069,373,795,7.731438425786119
426,10.096106185274508,17.90909090909091,4.593908629441624,5824,9.359483614697123,10.565306043410413,206.0,9.164048623918287,61.38908329195631,11.2842176195205,0.0,0.0,0.0,0.0,12.8,0.19695431472081218,43,25.089285714285715,74,0,0,1,20,1,0,0,55,11.35114627814755,5.723042222301036,10.0,0.47715736040609136,470,985,7.824711664052402
427,12.310552780552776,19.75,4.985759493670886,3898,11.652598425196853,11.080987234550227,143.0,10.924624194702936,51.01134096874256,13.114292531615366,1.0,0.0,0.0,0.0,10.333333333333334,0.2721518987341772,45,26.303030303030305,41,0,0,1,2,0,0,0,32,12.923409711627087,6.15249677881174,10.0,0.5253164556962026,332,632,7.656720953404967
428,10.130032467532466,18.05263157894737,4.7317784256559765,4061,9.97662337662338,9.349023463203464,104.0,9.011483044733044,61.31246266233771,10.912683982683983,0.0,0.0,0.0,0.0,10.833333333333334,0.23323615160349853,39,24.05,35,0,0,1,4,0,0,0,38,11.20814326018867,5.254985173160172,9.0,0.41836734693877553,287,686,7.283607506856136
429,10.382936507936506,17.204545454545453,4.7120211360634086,4513,10.317989417989416,10.464131851851853,132.0,8.958560846560847,60.75680952380955,11.111534391534391,1.0,0.0,0.0,0.0,10.333333333333334,0.20871862615587847,39,22.6,54,0,0,1,0,1,0,4,44,11.813810549772704,5.175789417989417,9.0,0.4676354029062087,354,757,7.697637707197074
430,9.285191565191564,15.21875,4.815195071868583,2915,10.431185031185034,9.669018895158896,83.0,7.751834867834869,63.96333887733891,10.154107514107515,1.0,0.0,0.0,0.0,6.625,0.2587268993839836,42,19.257142857142856,32,0,0,1,2,0,0,0,32,10.914260884657427,4.904393584793585,9.0,0.5174537987679672,252,487,7.368865750316744
431,12.647955082742314,21.14814814814815,4.823117338003502,3393,11.248226950354614,10.131897399527187,113.0,11.239999999999998,51.6827777777778,13.532860520094562,1.0,0.0,0.0,0.0,17.25,0.23642732049036777,32,28.40740740740741,25,0,0,1,0,0,0,0,27,12.962598303700922,6.193553191489361,10.0,0.4886164623467601,279,571,7.383977231583464
432,12.594035087719298,22.129032258064516,4.788629737609329,4072,10.797660818713453,10.514068421052633,129.0,10.963793859649122,54.528848684210544,13.28684210526316,0.0,0.0,0.0,0.0,15.75,0.23323615160349853,37,29.21875,50,0,0,1,0,0,0,1,31,12.43973731371274,6.266910087719298,10.0,0.46938775510204084,322,686,7.448124037167407
433,12.756016162825503,20.03846153846154,4.953934740882917,3165,11.838132295719845,10.361664741095481,120.0,12.666692607003892,39.45989224783,16.623645615085305,1.0,0.0,0.0,0.0,12.0,0.29366602687140114,50,27.76923076923077,30,0,0,1,6,0,0,0,26,15.503899672038209,6.470819515115235,11.0,0.4990403071017274,260,521,7.306805481146761
434,10.445710644371943,18.424242424242426,4.634868421052632,3514,9.497553017944536,8.424676101141925,93.0,9.244069637030996,62.9065775387439,11.316659869494291,1.0,0.0,0.0,0.0,10.666666666666666,0.20888157894736842,40,26.5625,28,0,0,1,0,2,0,0,33,11.333407214811011,5.139378721451877,10.0,0.45394736842105265,276,608,7.265177662767356
435,12.074824308755758,20.40625,4.831546707503828,3875,10.87188940092166,9.884628341013826,143.0,11.05005328341014,52.07365135368664,14.281893241167436,1.0,0.0,0.0,0.0,14.4,0.2557427258805513,54,27.71875,25,0,0,1,6,0,0,0,32,13.526455162492045,6.032507152457757,13.0,0.48545176110260335,317,653,7.580369543449555
436,11.42434900542495,19.928571428571427,4.688172043010753,3250,10.180470162748644,9.470168716094033,107.0,10.441975587703439,55.37573010849911,12.673960216998191,1.0,0.0,0.0,0.0,12.8,0.21505376344086022,38,27.107142857142858,33,1,0,1,6,1,0,1,28,12.540900571622839,5.723207504520795,9.0,0.507168458781362,283,558,7.4984453874605235
437,10.373816489361701,19.736842105263158,4.52,4328,9.31170212765958,10.070283191489363,125.0,9.379234042553193,61.30300000000001,12.413617021276597,0.0,0.0,0.0,0.0,8.0,0.22533333333333333,50,27.325,39,0,0,1,12,3,1,1,38,12.340626583579944,5.5254382978723395,9.0,0.45066666666666666,338,750,7.483023879098316
438,10.535367431293977,18.878048780487806,4.598191214470284,4471,9.604139715394567,9.474099419430159,121.0,8.844686208310986,65.23100747799201,11.31895371217619,1.0,0.0,0.0,0.0,10.166666666666666,0.23126614987080105,49,26.585365853658537,36,0,0,1,0,0,0,4,41,11.20814326018867,5.399823809674061,10.0,0.4780361757105943,370,774,7.667480006997618
439,10.226119550858655,19.333333333333332,4.56498673740053,4323,9.268428005284019,9.873277754293262,127.0,9.264726221928665,62.3466005614267,11.215970937912815,1.0,0.0,0.0,1.0,7.7142857142857135,0.21618037135278514,50,26.325,39,2,0,1,0,2,0,1,39,11.157490452014649,5.597781671070013,8.0,0.4509283819628647,340,754,7.736033013993911
440,9.97192189556823,19.425,4.6061776061776065,4534,9.103899371069183,9.24086916776364,146.0,9.58021354395203,59.30703817463802,12.024279654819365,0.0,0.0,0.0,0.0,12.6,0.21235521235521235,42,26.0,48,0,0,1,8,0,0,0,40,12.224545103341946,5.382212666374141,9.0,0.4555984555984556,354,777,7.58642093174254
441,10.861124111631135,19.606060606060606,4.7372488408037094,3823,10.542277691107646,10.136067412029814,149.0,10.351982579303176,52.55768092390363,12.613641879008496,0.0,0.0,0.0,0.0,8.714285714285714,0.23493044822256567,52,25.11111111111111,32,0,0,1,0,0,0,0,33,12.602617957971052,5.777976469058762,9.0,0.5115919629057187,331,647,7.557981883527643
442,14.254249216300941,26.272727272727273,4.657439446366782,3350,10.217241379310344,10.33451567398119,121.0,12.127335423197493,55.07211598746083,15.028213166144202,0.0,1.0,0.0,0.0,12.2,0.21280276816608998,58,36.5,32,0,0,1,0,0,0,0,22,13.246248875233395,6.587652037617554,9.0,0.5380622837370242,311,578,7.470861707915993
443,13.936989331251631,25.41176470588235,4.8032407407407405,2557,11.21873536299766,10.507876320582877,98.0,12.232158469945357,49.61596083788709,15.390528233151185,0.0,0.0,0.0,0.0,16.5,0.22685185185185186,40,32.72222222222222,23,0,0,1,2,0,0,0,17,13.98498818721588,6.681257220921156,10.0,0.4976851851851852,215,432,7.007000466655366
444,9.453048012318028,19.102564102564102,4.31006711409396,4102,7.817021276595742,8.901515341545354,92.0,8.415660694288913,69.97368421052634,10.522172452407617,1.0,0.0,0.0,0.0,12.4,0.1597315436241611,42,27.736842105263158,49,0,0,1,0,1,0,0,39,10.186864033877495,5.104581746920493,7.0,0.42953020134228187,320,745,7.427289332397823
445,10.740572445019403,20.13157894736842,4.636601307189543,4466,9.567399741267785,9.579185588615783,116.0,9.822299805950845,59.061522153945674,11.559236739974127,1.0,0.0,0.0,0.0,12.8,0.24313725490196078,37,27.5,51,0,0,1,4,0,0,0,38,11.698219412168324,5.666541688227683,9.0,0.39869281045751637,305,765,7.322675450513954
446,9.288898896872787,17.414634146341463,4.516806722689076,4084,8.673582295988933,9.294016729076006,101.0,8.358962992949433,66.54132071652668,10.76043585332119,0.0,0.0,0.0,0.0,12.2,0.20168067226890757,38,24.951219512195124,50,0,0,1,0,0,0,2,41,11.008629916645857,5.073962351988664,8.0,0.46638655462184875,333,714,7.612019314732455
447,10.131706812777836,18.633333333333333,4.747763864042934,3370,10.116344463971881,11.015674278920708,125.0,9.35223043523209,57.81915098728422,11.052641372893621,1.0,0.0,0.0,0.0,7.857142857142858,0.2737030411449016,32,23.5,43,0,0,1,0,0,0,0,30,11.384434051031349,5.904124625245528,10.0,0.4847942754919499,271,559,7.303085310337443
448,8.684284189174761,16.41176470588235,4.444444444444445,3125,8.573502722323052,9.111400693925482,94.0,7.798533682075373,68.01543050069394,9.749140599978649,1.0,0.0,0.0,0.0,10.333333333333334,0.16308243727598568,33,22.529411764705884,36,0,0,1,2,1,1,2,34,10.460712293590639,4.7784758727447425,8.0,0.5017921146953405,280,558,7.436682173286361
449,10.825108695652169,20.59259259259259,4.692446043165468,3253,10.172826086956519,10.18433927536232,94.0,10.0341884057971,55.89486956521742,13.374492753623187,0.0,0.0,0.0,0.0,16.25,0.21223021582733814,37,25.9,36,0,0,1,0,1,0,1,27,12.857556352371635,5.70803768115942,9.0,0.460431654676259,256,556,7.217303633383173
450,10.732317073170734,18.45,4.733062330623306,4331,10.133875338753388,9.387040054200542,158.0,10.072979674796748,55.70581097560978,12.420650406504066,1.0,0.0,0.0,0.0,12.8,0.22764227642276422,42,25.475,43,0,0,1,0,2,0,0,40,12.559458198393102,5.5263578590785905,9.0,0.5582655826558266,412,738,7.9517662049405615
451,11.01760160696351,20.08,4.870517928286852,3091,10.711067961165046,10.68002661533311,110.0,9.803434884499502,56.4068932038835,12.462671576832943,0.0,1.0,0.0,0.0,12.6,0.24900398406374502,40,24.24137931034483,32,0,0,1,2,1,0,0,25,12.316160334307536,5.814421827920992,11.0,0.50199203187251,252,502,7.331227806383837
452,10.844381684491985,20.0,4.73375,4800,10.068627450980394,10.477604545454547,164.0,9.689786096256686,58.62312834224602,12.565240641711231,1.0,0.0,0.0,0.0,7.125,0.23875,40,26.09090909090909,46,0,0,1,2,1,0,1,40,12.444714933589143,5.793614973262033,9.0,0.49375,395,800,7.815906595007941
453,10.95941600744532,22.703703703703702,4.411092985318108,3406,8.54397394136808,9.533163657515123,106.0,10.719797580269894,57.26414495114008,13.201395998138668,1.0,1.0,0.0,0.0,21.666666666666668,0.24143556280587275,42,32.464285714285715,33,1,0,1,4,2,0,1,27,12.724861955154996,5.849821079571893,9.0,0.49429037520391517,303,613,7.483887675366442
454,11.743440020161287,19.548387096774192,4.851485148514851,3744,10.026250000000001,9.570203124999999,109.0,11.323175403225807,50.65234879032258,13.383064516129032,1.0,1.0,0.0,0.0,10.166666666666666,0.21947194719471946,43,29.225806451612904,33,0,0,1,2,1,0,1,31,12.699359527272751,5.846217741935483,9.0,0.3943894389438944,239,606,7.114803588306846
455,12.719395604395608,22.17142857142857,4.702319587628866,4589,10.332564102564103,10.835191941391942,154.0,11.255274725274727,54.06115384615384,13.529670329670331,0.0,0.0,0.0,0.0,15.0,0.21520618556701032,47,30.714285714285715,61,0,0,1,8,1,0,1,35,12.929177856833586,6.186413919413919,10.0,0.47164948453608246,366,776,7.649129171588382
456,10.157412403600567,16.6734693877551,4.747858017135863,4874,10.028189550425274,10.129419592332681,166.0,9.140724080640762,59.443521957993426,10.995402583876809,0.0,0.0,0.0,0.0,13.2,0.2350061199510404,55,23.367346938775512,60,0,0,1,6,1,0,7,49,11.610328684571591,5.42253433183723,9.0,0.47368421052631576,387,817,7.855836998214416
457,10.02413095238095,19.642857142857142,4.574545454545454,1598,9.328776978417267,9.44042959232614,47.0,9.720014388489211,58.38481774580339,12.161534772182257,0.0,0.0,0.0,0.0,11.0,0.2109090909090909,42,26.066666666666666,12,0,0,1,0,0,0,0,14,13.023866798666859,5.524861870503598,9.0,0.49454545454545457,136,275,6.426172861878964
458,10.236406164006603,22.857142857142858,4.335416666666666,2625,8.33953488372093,8.79598509973343,65.0,9.29470539571652,65.05305910469713,11.270484419523854,1.0,1.0,0.0,0.0,14.0,0.1375,41,28.782608695652176,19,0,0,1,0,0,0,0,21,10.940254816364696,5.393241106719367,8.0,0.42916666666666664,206,480,6.9832315972447265
459,9.427762470736539,18.41176470588235,4.476038338658147,3543,9.12463295269168,9.581273536342215,87.0,8.875955682436107,61.75474193402215,10.85678810947979,1.0,1.0,0.0,0.0,8.857142857142858,0.19488817891373802,41,23.86111111111111,31,0,0,1,2,3,0,0,34,11.37473899888905,5.147910141381185,8.0,0.41533546325878595,260,626,7.382958356114054
460,7.012980225988699,17.88888888888889,4.089026915113871,2533,6.587711864406781,7.461131807909604,53.0,7.371000000000002,70.23897175141244,9.51367231638418,1.0,0.0,0.0,0.0,10.166666666666666,0.12836438923395446,59,23.166666666666668,23,0,0,1,0,0,0,0,27,10.279547748218288,4.259942372881355,6.0,0.4409937888198758,213,483,6.994818125360481
461,9.513186501803197,23.107142857142858,4.39258114374034,3666,8.571472868217054,9.470251937984496,90.0,8.887112403100776,63.25795542635662,11.38372093023256,1.0,1.0,0.0,0.0,13.4,0.21947449768160743,46,25.305555555555557,33,0,0,1,0,1,0,1,28,11.750952952430431,5.24525,8.0,0.44513137557959814,288,647,7.497496533796831
462,9.936266722408028,20.551724137931036,4.385906040268456,3401,8.500336700336703,9.288883501683502,98.0,8.673954124579122,65.93648674242426,10.994023569023568,1.0,0.0,0.0,0.0,11.166666666666666,0.18120805369127516,41,26.8125,45,0,0,1,24,0,0,2,29,11.144777236671896,5.1792081228956235,8.0,0.4748322147651007,283,596,7.395932770887108
463,8.141387602422512,14.428571428571429,4.524752475247524,2308,8.833416458852867,8.560134627716423,60.0,7.415806020662632,67.40298940149628,9.718596366227288,0.0,0.0,0.0,0.0,10.333333333333334,0.1905940594059406,31,20.428571428571427,16,0,0,1,0,0,0,0,28,10.290406445055957,4.638371303883149,8.0,0.452970297029703,183,404,6.81252609595934
464,9.958504875406284,19.11764705882353,4.666153846153846,3785,9.94115805946792,9.16887958348381,89.0,8.89702660406886,60.45813651137598,11.561670879980738,0.0,0.0,0.0,0.0,9.0,0.21384615384615385,41,22.53846153846154,29,0,0,1,0,0,0,0,34,12.138554563871306,4.925756590827012,8.0,0.41846153846153844,272,650,7.279823819499213
465,8.44761652542373,16.379310344827587,4.511578947368421,2737,9.192258064516128,9.58662634408602,74.0,7.003209005376345,70.73481350806453,9.59744623655914,1.0,0.0,0.0,0.0,8.0,0.19157894736842104,43,19.9375,26,0,0,1,0,0,0,1,29,10.125756701596842,4.829841733870968,9.0,0.4673684210526316,222,475,7.169902384136488
466,9.485978777320241,16.48148148148148,4.701123595505618,2646,9.749888143176737,9.868283828699266,67.0,9.352402524768298,56.444672818791986,11.128443592201982,1.0,0.0,0.0,0.0,11.333333333333334,0.2292134831460674,32,22.107142857142858,23,0,0,1,4,0,0,0,27,11.35114627814755,5.398689117929051,9.0,0.44269662921348313,197,445,7.113763013922591
467,8.429012775842043,17.424242424242426,4.429565217391304,3242,8.415008726003489,8.972825305410122,86.0,8.471950261780105,62.6722534904014,10.485340314136126,1.0,0.0,0.0,0.0,7.5,0.19304347826086957,43,22.694444444444443,29,0,0,1,2,0,0,0,33,11.038039088145766,4.8993058464223385,7.0,0.4539130434782609,261,575,7.211096410270115
468,6.71885428388941,15.022222222222222,4.285502958579881,3712,7.347147147147151,8.29371816510388,89.0,6.843849359563645,70.20415057915059,9.220518477661335,1.0,0.0,0.0,0.0,7.142857142857142,0.16863905325443787,44,19.489795918367346,45,0,0,1,0,0,0,0,45,10.42857943349387,4.240433964576821,6.0,0.4260355029585799,288,676,7.370116044333839
469,6.960543375244836,14.704545454545455,4.363214837712519,3639,7.868429237947122,9.14961297172057,91.0,6.172545148697118,74.18103310375474,8.670441489192878,0.0,0.0,0.0,0.0,5.555555555555555,0.14992272024729522,45,18.285714285714285,32,1,0,1,2,1,0,0,44,9.708761845414244,4.307616783571905,5.0,0.4775888717156105,309,647,7.5086166347914896
470,9.988932584269666,17.0625,4.7032967032967035,3259,10.778154425612051,9.66116967984934,82.0,8.162500000000001,62.81290254237291,10.193785310734464,1.0,0.0,0.0,0.0,10.833333333333334,0.2326007326007326,38,19.916666666666668,17,0,0,1,4,1,0,0,32,10.805372152983287,5.169974105461394,9.0,0.4413919413919414,241,546,7.202690656637294
471,9.504652520085024,16.775,4.591654247391952,3941,9.42878338278932,9.699590743287256,116.0,8.871367880147645,60.73900448722591,11.323384236809728,1.0,0.0,0.0,0.0,10.833333333333334,0.16989567809239942,33,22.317073170731707,41,0,0,1,0,0,0,0,40,11.63996503585485,5.134647246146052,8.0,0.4426229508196721,297,671,7.381795954914374
472,7.197092833876219,14.975,4.337228714524207,3359,7.69586776859504,8.771361157024794,81.0,7.647923553719011,67.17006714876034,9.289669421487604,0.0,0.0,0.0,0.0,7.428571428571429,0.15692821368948248,31,21.375,27,0,0,1,2,1,0,2,40,10.183821238291419,4.549476239669421,7.0,0.4323873121869783,259,599,7.247476047481584
473,8.462576961271104,18.085714285714285,4.371248025276461,3545,7.995268138801258,8.623232425701477,79.0,7.4815108749792465,71.1402739498589,9.008069068570482,1.0,1.0,0.0,0.0,7.428571428571429,0.1500789889415482,41,23.44736842105263,44,0,0,1,0,0,0,0,35,9.549672527348893,4.615763905030715,7.0,0.46445497630331756,294,633,7.439128808639695
474,8.305413891128175,19.09090909090909,4.266666666666667,3497,7.584251968503935,9.684766865290488,108.0,7.511747180251117,71.77477548414556,9.510534156203446,1.0,0.0,0.0,0.0,11.8,0.17777777777777778,42,24.56756756756757,36,0,0,1,0,1,0,2,33,9.77003265185595,5.019494786124707,7.0,0.4888888888888889,308,630,7.4187761479362555
475,13.991091013824885,30.107142857142858,4.469750889679715,4760,9.543097238895559,10.030440456182472,135.0,11.945139604228789,57.28197614529684,14.109731634589322,0.0,0.0,0.0,0.0,20.666666666666668,0.20877817319098457,66,37.41935483870968,46,0,0,1,0,0,0,0,28,12.75420387040727,6.39323262208109,9.0,0.47330960854092524,399,843,7.760411827139324
476,7.35461115109436,16.901639344262296,4.322987390882639,5686,7.574975562072336,8.5547575885078,166.0,6.986699817246805,71.37831059543544,9.097590207828636,1.0,0.0,0.0,0.0,5.625,0.16682832201745879,45,21.014492753623188,55,0,0,1,0,6,0,0,61,9.61716801149149,4.543554507203876,6.0,0.4238603297769156,437,1031,7.820457328787121
477,11.982826032225582,22.488888888888887,4.645256916996048,5860,10.385065590312816,10.269090346451396,191.0,11.120401740665994,52.107329822569795,13.868827783383788,1.0,0.0,0.0,0.0,11.0,0.23221343873517786,61,28.729166666666668,52,0,0,1,2,6,0,0,45,13.328392162939544,6.0844721871846605,10.0,0.43774703557312256,443,1012,7.884953917745012
478,11.871165887644416,22.666666666666668,4.695588235294117,3997,10.79699248120301,10.447730429013712,158.0,11.113129146395405,50.22339562140647,13.658115877930118,0.0,0.0,0.0,0.0,11.333333333333334,0.23088235294117648,52,27.41176470588235,37,0,0,1,0,0,0,0,30,13.216016132239005,6.0539369747899165,10.0,0.513235294117647,349,680,7.59872685295996
479,12.225317460317463,25.026315789473685,4.390115667718192,5334,9.006157112526537,9.732669171974521,158.0,10.805964968152868,59.534297770700675,13.071804670912952,1.0,1.0,0.0,0.0,16.5,0.19242902208201892,60,33.85,58,0,0,1,0,2,0,1,38,12.38480682065935,6.058488428874734,9.0,0.4353312302839117,414,951,7.780338007407916
480,12.399640591966168,27.055555555555557,4.491786447638604,5549,10.025159914712155,9.936915589824961,182.0,11.082900282639958,54.456736996082725,13.928140030743293,0.0,0.0,0.0,0.0,16.0,0.20431211498973306,75,30.325581395348838,64,1,0,1,2,1,0,4,36,13.437107499252761,6.060183220112064,9.0,0.4394250513347023,428,974,7.901665199495377
481,16.161289640591967,23.681818181818183,5.27447216890595,3351,14.064077669902911,11.573493821712269,153.0,14.642069726390115,31.780403795233923,18.218005295675198,0.0,0.0,0.0,0.0,17.0,0.32245681381957775,42,31.954545454545453,32,0,0,1,0,0,0,1,22,16.303368980927107,7.395992497793468,16.0,0.5335892514395394,278,521,7.453944602209344
482,10.019056365928328,20.566666666666666,4.594813614262561,3615,9.530519480519484,10.02196435786436,124.0,9.319696969696974,58.72176767676771,11.90937950937951,1.0,0.0,0.0,0.0,10.5,0.22366288492706646,51,23.97222222222222,45,0,0,1,0,0,0,0,30,11.907253042259704,5.457510822510823,9.0,0.48946515397082657,302,617,7.452444307943349
483,11.832898550724636,24.53846153846154,4.528213166144201,3641,9.911433172302743,9.875699871175524,98.0,9.641454106280197,62.807108695652175,11.693848631239938,1.0,0.0,0.0,0.0,9.0,0.21003134796238246,89,28.666666666666668,42,0,0,1,0,0,0,1,26,11.275190411970641,5.6272652173913045,8.0,0.41379310344827586,264,638,7.22314848259726
484,14.709100559111903,23.333333333333332,5.117582417582417,5724,12.96670366259712,11.000430310495114,207.0,13.149189247719338,39.93042202430905,16.337413713759783,1.0,1.0,0.0,0.0,15.0,0.29010989010989013,74,29.48780487804878,59,0,0,1,2,0,0,0,39,15.231232930331522,6.705596491702986,14.0,0.45164835164835165,411,910,7.795670995400306
485,6.976934128075808,16.42222222222222,4.093369418132611,3869,6.673756906077351,7.858583474524248,94.0,7.031904235727442,73.30339656230817,8.645500306936771,1.0,0.0,0.0,0.0,11.4,0.15832205683355885,31,23.4,38,0,0,1,0,1,0,2,45,9.444778638647367,4.402284714548802,6.0,0.4370771312584574,323,739,7.421355751885398
486,11.658436199095028,25.0,4.515294117647059,4863,9.463356973995275,9.789128768867066,162.0,10.346832151300237,59.517307692307725,13.026804873613385,1.0,0.0,0.0,0.0,16.0,0.22588235294117648,57,30.17948717948718,51,0,0,1,0,0,0,0,34,12.322439938823607,6.022201673031461,9.0,0.45294117647058824,385,850,7.774001071839367
487,15.27735202850247,25.129032258064516,5.037227214377407,4947,12.454499366286438,11.246459350155547,173.0,12.92263163958982,44.99845143449707,15.545892383915197,0.0,1.0,0.0,0.0,22.333333333333332,0.26572528883183566,85,32.15151515151515,55,0,0,1,2,0,0,0,31,14.336111725619894,6.793451780159003,11.0,0.4762516046213094,371,779,7.817928351395805
488,12.249096061048142,26.11111111111111,4.3446808510638295,5202,8.564163090128755,9.15628852496047,142.0,10.826979896092162,61.122549130336594,12.900655071154283,1.0,0.0,0.0,0.0,11.6,0.1819148936170213,53,34.94736842105263,62,0,0,1,0,0,0,0,36,11.822596298655498,5.948927264513214,11.0,0.44468085106382976,418,940,7.799049815324067
489,11.446426731823287,24.78125,4.600252206809584,4598,9.695575221238936,9.399974535897265,150.0,10.772658526848094,54.90318101670107,13.282068001863065,1.0,0.0,0.0,0.0,10.166666666666666,0.23707440100882723,49,29.81578947368421,45,0,0,1,0,0,0,1,32,12.936686537176744,5.752787377736375,9.0,0.489281210592686,388,793,7.7097557592276855
490,15.492321249302847,24.65625,5.144486692015209,5095,12.865174129353235,11.522299547715965,184.0,14.459081863410223,34.79247625508822,16.71062867480778,1.0,1.0,0.0,0.0,13.2,0.2572877059569075,52,32.484848484848484,62,0,0,1,4,0,0,2,32,15.268049370443137,7.205118498417006,14.0,0.4790874524714829,378,789,7.763226243190021
491,15.579916618746402,29.75,4.93172268907563,5809,12.293461950696674,11.199839544045654,223.0,13.860401494742334,40.603241505170786,15.74565047362475,0.0,0.0,0.0,1.0,20.666666666666668,0.26785714285714285,86,34.13513513513514,62,0,0,1,0,8,0,1,32,14.438200795855117,7.076801599026679,13.0,0.4684873949579832,446,952,7.9994751803514665
492,15.459361391090255,23.675,5.209081309398099,6069,13.437632135306558,11.6410666890115,213.0,14.276824111792916,33.8007211364926,17.00939514257722,0.0,1.0,0.0,0.0,19.25,0.3146779303062302,50,31.878048780487806,47,0,0,1,8,0,0,4,40,15.746445784044532,7.2468625277161856,14.0,0.3991552270327349,378,947,7.4729234890287595
493,12.238728944181439,18.70967741935484,5.029310344827586,3598,11.693515358361775,9.990123890784982,103.0,10.911950897280633,50.498055157987466,13.841153803809314,0.0,0.0,0.0,0.0,12.0,0.2637931034482759,36,25.64516129032258,40,0,0,1,2,0,0,0,31,13.642876446229504,5.808450401849608,11.0,0.44655172413793104,259,580,7.291201691169133
494,8.5,17.16216216216216,4.49763779527559,3603,8.638993710691821,9.36572176100629,115.0,7.587415094339622,68.98423584905663,10.510943396226416,0.0,0.0,0.0,0.0,7.857142857142858,0.19055118110236222,45,22.5,36,0,0,1,0,0,0,2,37,10.63217841822275,5.068635849056603,7.0,0.45511811023622045,289,635,7.463041913948892
495,5.943697404290624,13.638297872340425,4.301092043681748,3560,7.003389830508475,8.683558480502548,84.0,5.477499999999999,78.02125651890483,7.211105843309233,1.0,0.0,0.0,0.0,5.444444444444445,0.15600624024961,31,17.807692307692307,32,0,0,1,0,0,0,2,47,8.263242389622931,4.069666735806566,4.0,0.4414976599063963,283,641,7.447929312316289
496,13.820924137931037,24.82758620689655,4.7125,4226,10.456,10.168872413793103,143.0,12.291310344827586,51.46772413793107,15.020689655172413,0.0,0.0,0.0,0.0,17.0,0.225,44,34.51724137931034,39,0,0,1,0,0,0,1,29,13.79031308682828,6.5584827586206895,9.0,0.49444444444444446,356,720,7.634602403292927
497,10.216707523245987,19.64,4.704684317718941,2938,9.712031558185402,10.545403240349394,92.0,9.509261059453369,59.13672337278109,11.108734854888702,1.0,0.0,0.0,0.0,12.8,0.24439918533604887,43,25.0,18,0,0,1,2,0,0,0,25,11.833174476933202,5.495460200056353,9.0,0.505091649694501,248,491,7.317827314281359
498,7.885936826992104,14.523809523809524,4.439344262295082,3411,8.513902847571188,8.599803278296243,92.0,7.683219669777461,65.29493718592965,9.772816463268725,1.0,0.0,0.0,0.0,13.4,0.1737704918032787,36,20.047619047619047,38,0,0,1,2,0,0,0,42,10.556716374046253,4.600668222062694,7.0,0.48360655737704916,295,610,7.520729319965714
499,11.567778656126485,20.652173913043477,4.671578947368421,2831,9.516363636363636,10.094907553798858,92.0,10.825296442687748,55.783162055335964,13.13394817742644,1.0,0.0,0.0,0.0,16.5,0.22526315789473683,38,30.26086956521739,23,0,0,1,0,0,0,0,23,12.356017616173464,6.097403601229688,9.0,0.4884210526315789,232,475,7.111096409612486
500,7.957647058823532,15.428571428571429,4.523809523809524,4319,8.413856209150328,8.653088235294117,121.0,7.612941176470592,67.19823529411767,10.49673202614379,1.0,0.0,0.0,0.0,11.0,0.17989417989417988,37,21.019607843137255,28,0,0,1,6,4,0,4,49,10.925994366650473,4.6739999999999995,7.0,0.43915343915343913,332,756,7.533216997733506
501,8.574560833671676,18.133333333333333,4.325980392156863,4460,7.628501827040193,9.02263029097307,108.0,8.269547706049533,68.26938584382192,10.269763161456218,1.0,1.0,0.0,0.0,10.666666666666666,0.16789215686274508,53,26.266666666666666,45,0,0,1,0,5,0,0,45,10.203070172399654,5.234121965083231,7.0,0.4178921568627451,341,816,7.652719845121549
502,10.714751807699827,19.866666666666667,4.6124161073825505,3578,9.948172757475085,10.704811432479968,122.0,9.505327340238424,58.45024037521986,12.13218682821966,1.0,0.0,0.0,0.0,17.0,0.19463087248322147,43,24.38235294117647,47,0,0,1,18,0,0,0,30,12.108454555606663,5.378386554621848,9.0,0.48322147651006714,288,596,7.3583052940855165
503,8.916615186615186,17.4,4.425287356321839,2905,8.44015444015444,9.33966411840412,84.0,8.638980694980692,63.87921750321753,11.076550836550837,1.0,0.0,0.0,0.0,12.2,0.1896551724137931,43,24.666666666666668,29,0,0,1,2,0,0,1,30,11.20814326018867,5.315684942084943,8.0,0.4885057471264368,255,522,7.349403436295669
504,10.940603448275859,21.379310344827587,4.438709677419355,3504,8.706389776357831,9.196984168778231,93.0,9.81232675994271,63.16046325878597,11.893268701112703,1.0,0.0,0.0,0.0,11.8,0.18064516129032257,43,30.0,45,0,0,1,0,0,0,0,29,11.414449908329054,5.558693511071938,8.0,0.4806451612903226,298,620,7.47743587143692
505,12.632152160430017,19.428571428571427,5.038235294117647,4239,11.72590448625181,10.694095931362414,127.0,11.884533388463925,45.02060202604923,14.959371511267316,0.0,0.0,0.0,1.0,23.333333333333332,0.2852941176470588,40,27.228571428571428,36,0,0,1,10,2,0,0,35,14.096552666868455,6.3234664461443035,10.0,0.425,289,680,7.401087034342296
506,12.904381931432624,20.483870967741936,5.003149606299212,3890,11.786813186813188,10.505684301412874,121.0,12.207858408872237,44.137256798501056,14.875555780624905,1.0,0.0,0.0,0.0,14.8,0.2503937007874016,41,27.35483870967742,28,0,0,1,0,0,0,1,31,14.415534720923937,6.314972502152225,11.0,0.4440944881889764,282,635,7.408652557384063
507,11.502414793854634,19.125,4.5891690009337065,6206,9.458834412580948,10.004717257078596,193.0,10.611160689992928,56.738371696504714,13.288792149607298,1.0,0.0,0.0,0.0,20.0,0.20915032679738563,57,29.725490196078432,62,0,0,1,6,0,0,1,56,12.926379034027164,5.9199689829678395,9.0,0.4351073762838469,466,1071,7.907633645945163
508,10.538846907360764,17.644444444444446,4.7544080604534,4695,10.244080604534005,9.26457376434369,122.0,9.288562552476911,59.894906521130736,11.138382311782816,1.0,1.0,0.0,0.0,12.4,0.2367758186397985,41,24.488888888888887,53,0,0,1,2,0,0,0,45,11.687633713980063,5.363138706968934,9.0,0.38413098236775817,305,794,7.27171468862627
509,14.58592387904067,25.333333333333332,4.916666666666667,4143,11.7021897810219,10.935417622523463,148.0,12.624356100104276,48.12579379562047,15.449947862356623,0.0,1.0,0.0,0.0,11.0,0.25,43,33.57142857142857,32,0,0,1,0,0,0,1,27,14.085920136335176,6.987734358706986,10.0,0.44883040935672514,307,684,7.457691072368639
510,10.68974160206718,19.194444444444443,4.615050651230101,3983,9.695348837209306,9.449934366925064,140.0,9.494728682170543,61.029082687338516,12.004909560723513,1.0,0.0,0.0,0.0,13.2,0.19826338639652677,36,26.666666666666668,37,0,0,1,2,0,0,1,36,11.645159339076184,5.558666666666667,8.0,0.5021707670043415,347,691,7.6881766877782125
511,10.161903790471179,18.0,4.632183908045977,3046,9.800773694390717,9.376860461548723,90.0,9.485002334422735,58.81272727272727,11.386353631694792,1.0,0.0,0.0,0.0,14.0,0.210727969348659,32,24.75862068965517,26,0,0,1,2,0,0,0,29,11.414449908329054,5.498531047822317,9.0,0.47126436781609193,246,522,7.259451449637976
512,8.500695772909594,18.68,4.310492505353319,2595,8.042950108459866,9.351111217849397,72.0,7.750377285404404,68.82093004338395,10.143198016733809,1.0,0.0,0.0,0.0,12.8,0.1841541755888651,39,23.357142857142858,33,0,0,1,0,1,0,0,25,10.451354775682146,4.914043461419276,7.0,0.5032119914346895,235,467,7.247997706541992
513,8.091521739130435,16.48,4.393203883495145,2334,8.14541062801932,9.278965700483091,52.0,7.548454106280197,68.25427536231885,10.384541062801933,0.0,1.0,0.0,0.0,6.0,0.19174757281553398,35,21.037037037037038,21,0,0,1,0,0,0,0,25,11.502022097120243,4.787473429951691,7.0,0.4684466019417476,193,412,7.005768618588339
514,5.874253752478047,15.068965517241379,4.102974828375286,2323,6.48,8.213499643493762,58.0,5.591786096256687,77.91079500891269,7.598573975044563,1.0,0.0,0.0,0.0,6.375,0.12814645308924486,36,18.242424242424242,22,0,0,1,0,1,0,2,29,8.841846274778883,4.030909090909091,5.0,0.47368421052631576,207,437,7.016851454088463
515,10.917184707612265,20.45,4.611246943765281,2426,9.628365384615389,9.059989880952381,54.0,10.119368131868132,57.794679487179536,11.76996336996337,1.0,0.0,0.0,0.0,11.2,0.21271393643031786,34,27.523809523809526,27,0,0,1,0,1,0,0,20,11.855464076750408,5.430700549450549,9.0,0.4743276283618582,194,409,6.9898737253273575
516,9.180883909119203,18.666666666666668,4.508928571428571,3249,8.696113074204948,9.31636372895448,75.0,8.373024319268346,64.68240490542507,10.545749324464769,0.0,0.0,0.0,0.0,12.8,0.22678571428571428,57,23.735294117647058,45,0,0,1,4,0,0,0,30,11.08844711333714,5.161500311785492,8.0,0.4017857142857143,225,560,7.016862667334493
517,11.855486234195915,22.38888888888889,4.79652605459057,2429,10.837220843672462,10.58306225924613,74.0,10.370216235377526,54.89363937138134,12.341202883138367,1.0,1.0,0.0,0.0,12.2,0.24317617866004962,43,26.285714285714285,23,0,0,1,0,0,0,0,18,12.540900571622839,5.828231832683445,11.0,0.5260545905707196,212,403,7.160360576046653
518,12.312602739726024,24.62962962962963,4.609022556390977,3840,10.232671755725189,10.239906615776082,109.0,10.201641221374047,60.809433842239216,12.45852417302799,1.0,1.0,0.0,0.0,9.0,0.19849624060150375,65,29.966666666666665,33,0,0,1,0,0,0,2,27,11.602472056035307,6.202080152671755,9.0,0.4180451127819549,278,665,7.335423969680691
519,7.812649039660762,19.424242424242426,4.15600624024961,3448,7.234920634920634,8.819863408521304,77.0,7.227218045112782,72.77593984962407,9.996658312447787,1.0,0.0,0.0,0.0,11.8,0.15600624024961,53,23.789473684210527,34,0,0,1,0,4,0,2,33,10.542938554032801,4.6099649122807005,6.0,0.41809672386895474,268,641,7.215618958453136
520,8.434225708502026,18.41176470588235,4.345047923322683,3497,7.95169082125604,8.718759242308671,88.0,7.314822018815153,71.72602402745997,9.43539282990084,1.0,1.0,0.0,0.0,6.5,0.17731629392971246,46,22.973684210526315,44,0,0,1,2,0,0,1,34,9.875794921842921,4.832769853377404,7.0,0.46325878594249204,290,626,7.29012093785838
521,7.4111582381729235,16.7027027027027,4.239482200647249,3370,7.398692810457515,8.11067411764706,81.0,6.958699346405229,72.42314705882355,9.518692810457518,0.0,0.0,0.0,0.0,10.166666666666666,0.1423948220064725,36,21.45,17,0,0,1,6,3,0,5,37,10.067206243781511,4.429633333333333,6.0,0.42394822006472493,262,618,7.247405870509818
522,7.220136172319883,18.516129032258064,4.128919860627177,3076,6.5493934142114405,7.245491255261204,55.0,6.934055954444169,74.71170537261699,8.674008417925227,1.0,0.0,0.0,0.0,7.428571428571429,0.15156794425087108,49,24.62857142857143,35,0,0,1,0,0,0,0,31,9.534367207540994,4.236622629363703,6.0,0.3780487804878049,217,574,6.874469062714666
523,8.460687830687831,17.181818181818183,4.499118165784832,3228,8.821785714285717,8.947680555555555,103.0,8.113452380952381,64.5993253968254,10.293650793650794,1.0,0.0,0.0,0.0,12.2,0.20105820105820105,30,21.88888888888889,31,0,0,1,0,2,0,0,33,11.151842621240363,4.905904761904761,7.0,0.5291005291005291,300,567,7.559098480851789
524,9.648670653533458,17.07894736842105,4.645608628659476,3814,9.516030534351149,8.712334801330984,82.0,8.254656488549621,65.79431199843415,10.87062047367391,0.0,0.0,0.0,0.0,8.142857142857142,0.21879815100154082,34,23.58974358974359,30,0,0,1,0,0,0,0,38,10.998262109633547,4.927076923076923,8.0,0.3882896764252696,252,649,6.981541973813967
525,11.256486486486487,18.694444444444443,4.895988112927192,4085,11.39758672699849,10.481328959276018,127.0,10.261719457013577,51.7700452488688,11.445550527903471,1.0,0.0,0.0,0.0,10.5,0.24071322436849926,64,22.76923076923077,34,0,0,1,0,8,0,1,36,11.75903720451349,5.713526395173455,10.0,0.4413075780089153,297,673,7.497208076421741
526,7.147685281099914,21.74074074074074,4.090289608177172,3117,6.872631578947367,7.697116880037933,54.0,6.710388809862497,74.39114509246089,7.284969179706022,1.0,0.0,0.0,0.0,8.333333333333334,0.14480408858603067,69,21.72972972972973,18,1,0,1,2,0,0,0,27,8.994212911058018,4.157828828828828,6.0,0.4190800681431005,246,587,7.31114116600222
527,8.39296638101516,19.647058823529413,4.377245508982036,3737,8.16656626506024,8.482398530708199,77.0,6.951097560975612,74.07195121951221,9.369615045548047,0.0,0.0,0.0,0.0,7.428571428571429,0.19311377245508982,48,23.024390243902438,27,0,0,1,0,1,0,4,34,9.624276277673207,4.67672906259183,7.0,0.4491017964071856,300,668,7.412556234300474
528,7.31730061770762,14.875,4.245798319327731,2586,7.484368308351176,7.900102569593148,54.0,6.683876493748706,73.97406645023142,8.681052704289563,0.0,0.0,0.0,0.0,4.090909090909091,0.15546218487394958,31,21.322580645161292,34,1,0,1,0,1,0,0,32,9.285337120503966,4.362668508668923,6.0,0.4411764705882353,210,476,7.08129201798525
529,13.586558038485414,30.0,4.366666666666666,4045,9.20395480225989,9.575992278719397,119.0,11.82,57.02368173258006,13.991713747645953,1.0,0.0,0.0,0.0,15.25,0.18888888888888888,55,36.666666666666664,54,0,0,1,0,0,0,0,24,12.713608565620067,6.334073446327682,9.0,0.4777777777777778,344,720,7.597099222805493
530,11.764571375556656,26.743589743589745,4.410354745925216,5908,9.206225680933851,9.866942015067472,163.0,10.68612716284461,57.405391588707715,13.379286364765296,1.0,0.0,0.0,0.0,13.4,0.2214765100671141,58,31.170212765957448,67,0,0,1,4,2,0,2,39,13.023866798666859,5.8805875486381325,12.0,0.4161073825503356,434,1043,7.842687574149182
531,15.952376878359111,30.08823529411765,4.712609970674487,6029,11.092490118577075,10.725820992534036,215.0,13.656337285902506,47.22238032498905,16.066578831796225,1.0,0.0,0.0,0.0,20.0,0.2316715542521994,65,38.72222222222222,64,0,0,1,0,0,0,0,34,14.026661615639835,7.182113306982872,10.0,0.4789833822091887,490,1023,7.969245377866623
532,14.674215869774827,27.25,4.889908256880734,3981,11.64747320061256,10.977984113209688,150.0,13.267949634167092,43.014448981906895,15.187090919403325,0.0,0.0,0.0,0.0,22.666666666666668,0.25229357798165136,76,33.407407407407405,39,0,0,1,0,0,0,0,24,14.50157373656624,6.96212795644036,14.0,0.4938837920489297,323,654,7.483026030385489
533,8.950617423630195,22.2972972972973,4.20969696969697,4514,7.88507462686567,9.040100843608046,139.0,7.723039152065759,70.82292342634653,9.329612805537531,0.0,0.0,0.0,0.0,8.5,0.16,50,25.195652173913043,56,1,0,1,0,1,0,0,37,9.598917432408403,5.068360155743024,8.0,0.4909090909090909,405,825,7.805415789961383
534,8.304381279659633,16.694915254237287,4.402030456852792,5517,8.44979253112033,9.096423460449188,169.0,8.004175064216561,64.93044490548643,10.435987617730357,1.0,0.0,0.0,0.0,7.857142857142858,0.19289340101522842,64,21.857142857142858,74,0,0,1,0,0,0,0,59,11.143767387567205,4.816440821971942,7.0,0.44771573604060916,441,985,7.8251370717099515
535,13.107374938088164,24.85185185185185,4.751117734724292,4009,10.796125186289121,10.48770484848485,139.0,11.89693442622951,49.604964480874344,14.907918529557874,0.0,1.0,0.0,0.0,12.4,0.2578241430700447,52,30.733333333333334,42,0,0,1,0,0,0,1,27,14.314028922438442,6.415054694485841,10.0,0.4992548435171386,335,671,7.633808385576591
536,11.849756097560977,21.2972972972973,4.7969543147208125,4711,10.96456996148909,10.598964184852374,175.0,11.13322207958922,49.08401797175867,14.018485237483953,0.0,0.0,0.0,0.0,18.75,0.2614213197969543,60,26.48780487804878,45,0,0,1,2,0,0,1,37,13.647759761145032,6.167550706033376,10.0,0.434010152284264,342,788,7.465917314372401
537,12.07324066213922,28.0,4.501457725947522,7910,9.477883908890526,10.096916458486408,249.0,10.970247327629117,55.50958681946389,13.541850157616555,0.0,0.0,0.0,0.0,11.0,0.20481049562682216,76,31.0,79,0,0,1,6,1,0,2,49,13.023866798666859,6.051003282690621,10.0,0.41909620991253643,575,1372,8.088011142664
538,13.884087876696576,26.791666666666668,4.786936236391913,3851,11.026875,10.388047453703704,135.0,13.032256944444445,43.84667824074077,15.606481481481481,0.0,0.0,0.0,0.0,18.0,0.2363919129082426,55,32.666666666666664,33,0,0,1,6,1,0,0,24,14.06817628641468,6.734347222222221,13.0,0.49922239502332816,321,643,7.676515205210664
539,14.162949475354907,25.475,4.91756624141315,6274,11.67890625,10.742917116477273,222.0,12.93792613636364,43.755369318181835,15.94971590909091,1.0,1.0,0.0,0.0,15.0,0.267909715407262,65,31.636363636363637,58,0,0,1,4,1,0,2,40,14.587005359500605,6.698774857954545,14.0,0.45829244357212956,467,1019,7.914004932258451
540,14.503820057668051,23.933333333333334,5.023676880222841,4422,12.22625698324022,11.023119553072625,150.0,13.408524058388899,40.06803117678865,16.277815822670753,1.0,0.0,0.0,0.0,17.0,0.2618384401114206,40,30.806451612903224,32,0,0,1,0,0,0,1,30,15.138584679121934,6.846203820508199,14.0,0.4554317548746518,327,718,7.570680906286255
541,11.869955581877406,21.951219512195124,4.738888888888889,5405,10.37916666666667,9.962533253588518,179.0,11.267539872408296,51.19747607655506,13.554066985645932,0.0,1.0,0.0,0.0,10.333333333333334,0.24222222222222223,85,29.0,48,0,0,1,4,2,0,1,41,13.0985453433752,5.958694577352471,9.0,0.44555555555555554,401,900,7.777505045551397
542,13.361355140186916,28.08695652173913,4.469040247678018,3644,9.540125391849529,9.777887611285266,115.0,12.395715360501569,51.645366144200665,15.286369905956114,1.0,1.0,0.0,0.0,22.0,0.24458204334365324,59,37.04,36,1,0,1,4,2,0,1,23,14.028325238520395,6.4457839498432605,9.0,0.5046439628482973,326,646,7.601152576413575
543,14.332292734047506,25.166666666666668,4.860927152317881,2744,11.425720620842576,10.905776414984246,104.0,12.71481853191738,46.18157311238184,15.791854358734975,1.0,0.0,0.0,0.0,17.5,0.26490066225165565,52,32.36842105263158,24,0,0,1,0,0,0,0,18,14.703951732595929,6.664830435289998,10.0,0.5298013245033113,240,453,7.315021234717215
544,17.38233249051833,31.64,5.027812895069532,4948,12.89123252858958,11.952532964240335,182.0,15.343323198402615,35.12048125794158,19.32417861680886,0.0,0.0,0.0,0.0,22.666666666666668,0.27939317319848295,58,38.32142857142857,41,0,0,1,6,0,0,0,25,17.080704477621918,7.632348565982937,11.0,0.46523388116308473,368,791,7.7373140950677834
545,14.11707773109243,29.73913043478261,4.809941520467836,4076,11.442793462109957,10.811509467204417,153.0,12.755102419868393,46.425079866270465,16.15217575886224,0.0,0.0,0.0,0.0,16.25,0.23538011695906433,60,33.357142857142854,34,0,0,1,2,0,0,0,23,14.503471521099527,6.911542400764169,10.0,0.4415204678362573,302,684,7.348864698087449
546,14.798594500218243,31.347826086956523,4.859916782246879,4331,11.631549295774647,10.45518285575522,167.0,13.054332200097136,45.075985915492964,16.440990772219525,1.0,0.0,0.0,0.0,24.333333333333332,0.2635228848821082,71,33.37931034482759,36,0,0,1,6,0,0,0,23,14.846354209365629,6.7983929091792135,14.0,0.47711511789181693,344,721,7.673986609899573
547,10.810957929279894,20.771428571428572,4.609353507565337,4208,9.45866302864939,9.207479108439955,118.0,9.200336270786476,64.38596290697248,10.980258840013274,0.0,0.0,0.0,0.0,4.9,0.2063273727647868,60,28.243243243243242,48,0,0,1,0,0,0,0,35,10.986757480514221,5.462610818185169,8.0,0.42778541953232463,311,727,7.313034150242515
548,9.109908683766651,16.862068965517242,4.588957055214724,3025,8.675623800383878,10.784070150642703,88.0,8.165353341476184,64.64101320304775,11.382330018030594,0.0,0.0,0.0,0.0,11.0,0.2474437627811861,32,22.242424242424242,48,0,0,1,24,0,0,0,29,11.567385478589937,5.128430640376898,10.0,0.4723926380368098,231,489,7.116338056787959
549,11.87968961201502,20.58823529411765,4.73,4138,10.234042553191493,9.659537964121819,146.0,11.66130371297455,48.38867647058825,14.47851481017939,1.0,0.0,0.0,0.0,13.8,0.23714285714285716,41,28.941176470588236,54,0,0,1,0,0,0,2,34,14.126518440385961,6.068208385481851,13.0,0.48142857142857143,337,700,7.60414006797209
550,7.729831081081084,16.20754716981132,4.233993015133876,4718,6.821493212669683,9.425475511312218,78.0,7.4033900452488695,73.47396289592761,9.832180995475113,1.0,0.0,0.0,0.0,13.0,0.1408614668218859,36,25.4,34,0,0,1,4,1,0,1,53,9.984395529734659,4.684142443438914,6.0,0.35157159487776485,302,859,7.407623224805018
551,9.799353136603479,17.666666666666668,4.6126526082130965,5192,9.395791805094134,9.935420513321608,177.0,9.02182789394828,61.91668555794412,10.936173539183116,0.0,0.0,0.0,0.0,10.5,0.23307436182019978,49,24.745098039215687,51,0,0,1,0,1,0,0,51,10.925994366650473,5.573624649859944,9.0,0.46392896781354054,418,901,7.803061907874517
552,6.037022635854562,12.984126984126984,4.273838630806846,4443,6.900122399020809,8.194114687882497,116.0,6.0431959963675155,75.2063085837249,8.159584633000355,1.0,0.0,0.0,0.0,5.111111111111111,0.1625916870415648,32,18.741935483870968,35,0,0,1,0,6,0,1,63,9.19923166143015,4.1285950764006785,5.0,0.421760391198044,345,818,7.538421126694453
553,10.40852433281005,16.846153846153847,4.824200913242009,2627,10.442176870748298,10.278200470957614,104.0,10.317063492063493,51.30475274725279,13.04311878597593,1.0,0.0,0.0,0.0,18.0,0.2374429223744292,37,23.653846153846153,24,0,0,1,2,1,0,0,26,13.087092788941725,5.609715245072387,9.0,0.5753424657534246,252,438,7.332465362572076
554,8.88070120238229,14.777777777777779,4.704260651629073,4751,9.596044499381957,9.577356446791775,154.0,8.40810293291381,60.97919114507252,10.877455893920667,1.0,0.0,0.0,0.0,5.777777777777778,0.22556390977443608,50,20.054545454545455,54,0,0,1,0,3,0,1,54,11.171336493549653,5.124106663670075,8.0,0.49874686716791977,398,798,7.918142351177228
555,8.090368663594468,19.375,4.237096774193549,3339,7.291290322580647,8.106080184331798,68.0,7.857603686635944,70.2785483870968,8.698617511520737,1.0,0.0,0.0,0.0,11.6,0.16612903225806452,34,25.428571428571427,23,1,0,1,2,0,0,0,32,9.819183407551808,4.6128433179723505,7.0,0.4612903225806452,286,620,7.510245868726542
556,11.364956385596066,23.029411764705884,4.379310344827586,4338,8.344486692015213,9.010186035935288,105.0,10.061054573920824,64.2620180049206,11.614418847386865,1.0,0.0,0.0,0.0,15.0,0.15708812260536398,64,33.0,50,0,0,1,0,0,0,0,34,10.718039707386858,5.549812681726683,10.0,0.46360153256704983,363,783,7.636650616611373
557,9.751420705211132,19.846153846153847,4.386304909560724,4263,8.277619663648128,8.745832882210502,123.0,9.527063389391984,62.06077586492853,11.860934753043422,0.0,0.0,0.0,0.0,12.8,0.19767441860465115,42,28.564102564102566,32,0,0,1,0,0,0,1,39,12.230961643895458,5.3803934719872615,8.0,0.4263565891472868,330,774,7.434683278134606
558,14.88791059427622,22.823529411764707,5.130154639175258,4890,12.83876765083441,11.11730093634373,147.0,13.5525201993506,38.706131352412626,16.250713584535227,1.0,1.0,0.0,0.0,17.75,0.30283505154639173,45,31.764705882352942,37,0,0,1,8,0,0,4,34,15.287203543098563,6.917825832515291,14.0,0.38788659793814434,301,776,7.232284885172724
559,10.147984496124032,18.609756097560975,4.73132372214941,4549,9.980361757105946,10.201764702842379,149.0,9.48880103359173,57.66769767441863,12.202997416020672,1.0,0.0,0.0,0.0,10.166666666666666,0.2254259501965924,53,23.977777777777778,35,0,0,1,2,0,0,1,41,12.020126974802555,5.575311111111111,9.0,0.44823066841415465,342,763,7.619199837455349
560,7.332645357534659,14.486486486486486,4.432835820895522,3008,7.915498154981549,9.169991792161166,81.0,7.387548618729433,68.18839283933382,9.254293407798944,1.0,0.0,0.0,0.0,8.333333333333334,0.16977611940298507,34,20.62162162162162,23,0,0,1,0,2,0,0,37,10.219675759033578,4.967190086765733,7.0,0.4701492537313433,252,536,7.31862397181502
561,12.190161186331402,20.45,4.9535452322738385,2578,11.235460992907797,11.160007242639159,96.0,10.682631635503977,52.71931818181821,13.459230603911454,0.0,0.0,0.0,0.0,13.0,0.2567237163814181,38,26.136363636363637,31,0,0,1,2,0,0,0,20,13.172668634160413,6.1117475822050285,12.0,0.5183374083129584,212,409,7.113413765180295
562,10.327252082351094,19.583333333333332,4.4950354609929075,3999,8.985572842998586,8.898679412226937,108.0,8.892929042904292,66.2837059955996,10.91071821467861,1.0,1.0,0.0,0.0,10.166666666666666,0.1702127659574468,40,26.97222222222222,40,0,0,1,2,0,0,0,36,11.20814326018867,5.104264380009429,8.0,0.48936170212765956,345,705,7.643726894102186
563,9.663063582062403,17.58139534883721,4.584656084656085,4377,9.113168187744456,10.141395072920773,142.0,9.381896243291592,59.56908523089052,11.672041478426975,0.0,0.0,0.0,0.0,12.2,0.2037037037037037,34,25.511627906976745,34,0,0,1,6,0,0,0,43,11.709283483157638,5.574124738485795,9.0,0.43783068783068785,331,756,7.414395417605098
564,12.537445317006082,20.242424242424242,4.962574850299402,4107,11.27730600292826,11.413699272372332,143.0,11.987235458538532,45.983651892275645,15.13091086561072,0.0,0.0,0.0,0.0,18.75,0.27395209580838326,48,29.12121212121212,28,0,0,1,2,0,0,0,33,14.336111725619894,6.514812990815919,10.0,0.41916167664670656,280,668,7.201462418187605
