orig_split,orig_idx,source_dataset,education_level,llm_judge_label,judge_raw_response
train,0,agentlans-readability,elementary,elementary,elementary
train,1,agentlans-readability,elementary,elementary,elementary
train,2,agentlans-readability,elementary,elementary,elementary
train,3,agentlans-readability,elementary,elementary,elementary
train,4,agentlans-readability,elementary,elementary,elementary
train,5,agentlans-readability,elementary,elementary,elementary
train,6,agentlans-readability,elementary,elementary,elementary
train,7,agentlans-readability,elementary,middle,middle
train,8,agentlans-readability,elementary,elementary,elementary
train,9,agentlans-readability,elementary,elementary,elementary
train,10,agentlans-readability,elementary,elementary,elementary
train,11,agentlans-readability,elementary,elementary,elementary
train,12,agentlans-readability,elementary,middle,middle
train,13,agentlans-readability,elementary,elementary,elementary
train,14,agentlans-readability,elementary,elementary,elementary
train,15,agentlans-readability,elementary,elementary,elementary
train,16,agentlans-readability,elementary,elementary,elementary
train,17,agentlans-readability,elementary,elementary,elementary
train,18,agentlans-readability,elementary,elementary,elementary
train,19,agentlans-readability,elementary,middle,middle
train,20,agentlans-readability,elementary,elementary,elementary
train,21,agentlans-readability,elementary,elementary,elementary
train,22,agentlans-readability,elementary,elementary,elementary
train,23,agentlans-readability,elementary,elementary,elementary
train,24,agentlans-readability,elementary,elementary,elementary
train,25,agentlans-readability,elementary,elementary,elementary
train,26,agentlans-readability,elementary,elementary,elementary
train,27,agentlans-readability,elementary,middle,middle
train,28,agentlans-readability,elementary,elementary,elementary
train,29,agentlans-readability,elementary,elementary,elementary
train,30,agentlans-readability,elementary,elementary,elementary
train,31,agentlans-readability,elementary,elementary,elementary
train,32,agentlans-readability,elementary,elementary,elementary
train,33,agentlans-readability,elementary,elementary,elementary
train,34,agentlans-readability,elementary,elementary,elementary
train,35,agentlans-readability,elementary,middle,middle
train,36,agentlans-readability,elementary,elementary,elementary
train,37,agentlans-readability,elementary,elementary,elementary
train,38,agentlans-readability,elementary,elementary,elementary
train,39,agentlans-readability,elementary,elementary,elementary
train,40,agentlans-readability,elementary,elementary,elementary
train,41,agentlans-readability,elementary,elementary,elementary
train,42,agentlans-readability,elementary,elementary,elementary
train,43,agentlans-readability,elementary,high,high
train,44,agentlans-readability,elementary,elementary,elementary
train,45,agentlans-readability,elementary,elementary,elementary
train,46,agentlans-readability,elementary,elementary,elementary
train,47,agentlans-readability,elementary,elementary,elementary
train,48,agentlans-readability,elementary,middle,middle
train,49,agentlans-readability,elementary,elementary,elementary
train,50,agentlans-readability,elementary,elementary,elementary
train,51,agentlans-readability,elementary,elementary,elementary
train,52,agentlans-readability,elementary,elementary,elementary
train,53,agentlans-readability,elementary,elementary,elementary
train,54,agentlans-readability,elementary,elementary,elementary
train,55,agentlans-readability,elementary,elementary,elementary
train,56,agentlans-readability,elementary,elementary,elementary
train,57,agentlans-readability,elementary,elementary,elementary
train,58,agentlans-readability,elementary,elementary,elementary
train,59,agentlans-readability,elementary,middle,middle
train,60,agentlans-readability,elementary,elementary,elementary
train,61,agentlans-readability,elementary,elementary,elementary
train,62,agentlans-readability,elementary,middle,middle
train,63,agentlans-readability,elementary,elementary,elementary
train,64,agentlans-readability,elementary,elementary,elementary
train,65,agentlans-readability,elementary,elementary,elementary
train,66,agentlans-readability,elementary,elementary,elementary
train,67,agentlans-readability,elementary,elementary,elementary
train,68,agentlans-readability,elementary,elementary,elementary
train,69,agentlans-readability,elementary,elementary,elementary
train,70,agentlans-readability,elementary,elementary,elementary
train,71,agentlans-readability,elementary,elementary,elementary
train,72,agentlans-readability,elementary,elementary,elementary
train,73,agentlans-readability,elementary,middle,middle
train,74,agentlans-readability,elementary,middle,middle
train,75,agentlans-readability,elementary,elementary,elementary
train,76,agentlans-readability,elementary,elementary,elementary
train,77,agentlans-readability,elementary,elementary,elementary
train,78,agentlans-readability,elementary,middle,middle
train,79,agentlans-readability,elementary,elementary,elementary
train,80,agentlans-readability,elementary,elementary,elementary
train,81,agentlans-readability,elementary,elementary,elementary
train,82,agentlans-readability,elementary,elementary,elementary
train,83,agentlans-readability,elementary,elementary,elementary
train,84,agentlans-readability,elementary,elementary,elementary
train,85,agentlans-readability,elementary,elementary,elementary
train,86,agentlans-readability,elementary,elementary,elementary
train,87,agentlans-readability,elementary,middle,middle
train,88,agentlans-readability,elementary,elementary,elementary
train,89,agentlans-readability,elementary,elementary,elementary
train,90,agentlans-readability,elementary,elementary,elementary
train,91,agentlans-readability,elementary,elementary,elementary
train,92,agentlans-readability,elementary,elementary,elementary
train,93,agentlans-readability,elementary,elementary,elementary
train,94,agentlans-readability,elementary,elementary,elementary
train,95,agentlans-readability,elementary,elementary,elementary
train,96,agentlans-readability,elementary,elementary,elementary
train,97,agentlans-readability,elementary,elementary,elementary
train,98,agentlans-readability,elementary,elementary,elementary
train,99,agentlans-readability,elementary,elementary,elementary
train,100,agentlans-readability,elementary,middle,middle
train,101,agentlans-readability,elementary,elementary,elementary
train,102,agentlans-readability,elementary,elementary,elementary
train,103,agentlans-readability,elementary,elementary,elementary
train,104,agentlans-readability,elementary,elementary,elementary
train,105,agentlans-readability,elementary,elementary,elementary
train,106,agentlans-readability,elementary,elementary,elementary
train,107,agentlans-readability,elementary,elementary,elementary
train,108,agentlans-readability,elementary,elementary,elementary
train,109,agentlans-readability,elementary,elementary,elementary
train,110,agentlans-readability,elementary,elementary,elementary
train,111,agentlans-readability,elementary,elementary,elementary
train,112,agentlans-readability,elementary,elementary,elementary
train,113,agentlans-readability,elementary,elementary,elementary
train,114,agentlans-readability,elementary,elementary,elementary
train,115,agentlans-readability,elementary,elementary,elementary
train,116,agentlans-readability,elementary,elementary,elementary
train,117,agentlans-readability,elementary,elementary,elementary
train,118,agentlans-readability,elementary,elementary,elementary
train,119,agentlans-readability,elementary,elementary,elementary
train,120,agentlans-readability,elementary,elementary,elementary
train,121,agentlans-readability,elementary,elementary,elementary
train,122,agentlans-readability,elementary,elementary,elementary
train,123,agentlans-readability,elementary,elementary,elementary
train,124,agentlans-readability,elementary,elementary,elementary
train,125,agentlans-readability,elementary,elementary,elementary
train,126,agentlans-readability,elementary,elementary,elementary
train,127,agentlans-readability,elementary,elementary,elementary
train,128,agentlans-readability,elementary,elementary,elementary
train,129,agentlans-readability,elementary,elementary,elementary
train,130,agentlans-readability,elementary,elementary,elementary
train,131,agentlans-readability,elementary,elementary,elementary
train,132,agentlans-readability,elementary,elementary,elementary
train,133,agentlans-readability,elementary,elementary,elementary
train,134,agentlans-readability,elementary,elementary,elementary
train,135,agentlans-readability,elementary,elementary,elementary
train,136,agentlans-readability,elementary,high,high
train,137,agentlans-readability,elementary,middle,middle
train,138,agentlans-readability,elementary,elementary,elementary
train,139,agentlans-readability,elementary,elementary,elementary
train,140,agentlans-readability,elementary,elementary,elementary
train,141,agentlans-readability,elementary,elementary,elementary
train,142,agentlans-readability,elementary,elementary,elementary
train,143,agentlans-readability,elementary,middle,middle
train,144,agentlans-readability,elementary,middle,middle
train,145,agentlans-readability,elementary,elementary,elementary
train,146,agentlans-readability,elementary,elementary,elementary
train,147,agentlans-readability,elementary,elementary,elementary
train,148,agentlans-readability,elementary,elementary,elementary
train,149,agentlans-readability,elementary,elementary,elementary
train,150,agentlans-readability,elementary,elementary,elementary
train,151,agentlans-readability,elementary,elementary,elementary
train,152,agentlans-readability,elementary,elementary,elementary
train,153,agentlans-readability,elementary,elementary,elementary
train,154,agentlans-readability,elementary,elementary,elementary
train,155,agentlans-readability,elementary,elementary,elementary
train,156,agentlans-readability,elementary,elementary,elementary
train,157,agentlans-readability,elementary,middle,middle
train,158,agentlans-readability,elementary,elementary,elementary
train,159,agentlans-readability,elementary,middle,middle
train,160,agentlans-readability,elementary,middle,middle
train,161,agentlans-readability,elementary,elementary,elementary
train,162,agentlans-readability,elementary,elementary,elementary
train,163,agentlans-readability,elementary,elementary,elementary
train,164,agentlans-readability,elementary,elementary,elementary
train,165,agentlans-readability,elementary,elementary,elementary
train,166,agentlans-readability,elementary,elementary,elementary
train,167,agentlans-readability,elementary,elementary,elementary
train,168,agentlans-readability,elementary,elementary,elementary
train,169,agentlans-readability,elementary,elementary,elementary
train,170,agentlans-readability,elementary,elementary,elementary
train,171,agentlans-readability,elementary,elementary,elementary
train,172,agentlans-readability,elementary,elementary,elementary
train,173,agentlans-readability,elementary,elementary,elementary
train,174,agentlans-readability,elementary,elementary,elementary
train,175,agentlans-readability,elementary,middle,middle
train,176,agentlans-readability,elementary,elementary,elementary
train,177,agentlans-readability,elementary,elementary,elementary
train,178,agentlans-readability,elementary,elementary,elementary
train,179,agentlans-readability,elementary,elementary,elementary
train,180,agentlans-readability,elementary,elementary,elementary
train,181,agentlans-readability,elementary,elementary,elementary
train,182,agentlans-readability,elementary,elementary,elementary
train,183,agentlans-readability,elementary,elementary,elementary
train,184,agentlans-readability,elementary,elementary,elementary
train,185,agentlans-readability,elementary,middle,middle
train,186,agentlans-readability,elementary,elementary,elementary
train,187,agentlans-readability,elementary,elementary,elementary
train,188,agentlans-readability,elementary,elementary,elementary
train,189,agentlans-readability,elementary,elementary,elementary
train,190,agentlans-readability,elementary,elementary,elementary
train,191,agentlans-readability,elementary,elementary,elementary
train,192,agentlans-readability,elementary,elementary,elementary
train,193,agentlans-readability,elementary,elementary,elementary
train,194,agentlans-readability,elementary,elementary,elementary
train,195,agentlans-readability,elementary,elementary,elementary
train,196,agentlans-readability,elementary,elementary,elementary
train,197,agentlans-readability,elementary,elementary,elementary
train,198,agentlans-readability,elementary,elementary,elementary
train,199,agentlans-readability,elementary,elementary,elementary
train,200,agentlans-readability,elementary,middle,middle
train,201,agentlans-readability,elementary,elementary,elementary
train,202,agentlans-readability,elementary,elementary,elementary
train,203,agentlans-readability,elementary,elementary,elementary
train,204,agentlans-readability,elementary,elementary,elementary
train,205,agentlans-readability,elementary,elementary,elementary
train,206,agentlans-readability,elementary,elementary,elementary
train,207,agentlans-readability,elementary,elementary,elementary
train,208,agentlans-readability,elementary,elementary,elementary
train,209,agentlans-readability,elementary,elementary,elementary
train,210,agentlans-readability,elementary,elementary,elementary
train,211,agentlans-readability,elementary,elementary,elementary
train,212,agentlans-readability,elementary,elementary,elementary
train,213,agentlans-readability,elementary,elementary,elementary
train,214,agentlans-readability,elementary,elementary,elementary
train,215,agentlans-readability,elementary,middle,middle
train,216,agentlans-readability,elementary,elementary,elementary
train,217,agentlans-readability,elementary,elementary,elementary
train,218,agentlans-readability,elementary,elementary,elementary
train,219,agentlans-readability,elementary,middle,middle
train,220,agentlans-readability,elementary,elementary,elementary
train,221,agentlans-readability,elementary,elementary,elementary
train,222,agentlans-readability,elementary,elementary,elementary
train,223,agentlans-readability,elementary,elementary,elementary
train,224,agentlans-readability,elementary,elementary,elementary
train,225,agentlans-readability,elementary,elementary,elementary
train,226,agentlans-readability,elementary,middle,middle
train,227,agentlans-readability,elementary,elementary,elementary
train,228,agentlans-readability,elementary,elementary,elementary
train,229,agentlans-readability,elementary,middle,middle
train,230,agentlans-readability,elementary,elementary,elementary
train,231,agentlans-readability,elementary,middle,middle
train,232,agentlans-readability,elementary,elementary,elementary
train,233,agentlans-readability,elementary,elementary,elementary
train,234,agentlans-readability,elementary,elementary,elementary
train,235,agentlans-readability,elementary,elementary,elementary
train,236,agentlans-readability,elementary,elementary,elementary
train,237,agentlans-readability,elementary,elementary,elementary
train,238,agentlans-readability,elementary,middle,middle
train,239,agentlans-readability,elementary,middle,middle
train,240,agentlans-readability,elementary,elementary,elementary
train,241,agentlans-readability,elementary,elementary,elementary
train,242,agentlans-readability,elementary,elementary,elementary
train,243,agentlans-readability,elementary,elementary,elementary
train,244,agentlans-readability,elementary,elementary,elementary
train,245,agentlans-readability,elementary,elementary,elementary
train,246,agentlans-readability,elementary,elementary,elementary
train,247,agentlans-readability,elementary,middle,middle
train,248,agentlans-readability,elementary,middle,middle
train,249,agentlans-readability,elementary,elementary,elementary
train,250,agentlans-readability,elementary,elementary,elementary
train,251,agentlans-readability,elementary,elementary,elementary
train,252,agentlans-readability,elementary,elementary,elementary
train,253,agentlans-readability,elementary,middle,middle
train,254,agentlans-readability,elementary,elementary,elementary
train,255,agentlans-readability,elementary,elementary,elementary
train,256,agentlans-readability,elementary,elementary,elementary
train,257,agentlans-readability,elementary,elementary,elementary
train,258,agentlans-readability,elementary,elementary,elementary
train,259,agentlans-readability,elementary,elementary,elementary
train,260,agentlans-readability,elementary,elementary,elementary
train,261,agentlans-readability,elementary,elementary,elementary
train,262,agentlans-readability,elementary,middle,middle
train,263,agentlans-readability,elementary,elementary,elementary
train,264,agentlans-readability,elementary,elementary,elementary
train,265,agentlans-readability,elementary,elementary,elementary
train,266,agentlans-readability,elementary,middle,middle
train,267,agentlans-readability,elementary,elementary,elementary
train,268,agentlans-readability,elementary,elementary,elementary
train,269,agentlans-readability,elementary,elementary,elementary
train,270,agentlans-readability,elementary,elementary,elementary
train,271,agentlans-readability,elementary,elementary,elementary
train,272,agentlans-readability,elementary,middle,middle
train,273,agentlans-readability,elementary,elementary,elementary
train,274,agentlans-readability,elementary,elementary,elementary
train,275,agentlans-readability,elementary,elementary,elementary
train,276,agentlans-readability,elementary,elementary,elementary
train,277,agentlans-readability,elementary,elementary,elementary
train,278,agentlans-readability,elementary,elementary,elementary
train,279,agentlans-readability,elementary,elementary,elementary
train,280,agentlans-readability,elementary,elementary,elementary
train,281,agentlans-readability,elementary,elementary,elementary
train,282,agentlans-readability,elementary,elementary,elementary
train,283,agentlans-readability,elementary,middle,middle
train,284,agentlans-readability,elementary,middle,middle
train,285,agentlans-readability,elementary,elementary,elementary
train,286,agentlans-readability,elementary,elementary,elementary
train,287,agentlans-readability,elementary,middle,middle
train,288,agentlans-readability,elementary,elementary,elementary
train,289,agentlans-readability,elementary,elementary,elementary
train,290,agentlans-readability,elementary,middle,middle
train,291,agentlans-readability,elementary,elementary,elementary
train,292,agentlans-readability,elementary,elementary,elementary
train,293,agentlans-readability,elementary,elementary,elementary
train,294,agentlans-readability,elementary,elementary,elementary
train,295,agentlans-readability,elementary,elementary,elementary
train,296,agentlans-readability,elementary,elementary,elementary
train,297,agentlans-readability,elementary,elementary,elementary
train,298,agentlans-readability,elementary,elementary,elementary
train,299,agentlans-readability,elementary,middle,middle
train,300,agentlans-readability,elementary,elementary,elementary
train,301,agentlans-readability,elementary,elementary,elementary
train,302,agentlans-readability,elementary,elementary,elementary
train,303,agentlans-readability,elementary,elementary,elementary
train,304,agentlans-readability,elementary,elementary,elementary
train,305,agentlans-readability,elementary,elementary,elementary
train,306,agentlans-readability,elementary,elementary,elementary
train,307,agentlans-readability,elementary,elementary,elementary
train,308,agentlans-readability,elementary,elementary,elementary
train,309,agentlans-readability,elementary,middle,middle
train,310,agentlans-readability,elementary,elementary,elementary
train,311,agentlans-readability,elementary,elementary,elementary
train,312,agentlans-readability,elementary,elementary,elementary
train,313,agentlans-readability,elementary,elementary,elementary
train,314,agentlans-readability,elementary,middle,middle
train,315,agentlans-readability,elementary,middle,middle
train,316,agentlans-readability,elementary,elementary,elementary
train,317,agentlans-readability,elementary,elementary,elementary
train,318,agentlans-readability,elementary,elementary,elementary
train,319,agentlans-readability,elementary,elementary,elementary
train,320,agentlans-readability,elementary,elementary,elementary
train,321,agentlans-readability,elementary,middle,middle
train,322,agentlans-readability,elementary,elementary,elementary
train,323,agentlans-readability,elementary,elementary,elementary
train,324,agentlans-readability,elementary,elementary,elementary
train,325,agentlans-readability,elementary,middle,middle
train,326,agentlans-readability,elementary,elementary,elementary
train,327,agentlans-readability,elementary,elementary,elementary
train,328,agentlans-readability,elementary,elementary,elementary
train,329,agentlans-readability,elementary,elementary,elementary
train,330,agentlans-readability,elementary,elementary,elementary
train,331,agentlans-readability,elementary,elementary,elementary
train,332,agentlans-readability,elementary,elementary,elementary
train,333,agentlans-readability,elementary,elementary,elementary
train,334,agentlans-readability,elementary,elementary,elementary
train,335,agentlans-readability,elementary,elementary,elementary
train,336,agentlans-readability,elementary,elementary,elementary
train,337,agentlans-readability,elementary,elementary,elementary
train,338,agentlans-readability,elementary,elementary,elementary
train,339,agentlans-readability,elementary,elementary,elementary
train,340,agentlans-readability,elementary,elementary,elementary
train,341,agentlans-readability,elementary,elementary,elementary
train,342,agentlans-readability,elementary,elementary,elementary
train,343,agentlans-readability,elementary,elementary,elementary
train,344,agentlans-readability,elementary,elementary,elementary
train,345,agentlans-readability,elementary,elementary,elementary
train,346,agentlans-readability,elementary,elementary,elementary
train,347,agentlans-readability,elementary,middle,middle
train,348,agentlans-readability,elementary,elementary,elementary
train,349,agentlans-readability,elementary,elementary,elementary
train,350,agentlans-readability,elementary,elementary,elementary
train,351,agentlans-readability,elementary,elementary,elementary
train,352,agentlans-readability,elementary,elementary,elementary
train,353,agentlans-readability,elementary,elementary,elementary
train,354,agentlans-readability,elementary,elementary,elementary
train,355,agentlans-readability,elementary,elementary,elementary
train,356,agentlans-readability,elementary,elementary,elementary
train,357,agentlans-readability,elementary,elementary,elementary
train,358,agentlans-readability,elementary,elementary,elementary
train,359,agentlans-readability,elementary,middle,middle
train,360,agentlans-readability,elementary,elementary,elementary
train,361,agentlans-readability,elementary,elementary,elementary
train,362,agentlans-readability,elementary,elementary,elementary
train,363,agentlans-readability,elementary,elementary,elementary
train,364,agentlans-readability,elementary,elementary,elementary
train,365,agentlans-readability,elementary,elementary,elementary
train,366,agentlans-readability,elementary,elementary,elementary
train,367,agentlans-readability,elementary,elementary,elementary
train,368,agentlans-readability,elementary,elementary,elementary
train,369,agentlans-readability,elementary,elementary,elementary
train,370,agentlans-readability,elementary,middle,middle
train,371,agentlans-readability,elementary,elementary,elementary
train,372,agentlans-readability,elementary,elementary,elementary
train,373,agentlans-readability,elementary,elementary,elementary
train,374,agentlans-readability,elementary,elementary,elementary
train,375,agentlans-readability,elementary,elementary,elementary
train,376,agentlans-readability,elementary,elementary,elementary
train,377,agentlans-readability,elementary,elementary,elementary
train,378,agentlans-readability,elementary,elementary,elementary
train,379,agentlans-readability,elementary,elementary,elementary
train,380,agentlans-readability,elementary,elementary,elementary
train,381,agentlans-readability,elementary,elementary,elementary
train,382,agentlans-readability,elementary,elementary,elementary
train,383,agentlans-readability,elementary,elementary,elementary
train,384,agentlans-readability,elementary,elementary,elementary
train,385,agentlans-readability,elementary,elementary,elementary
train,386,agentlans-readability,elementary,elementary,elementary
train,387,agentlans-readability,elementary,elementary,elementary
train,388,agentlans-readability,elementary,elementary,elementary
train,389,agentlans-readability,elementary,elementary,elementary
train,390,agentlans-readability,elementary,elementary,elementary
train,391,agentlans-readability,elementary,elementary,elementary
train,392,agentlans-readability,elementary,elementary,elementary
train,393,agentlans-readability,elementary,elementary,elementary
train,394,agentlans-readability,elementary,elementary,elementary
train,395,agentlans-readability,elementary,elementary,elementary
train,396,agentlans-readability,elementary,elementary,elementary
train,397,agentlans-readability,elementary,elementary,elementary
train,398,agentlans-readability,elementary,middle,middle
train,399,agentlans-readability,elementary,elementary,elementary
train,400,agentlans-readability,elementary,middle,middle
train,401,agentlans-readability,elementary,elementary,elementary
train,402,agentlans-readability,elementary,elementary,elementary
train,403,agentlans-readability,elementary,elementary,elementary
train,404,agentlans-readability,elementary,elementary,elementary
train,405,agentlans-readability,elementary,elementary,elementary
train,406,agentlans-readability,elementary,elementary,elementary
train,407,agentlans-readability,elementary,middle,middle
train,408,agentlans-readability,elementary,middle,middle
train,409,agentlans-readability,elementary,middle,middle
train,410,agentlans-readability,elementary,elementary,elementary
train,411,agentlans-readability,elementary,elementary,elementary
train,412,agentlans-readability,elementary,elementary,elementary
train,413,agentlans-readability,elementary,elementary,elementary
train,414,agentlans-readability,elementary,elementary,elementary
train,415,agentlans-readability,elementary,elementary,elementary
train,416,agentlans-readability,elementary,elementary,elementary
train,417,agentlans-readability,elementary,elementary,elementary
train,418,agentlans-readability,elementary,elementary,elementary
train,419,agentlans-readability,elementary,elementary,elementary
train,420,agentlans-readability,elementary,elementary,elementary
train,421,agentlans-readability,elementary,elementary,elementary
train,422,agentlans-readability,elementary,elementary,elementary
train,423,agentlans-readability,elementary,elementary,elementary
train,424,agentlans-readability,elementary,elementary,elementary
train,425,agentlans-readability,elementary,elementary,elementary
train,426,agentlans-readability,elementary,elementary,elementary
train,427,agentlans-readability,elementary,elementary,elementary
train,428,agentlans-readability,elementary,elementary,elementary
train,429,agentlans-readability,elementary,elementary,elementary
train,430,agentlans-readability,elementary,elementary,elementary
train,431,agentlans-readability,elementary,elementary,elementary
train,432,agentlans-readability,elementary,elementary,elementary
train,433,agentlans-readability,elementary,elementary,elementary
train,434,agentlans-readability,elementary,middle,middle
train,435,agentlans-readability,elementary,elementary,elementary
train,436,agentlans-readability,elementary,elementary,elementary
train,437,agentlans-readability,elementary,elementary,elementary
train,438,agentlans-readability,elementary,middle,middle
train,439,agentlans-readability,elementary,middle,middle
train,440,agentlans-readability,elementary,elementary,elementary
train,441,agentlans-readability,elementary,high,high
train,442,agentlans-readability,elementary,elementary,elementary
train,443,agentlans-readability,elementary,elementary,elementary
train,444,agentlans-readability,elementary,elementary,elementary
train,445,agentlans-readability,elementary,middle,middle
train,446,agentlans-readability,elementary,elementary,elementary
train,447,agentlans-readability,elementary,elementary,elementary
train,448,agentlans-readability,elementary,elementary,elementary
train,449,agentlans-readability,elementary,elementary,elementary
train,450,agentlans-readability,elementary,high,high
train,451,agentlans-readability,elementary,middle,middle
train,452,agentlans-readability,elementary,elementary,elementary
train,453,agentlans-readability,elementary,elementary,elementary
train,454,agentlans-readability,elementary,elementary,elementary
train,455,agentlans-readability,elementary,middle,middle
train,456,agentlans-readability,elementary,elementary,elementary
train,457,agentlans-readability,elementary,elementary,elementary
train,458,agentlans-readability,elementary,elementary,elementary
train,459,agentlans-readability,elementary,elementary,elementary
train,460,agentlans-readability,elementary,elementary,elementary
train,461,agentlans-readability,elementary,elementary,elementary
train,462,agentlans-readability,elementary,elementary,elementary
train,463,agentlans-readability,elementary,elementary,elementary
train,464,agentlans-readability,elementary,elementary,elementary
train,465,agentlans-readability,elementary,elementary,elementary
train,466,agentlans-readability,elementary,elementary,elementary
train,467,agentlans-readability,elementary,elementary,elementary
train,468,agentlans-readability,elementary,middle,middle
train,469,agentlans-readability,elementary,elementary,elementary
train,470,agentlans-readability,elementary,elementary,elementary
train,471,agentlans-readability,elementary,middle,middle
train,472,agentlans-readability,elementary,elementary,elementary
train,473,agentlans-readability,elementary,elementary,elementary
train,474,agentlans-readability,elementary,middle,middle
train,475,agentlans-readability,elementary,elementary,elementary
train,476,agentlans-readability,elementary,elementary,elementary
train,477,agentlans-readability,elementary,elementary,elementary
train,478,agentlans-readability,elementary,elementary,elementary
train,479,agentlans-readability,elementary,elementary,elementary
train,480,agentlans-readability,elementary,elementary,elementary
train,481,agentlans-readability,elementary,elementary,elementary
train,482,agentlans-readability,elementary,high,high
train,483,agentlans-readability,elementary,elementary,elementary
train,484,agentlans-readability,elementary,elementary,elementary
train,485,agentlans-readability,elementary,middle,middle
train,486,agentlans-readability,elementary,elementary,elementary
train,487,agentlans-readability,elementary,elementary,elementary
train,488,agentlans-readability,elementary,elementary,elementary
train,489,agentlans-readability,elementary,middle,middle
train,490,agentlans-readability,elementary,elementary,elementary
train,491,agentlans-readability,elementary,elementary,elementary
train,492,agentlans-readability,elementary,middle,middle
train,493,agentlans-readability,elementary,elementary,elementary
train,494,agentlans-readability,elementary,elementary,elementary
train,495,agentlans-readability,elementary,elementary,elementary
train,496,agentlans-readability,elementary,elementary,elementary
train,497,agentlans-readability,elementary,elementary,elementary
train,498,agentlans-readability,elementary,elementary,elementary
train,499,agentlans-readability,elementary,elementary,elementary
train,500,agentlans-readability,elementary,elementary,elementary
train,501,agentlans-readability,elementary,middle,middle
train,502,agentlans-readability,elementary,elementary,elementary
train,503,agentlans-readability,elementary,elementary,elementary
train,504,agentlans-readability,elementary,elementary,elementary
train,505,agentlans-readability,elementary,middle,middle
train,506,agentlans-readability,elementary,elementary,elementary
train,507,agentlans-readability,elementary,elementary,elementary
train,508,agentlans-readability,elementary,elementary,elementary
train,509,agentlans-readability,elementary,elementary,elementary
train,510,agentlans-readability,elementary,elementary,elementary
train,511,agentlans-readability,elementary,elementary,elementary
train,512,agentlans-readability,elementary,elementary,elementary
train,513,agentlans-readability,elementary,elementary,elementary
train,514,agentlans-readability,elementary,elementary,elementary
train,515,agentlans-readability,elementary,elementary,elementary
train,516,agentlans-readability,elementary,elementary,elementary
train,517,agentlans-readability,elementary,elementary,elementary
train,518,agentlans-readability,elementary,elementary,elementary
train,519,agentlans-readability,elementary,elementary,elementary
train,520,agentlans-readability,elementary,elementary,elementary
train,521,agentlans-readability,elementary,elementary,elementary
train,522,agentlans-readability,elementary,elementary,elementary
train,523,agentlans-readability,elementary,elementary,elementary
train,524,agentlans-readability,elementary,elementary,elementary
train,525,agentlans-readability,elementary,middle,middle
train,526,agentlans-readability,elementary,elementary,elementary
train,527,agentlans-readability,elementary,elementary,elementary
train,528,agentlans-readability,elementary,elementary,elementary
train,529,agentlans-readability,elementary,elementary,elementary
train,530,agentlans-readability,elementary,elementary,elementary
train,531,agentlans-readability,elementary,elementary,elementary
train,532,agentlans-readability,elementary,elementary,elementary
train,533,agentlans-readability,elementary,elementary,elementary
train,534,agentlans-readability,elementary,elementary,elementary
train,535,agentlans-readability,elementary,elementary,elementary
train,536,agentlans-readability,elementary,elementary,elementary
train,537,agentlans-readability,elementary,elementary,elementary
train,538,agentlans-readability,elementary,elementary,elementary
train,539,agentlans-readability,elementary,elementary,elementary
train,540,agentlans-readability,elementary,middle,middle
train,541,agentlans-readability,elementary,elementary,elementary
train,542,agentlans-readability,elementary,middle,middle
train,543,agentlans-readability,elementary,elementary,elementary
train,544,agentlans-readability,elementary,elementary,elementary
train,545,agentlans-readability,elementary,elementary,elementary
train,546,agentlans-readability,elementary,elementary,elementary
train,547,agentlans-readability,elementary,elementary,elementary
train,548,agentlans-readability,elementary,elementary,elementary
train,549,agentlans-readability,elementary,middle,middle
train,550,agentlans-readability,elementary,elementary,elementary
train,551,agentlans-readability,elementary,middle,middle
train,552,agentlans-readability,elementary,elementary,elementary
train,553,agentlans-readability,elementary,elementary,elementary
train,554,agentlans-readability,elementary,middle,middle
train,555,agentlans-readability,elementary,elementary,elementary
train,556,agentlans-readability,elementary,middle,middle
train,557,agentlans-readability,elementary,middle,middle
train,558,agentlans-readability,elementary,elementary,elementary
train,559,agentlans-readability,elementary,elementary,elementary
train,560,agentlans-readability,elementary,elementary,elementary
train,561,agentlans-readability,elementary,elementary,elementary
train,562,agentlans-readability,elementary,high,high
train,563,agentlans-readability,elementary,middle,middle
train,564,agentlans-readability,elementary,elementary,elementary
train,565,agentlans-readability,elementary,elementary,elementary
train,566,agentlans-readability,elementary,elementary,elementary
train,567,agentlans-readability,elementary,elementary,elementary
train,568,agentlans-readability,elementary,elementary,elementary
train,569,agentlans-readability,elementary,elementary,elementary
train,570,agentlans-readability,elementary,middle,middle
train,571,agentlans-readability,elementary,elementary,elementary
train,572,agentlans-readability,elementary,elementary,elementary
train,573,agentlans-readability,elementary,elementary,elementary
train,574,agentlans-readability,elementary,elementary,elementary
train,575,agentlans-readability,elementary,elementary,elementary
train,576,agentlans-readability,elementary,elementary,elementary
train,577,agentlans-readability,elementary,middle,middle
train,578,agentlans-readability,elementary,middle,middle
train,579,agentlans-readability,elementary,elementary,elementary
train,580,agentlans-readability,elementary,elementary,elementary
train,581,agentlans-readability,elementary,elementary,elementary
train,582,agentlans-readability,elementary,elementary,elementary
train,583,agentlans-readability,elementary,elementary,elementary
train,584,agentlans-readability,elementary,elementary,elementary
train,585,agentlans-readability,elementary,elementary,elementary
train,586,agentlans-readability,elementary,elementary,elementary
train,587,agentlans-readability,elementary,elementary,elementary
train,588,agentlans-readability,elementary,elementary,elementary
train,589,agentlans-readability,elementary,elementary,elementary
train,590,agentlans-readability,elementary,elementary,elementary
train,591,agentlans-readability,elementary,elementary,elementary
train,592,agentlans-readability,elementary,elementary,elementary
train,593,agentlans-readability,elementary,elementary,elementary
train,594,agentlans-readability,elementary,middle,middle
train,595,agentlans-readability,elementary,elementary,elementary
train,596,agentlans-readability,elementary,elementary,elementary
train,597,agentlans-readability,elementary,elementary,elementary
train,598,agentlans-readability,elementary,elementary,elementary
train,599,agentlans-readability,elementary,elementary,elementary
train,600,agentlans-readability,elementary,elementary,elementary
train,601,agentlans-readability,elementary,middle,middle
train,602,agentlans-readability,elementary,elementary,elementary
train,603,agentlans-readability,elementary,elementary,elementary
train,604,agentlans-readability,elementary,elementary,elementary
train,605,agentlans-readability,elementary,elementary,elementary
train,606,agentlans-readability,elementary,elementary,elementary
train,607,agentlans-readability,elementary,elementary,elementary
train,608,agentlans-readability,elementary,elementary,elementary
train,609,agentlans-readability,elementary,elementary,elementary
train,610,agentlans-readability,elementary,elementary,elementary
train,611,agentlans-readability,elementary,elementary,elementary
train,612,agentlans-readability,elementary,elementary,elementary
train,613,agentlans-readability,elementary,elementary,elementary
train,614,agentlans-readability,elementary,elementary,elementary
train,615,agentlans-readability,elementary,elementary,elementary
train,616,agentlans-readability,elementary,elementary,elementary
train,617,agentlans-readability,elementary,elementary,elementary
train,618,agentlans-readability,elementary,elementary,elementary
train,619,agentlans-readability,elementary,elementary,elementary
train,620,agentlans-readability,elementary,elementary,elementary
train,621,agentlans-readability,elementary,middle,middle
train,622,agentlans-readability,elementary,elementary,elementary
train,623,agentlans-readability,elementary,elementary,elementary
train,624,agentlans-readability,elementary,middle,middle
train,625,agentlans-readability,elementary,elementary,elementary
train,626,agentlans-readability,elementary,elementary,elementary
train,627,agentlans-readability,elementary,elementary,elementary
train,628,agentlans-readability,elementary,middle,middle
train,629,agentlans-readability,elementary,elementary,elementary
train,630,agentlans-readability,elementary,elementary,elementary
train,631,agentlans-readability,elementary,elementary,elementary
train,632,agentlans-readability,elementary,elementary,elementary
train,633,agentlans-readability,elementary,elementary,elementary
train,634,agentlans-readability,elementary,elementary,elementary
train,635,agentlans-readability,elementary,elementary,elementary
train,636,agentlans-readability,elementary,elementary,elementary
train,637,agentlans-readability,elementary,elementary,elementary
train,638,agentlans-readability,elementary,elementary,elementary
train,639,agentlans-readability,elementary,elementary,elementary
train,640,agentlans-readability,elementary,elementary,elementary
train,641,agentlans-readability,elementary,elementary,elementary
train,642,agentlans-readability,elementary,elementary,elementary
train,643,agentlans-readability,elementary,middle,middle
train,644,agentlans-readability,elementary,elementary,elementary
train,645,agentlans-readability,elementary,elementary,elementary
train,646,agentlans-readability,elementary,elementary,elementary
train,647,agentlans-readability,elementary,middle,middle
train,648,agentlans-readability,elementary,elementary,elementary
train,649,agentlans-readability,elementary,elementary,elementary
train,650,agentlans-readability,elementary,middle,middle
train,651,agentlans-readability,elementary,elementary,elementary
train,652,agentlans-readability,elementary,elementary,elementary
train,653,agentlans-readability,elementary,elementary,elementary
train,654,agentlans-readability,elementary,elementary,elementary
train,655,agentlans-readability,elementary,elementary,elementary
train,656,agentlans-readability,elementary,elementary,elementary
train,657,agentlans-readability,elementary,elementary,elementary
train,658,agentlans-readability,elementary,middle,middle
train,659,agentlans-readability,elementary,elementary,elementary
train,660,agentlans-readability,elementary,elementary,elementary
train,661,agentlans-readability,elementary,elementary,elementary
train,662,agentlans-readability,elementary,elementary,elementary
train,663,agentlans-readability,elementary,elementary,elementary
train,664,agentlans-readability,elementary,middle,middle
train,665,agentlans-readability,elementary,elementary,elementary
train,666,agentlans-readability,elementary,elementary,elementary
train,667,agentlans-readability,elementary,elementary,elementary
train,668,agentlans-readability,elementary,elementary,elementary
train,669,agentlans-readability,elementary,elementary,elementary
train,670,agentlans-readability,elementary,elementary,elementary
train,671,agentlans-readability,elementary,elementary,elementary
train,672,agentlans-readability,elementary,elementary,elementary
train,673,agentlans-readability,elementary,elementary,elementary
train,674,agentlans-readability,elementary,elementary,elementary
train,675,agentlans-readability,elementary,elementary,elementary
train,676,agentlans-readability,elementary,elementary,elementary
train,677,agentlans-readability,elementary,elementary,elementary
train,678,agentlans-readability,elementary,elementary,elementary
train,679,agentlans-readability,elementary,elementary,elementary
train,680,agentlans-readability,elementary,elementary,elementary
train,681,agentlans-readability,elementary,elementary,elementary
train,682,agentlans-readability,elementary,elementary,elementary
train,683,agentlans-readability,elementary,middle,middle
train,684,agentlans-readability,elementary,elementary,elementary
train,685,agentlans-readability,elementary,elementary,elementary
train,686,agentlans-readability,elementary,elementary,elementary
train,687,agentlans-readability,elementary,elementary,elementary
train,688,agentlans-readability,elementary,elementary,elementary
train,689,agentlans-readability,elementary,middle,middle
train,690,agentlans-readability,elementary,elementary,elementary
train,691,agentlans-readability,elementary,middle,middle
train,692,agentlans-readability,elementary,elementary,elementary
train,693,agentlans-readability,elementary,middle,middle
train,694,agentlans-readability,elementary,elementary,elementary
train,695,agentlans-readability,elementary,elementary,elementary
train,696,agentlans-readability,elementary,elementary,elementary
train,697,agentlans-readability,elementary,middle,middle
train,698,agentlans-readability,elementary,elementary,elementary
train,699,agentlans-readability,elementary,elementary,elementary
train,700,agentlans-readability,elementary,elementary,elementary
train,701,agentlans-readability,elementary,elementary,elementary
train,702,agentlans-readability,elementary,elementary,elementary
train,703,agentlans-readability,elementary,elementary,elementary
train,704,agentlans-readability,elementary,elementary,elementary
train,705,agentlans-readability,elementary,elementary,elementary
train,706,agentlans-readability,elementary,elementary,elementary
train,707,agentlans-readability,elementary,elementary,elementary
train,708,agentlans-readability,elementary,elementary,elementary
train,709,agentlans-readability,elementary,elementary,elementary
train,710,agentlans-readability,elementary,elementary,elementary
train,711,agentlans-readability,elementary,elementary,elementary
train,712,agentlans-readability,elementary,elementary,elementary
train,713,agentlans-readability,elementary,elementary,elementary
train,714,agentlans-readability,elementary,elementary,elementary
train,715,agentlans-readability,elementary,middle,middle
train,716,agentlans-readability,elementary,elementary,elementary
train,717,agentlans-readability,elementary,elementary,elementary
train,718,agentlans-readability,elementary,middle,middle
train,719,agentlans-readability,elementary,elementary,elementary
train,720,agentlans-readability,elementary,elementary,elementary
train,721,agentlans-readability,elementary,elementary,elementary
train,722,agentlans-readability,elementary,elementary,elementary
train,723,agentlans-readability,elementary,elementary,elementary
train,724,agentlans-readability,elementary,elementary,elementary
train,725,agentlans-readability,elementary,elementary,elementary
train,726,agentlans-readability,elementary,middle,middle
train,727,agentlans-readability,elementary,elementary,elementary
train,728,agentlans-readability,elementary,elementary,elementary
train,729,agentlans-readability,elementary,elementary,elementary
train,730,agentlans-readability,elementary,middle,middle
train,731,agentlans-readability,elementary,elementary,elementary
train,732,agentlans-readability,elementary,elementary,elementary
train,733,agentlans-readability,elementary,middle,middle
train,734,agentlans-readability,elementary,elementary,elementary
train,735,agentlans-readability,elementary,elementary,elementary
train,736,agentlans-readability,elementary,elementary,elementary
train,737,agentlans-readability,elementary,elementary,elementary
train,738,agentlans-readability,elementary,elementary,elementary
train,739,agentlans-readability,elementary,high,high
train,740,agentlans-readability,elementary,elementary,elementary
train,741,agentlans-readability,elementary,elementary,elementary
train,742,agentlans-readability,elementary,elementary,elementary
train,743,agentlans-readability,elementary,middle,middle
train,744,agentlans-readability,elementary,elementary,elementary
train,745,agentlans-readability,elementary,elementary,elementary
train,746,agentlans-readability,elementary,elementary,elementary
train,747,agentlans-readability,elementary,middle,middle
train,748,agentlans-readability,elementary,elementary,elementary
train,749,agentlans-readability,elementary,elementary,elementary
train,750,agentlans-readability,elementary,elementary,elementary
train,751,agentlans-readability,elementary,elementary,elementary
train,752,agentlans-readability,elementary,elementary,elementary
train,753,agentlans-readability,elementary,elementary,elementary
train,754,agentlans-readability,elementary,elementary,elementary
train,755,agentlans-readability,elementary,elementary,elementary
train,756,agentlans-readability,elementary,elementary,elementary
train,757,agentlans-readability,elementary,elementary,elementary
train,758,agentlans-readability,elementary,middle,middle
train,759,agentlans-readability,elementary,elementary,elementary
train,760,agentlans-readability,elementary,elementary,elementary
train,761,agentlans-readability,elementary,elementary,elementary
train,762,agentlans-readability,elementary,elementary,elementary
train,763,agentlans-readability,elementary,elementary,elementary
train,764,agentlans-readability,elementary,elementary,elementary
train,765,agentlans-readability,elementary,elementary,elementary
train,766,agentlans-readability,elementary,elementary,elementary
train,767,agentlans-readability,elementary,elementary,elementary
train,768,agentlans-readability,elementary,elementary,elementary
train,769,agentlans-readability,elementary,elementary,elementary
train,770,agentlans-readability,elementary,middle,middle
train,771,agentlans-readability,elementary,elementary,elementary
train,772,agentlans-readability,elementary,elementary,elementary
train,773,agentlans-readability,elementary,elementary,elementary
train,774,agentlans-readability,elementary,elementary,elementary
train,775,agentlans-readability,elementary,middle,middle
train,776,agentlans-readability,elementary,middle,middle
train,777,agentlans-readability,elementary,elementary,elementary
train,778,agentlans-readability,elementary,elementary,elementary
train,779,agentlans-readability,elementary,elementary,elementary
train,780,agentlans-readability,elementary,middle,middle
train,781,agentlans-readability,elementary,elementary,elementary
train,782,agentlans-readability,elementary,elementary,elementary
train,783,agentlans-readability,elementary,elementary,elementary
train,784,agentlans-readability,elementary,elementary,elementary
train,785,agentlans-readability,elementary,elementary,elementary
train,786,agentlans-readability,elementary,elementary,elementary
train,787,agentlans-readability,elementary,elementary,elementary
train,788,agentlans-readability,elementary,elementary,elementary
train,789,agentlans-readability,elementary,elementary,elementary
train,790,agentlans-readability,elementary,elementary,elementary
train,791,agentlans-readability,elementary,elementary,elementary
train,792,agentlans-readability,elementary,elementary,elementary
train,793,agentlans-readability,elementary,elementary,elementary
train,794,agentlans-readability,elementary,elementary,elementary
train,795,agentlans-readability,elementary,elementary,elementary
train,796,agentlans-readability,elementary,elementary,elementary
train,797,agentlans-readability,elementary,elementary,elementary
train,798,agentlans-readability,elementary,elementary,elementary
train,799,agentlans-readability,elementary,elementary,elementary
train,800,agentlans-readability,high,high,high
train,801,agentlans-readability,high,middle,middle
train,802,agentlans-readability,high,high,high
train,803,agentlans-readability,high,high,high
train,804,agentlans-readability,high,high,high
train,805,agentlans-readability,high,high,high
train,806,agentlans-readability,high,middle,middle
train,807,agentlans-readability,high,high,high
train,808,agentlans-readability,high,high,high
train,809,agentlans-readability,high,high,high
train,810,agentlans-readability,high,middle,middle
train,811,agentlans-readability,high,high,high
train,812,agentlans-readability,high,high,high
train,813,agentlans-readability,high,high,high
train,814,agentlans-readability,high,high,high
train,815,agentlans-readability,high,high,high
train,816,agentlans-readability,high,high,high
train,817,agentlans-readability,high,middle,middle
train,818,agentlans-readability,high,high,high
train,819,agentlans-readability,high,high,high
train,820,agentlans-readability,high,high,high
train,821,agentlans-readability,high,high,high
train,822,agentlans-readability,high,high,high
train,823,agentlans-readability,high,high,high
train,824,agentlans-readability,high,middle,middle
train,825,agentlans-readability,high,high,high
train,826,agentlans-readability,high,middle,middle
train,827,agentlans-readability,high,high,high
train,828,agentlans-readability,high,high,high
train,829,agentlans-readability,high,high,high
train,830,agentlans-readability,high,high,high
train,831,agentlans-readability,high,high,high
train,832,agentlans-readability,high,high,high
train,833,agentlans-readability,high,high,high
train,834,agentlans-readability,high,high,high
train,835,agentlans-readability,high,high,high
train,836,agentlans-readability,high,high,high
train,837,agentlans-readability,high,middle,middle
train,838,agentlans-readability,high,high,high
train,839,agentlans-readability,high,high,high
train,840,agentlans-readability,high,high,high
train,841,agentlans-readability,high,high,high
train,842,agentlans-readability,high,high,high
train,843,agentlans-readability,high,high,high
train,844,agentlans-readability,high,high,high
train,845,agentlans-readability,high,high,high
train,846,agentlans-readability,high,high,high
train,847,agentlans-readability,high,middle,middle
train,848,agentlans-readability,high,middle,middle
train,849,agentlans-readability,high,high,high
train,850,agentlans-readability,high,high,high
train,851,agentlans-readability,high,high,high
train,852,agentlans-readability,high,high,high
train,853,agentlans-readability,high,middle,middle
train,854,agentlans-readability,high,high,high
train,855,agentlans-readability,high,high,high
train,856,agentlans-readability,high,high,high
train,857,agentlans-readability,high,middle,middle
train,858,agentlans-readability,high,high,high
train,859,agentlans-readability,high,middle,middle
train,860,agentlans-readability,high,high,high
train,861,agentlans-readability,high,high,high
train,862,agentlans-readability,high,middle,middle
train,863,agentlans-readability,high,high,high
train,864,agentlans-readability,high,high,high
train,865,agentlans-readability,high,middle,middle
train,866,agentlans-readability,high,high,high
train,867,agentlans-readability,high,high,high
train,868,agentlans-readability,high,high,high
train,869,agentlans-readability,high,high,high
train,870,agentlans-readability,high,high,high
train,871,agentlans-readability,high,high,high
train,872,agentlans-readability,high,middle,middle
train,873,agentlans-readability,high,middle,middle
train,874,agentlans-readability,high,high,high
train,875,agentlans-readability,high,high,high
train,876,agentlans-readability,high,high,high
train,877,agentlans-readability,high,high,high
train,878,agentlans-readability,high,high,high
train,879,agentlans-readability,high,high,high
train,880,agentlans-readability,high,high,high
train,881,agentlans-readability,high,middle,middle
train,882,agentlans-readability,high,middle,middle
train,883,agentlans-readability,high,middle,middle
train,884,agentlans-readability,high,high,high
train,885,agentlans-readability,high,high,high
train,886,agentlans-readability,high,high,high
train,887,agentlans-readability,high,high,high
train,888,agentlans-readability,high,high,high
train,889,agentlans-readability,high,high,high
train,890,agentlans-readability,high,high,high
train,891,agentlans-readability,high,middle,middle
train,892,agentlans-readability,high,high,high
train,893,agentlans-readability,high,high,high
train,894,agentlans-readability,high,high,high
train,895,agentlans-readability,high,high,high
train,896,agentlans-readability,high,high,high
train,897,agentlans-readability,high,high,high
train,898,agentlans-readability,high,high,high
train,899,agentlans-readability,high,high,high
train,900,agentlans-readability,high,high,high
train,901,agentlans-readability,high,high,high
train,902,agentlans-readability,high,high,high
train,903,agentlans-readability,high,high,high
train,904,agentlans-readability,high,middle,middle
train,905,agentlans-readability,high,high,high
train,906,agentlans-readability,high,high,high
train,907,agentlans-readability,high,high,high
train,908,agentlans-readability,high,high,high
train,909,agentlans-readability,high,high,high
train,910,agentlans-readability,high,middle,middle
train,911,agentlans-readability,high,middle,middle
train,912,agentlans-readability,high,high,high
train,913,agentlans-readability,high,high,high
train,914,agentlans-readability,high,middle,middle
train,915,agentlans-readability,high,high,high
train,916,agentlans-readability,high,high,high
train,917,agentlans-readability,high,high,high
train,918,agentlans-readability,high,high,high
train,919,agentlans-readability,high,high,high
train,920,agentlans-readability,high,high,high
train,921,agentlans-readability,high,middle,middle
train,922,agentlans-readability,high,high,high
train,923,agentlans-readability,high,high,high
train,924,agentlans-readability,high,high,high
train,925,agentlans-readability,high,middle,middle
train,926,agentlans-readability,high,high,high
train,927,agentlans-readability,high,high,high
train,928,agentlans-readability,high,high,high
train,929,agentlans-readability,high,high,high
train,930,agentlans-readability,high,high,high
train,931,agentlans-readability,high,high,high
train,932,agentlans-readability,high,elementary,elementary
train,933,agentlans-readability,high,high,high
train,934,agentlans-readability,high,high,high
train,935,agentlans-readability,high,middle,middle
train,936,agentlans-readability,high,high,high
train,937,agentlans-readability,high,high,high
train,938,agentlans-readability,high,high,high
train,939,agentlans-readability,high,high,high
train,940,agentlans-readability,high,high,high
train,941,agentlans-readability,high,high,high
train,942,agentlans-readability,high,high,high
train,943,agentlans-readability,high,high,high
train,944,agentlans-readability,high,high,high
train,945,agentlans-readability,high,high,high
train,946,agentlans-readability,high,high,high
train,947,agentlans-readability,high,high,high
train,948,agentlans-readability,high,high,high
train,949,agentlans-readability,high,high,high
train,950,agentlans-readability,high,middle,middle
train,951,agentlans-readability,high,high,high
train,952,agentlans-readability,high,high,high
train,953,agentlans-readability,high,high,high
train,954,agentlans-readability,high,high,high
train,955,agentlans-readability,high,high,high
train,956,agentlans-readability,high,middle,middle
train,957,agentlans-readability,high,high,high
train,958,agentlans-readability,high,high,high
train,959,agentlans-readability,high,middle,middle
train,960,agentlans-readability,high,high,high
train,961,agentlans-readability,high,middle,middle
train,962,agentlans-readability,high,middle,middle
train,963,agentlans-readability,high,high,high
train,964,agentlans-readability,high,high,high
train,965,agentlans-readability,high,middle,middle
train,966,agentlans-readability,high,high,high
train,967,agentlans-readability,high,high,high
train,968,agentlans-readability,high,high,high
train,969,agentlans-readability,high,high,high
train,970,agentlans-readability,high,high,high
train,971,agentlans-readability,high,high,high
train,972,agentlans-readability,high,high,high
train,973,agentlans-readability,high,high,high
train,974,agentlans-readability,high,high,high
train,975,agentlans-readability,high,high,high
train,976,agentlans-readability,high,high,high
train,977,agentlans-readability,high,high,high
train,978,agentlans-readability,high,high,high
train,979,agentlans-readability,high,middle,middle
train,980,agentlans-readability,high,high,high
train,981,agentlans-readability,high,high,high
train,982,agentlans-readability,high,middle,middle
train,983,agentlans-readability,high,high,high
train,984,agentlans-readability,high,high,high
train,985,agentlans-readability,high,high,high
train,986,agentlans-readability,high,high,high
train,987,agentlans-readability,high,high,high
train,988,agentlans-readability,high,high,high
train,989,agentlans-readability,high,high,high
train,990,agentlans-readability,high,high,high
train,991,agentlans-readability,high,high,high
train,992,agentlans-readability,high,middle,middle
train,993,agentlans-readability,high,high,high
train,994,agentlans-readability,high,high,high
train,995,agentlans-readability,high,high,high
train,996,agentlans-readability,high,high,high
train,997,agentlans-readability,high,high,high
train,998,agentlans-readability,high,high,high
train,999,agentlans-readability,high,high,high
train,1000,agentlans-readability,high,high,high
train,1001,agentlans-readability,high,high,high
train,1002,agentlans-readability,high,high,high
train,1003,agentlans-readability,high,high,high
train,1004,agentlans-readability,high,high,high
train,1005,agentlans-readability,high,middle,middle
train,1006,agentlans-readability,high,high,high
train,1007,agentlans-readability,high,high,high
train,1008,agentlans-readability,high,high,high
train,1009,agentlans-readability,high,high,high
train,1010,agentlans-readability,high,high,high
train,1011,agentlans-readability,high,high,high
train,1012,agentlans-readability,high,high,high
train,1013,agentlans-readability,high,high,high
train,1014,agentlans-readability,high,middle,middle
train,1015,agentlans-readability,high,middle,middle
train,1016,agentlans-readability,high,high,high
train,1017,agentlans-readability,high,high,high
train,1018,agentlans-readability,high,middle,middle
train,1019,agentlans-readability,high,middle,middle
train,1020,agentlans-readability,high,high,high
train,1021,agentlans-readability,high,high,high
train,1022,agentlans-readability,high,high,high
train,1023,agentlans-readability,high,middle,middle
train,1024,agentlans-readability,high,high,high
train,1025,agentlans-readability,high,high,high
train,1026,agentlans-readability,high,high,high
train,1027,agentlans-readability,high,middle,middle
train,1028,agentlans-readability,high,high,high
train,1029,agentlans-readability,high,middle,middle
train,1030,agentlans-readability,high,high,high
train,1031,agentlans-readability,high,high,high
train,1032,agentlans-readability,high,high,high
train,1033,agentlans-readability,high,middle,middle
train,1034,agentlans-readability,high,high,high
train,1035,agentlans-readability,high,high,high
train,1036,agentlans-readability,high,middle,middle
train,1037,agentlans-readability,high,high,high
train,1038,agentlans-readability,high,high,high
train,1039,agentlans-readability,high,high,high
train,1040,agentlans-readability,high,middle,middle
train,1041,agentlans-readability,high,high,high
train,1042,agentlans-readability,high,high,high
train,1043,agentlans-readability,high,high,high
train,1044,agentlans-readability,high,high,high
train,1045,agentlans-readability,high,high,high
train,1046,agentlans-readability,high,middle,middle
train,1047,agentlans-readability,high,middle,middle
train,1048,agentlans-readability,high,high,high
train,1049,agentlans-readability,high,high,high
train,1050,agentlans-readability,high,high,high
train,1051,agentlans-readability,high,middle,middle
train,1052,agentlans-readability,high,high,high
train,1053,agentlans-readability,high,high,high
train,1054,agentlans-readability,high,high,high
train,1055,agentlans-readability,high,high,high
train,1056,agentlans-readability,high,high,high
train,1057,agentlans-readability,high,high,high
train,1058,agentlans-readability,high,high,high
train,1059,agentlans-readability,high,middle,middle
train,1060,agentlans-readability,high,middle,middle
train,1061,agentlans-readability,high,high,high
train,1062,agentlans-readability,high,high,high
train,1063,agentlans-readability,high,high,high
train,1064,agentlans-readability,high,middle,middle
train,1065,agentlans-readability,high,high,high
train,1066,agentlans-readability,high,middle,middle
train,1067,agentlans-readability,high,high,high
train,1068,agentlans-readability,high,middle,middle
train,1069,agentlans-readability,high,high,high
train,1070,agentlans-readability,high,high,high
train,1071,agentlans-readability,high,high,high
train,1072,agentlans-readability,high,high,high
train,1073,agentlans-readability,high,high,high
train,1074,agentlans-readability,high,high,high
train,1075,agentlans-readability,high,high,high
train,1076,agentlans-readability,high,middle,middle
train,1077,agentlans-readability,high,high,high
train,1078,agentlans-readability,high,high,high
train,1079,agentlans-readability,high,high,high
train,1080,agentlans-readability,high,high,high
train,1081,agentlans-readability,high,high,high
train,1082,agentlans-readability,high,high,high
train,1083,agentlans-readability,high,high,high
train,1084,agentlans-readability,high,high,high
train,1085,agentlans-readability,high,high,high
train,1086,agentlans-readability,high,high,high
train,1087,agentlans-readability,high,high,high
train,1088,agentlans-readability,high,high,high
train,1089,agentlans-readability,high,high,high
train,1090,agentlans-readability,high,high,high
train,1091,agentlans-readability,high,high,high
train,1092,agentlans-readability,high,middle,middle
train,1093,agentlans-readability,high,high,high
train,1094,agentlans-readability,high,high,high
train,1095,agentlans-readability,high,middle,middle
train,1096,agentlans-readability,high,high,high
train,1097,agentlans-readability,high,high,high
train,1098,agentlans-readability,high,high,high
train,1099,agentlans-readability,high,high,high
train,1100,agentlans-readability,high,middle,middle
train,1101,agentlans-readability,high,high,high
train,1102,agentlans-readability,high,high,high
train,1103,agentlans-readability,high,high,high
train,1104,agentlans-readability,high,high,high
train,1105,agentlans-readability,high,middle,middle
train,1106,agentlans-readability,high,middle,middle
train,1107,agentlans-readability,high,middle,middle
train,1108,agentlans-readability,high,high,high
train,1109,agentlans-readability,high,high,high
train,1110,agentlans-readability,high,middle,middle
train,1111,agentlans-readability,high,high,high
train,1112,agentlans-readability,high,high,high
train,1113,agentlans-readability,high,high,high
train,1114,agentlans-readability,high,high,high
train,1115,agentlans-readability,high,high,high
train,1116,agentlans-readability,high,high,high
train,1117,agentlans-readability,high,middle,middle
train,1118,agentlans-readability,high,high,high
train,1119,agentlans-readability,high,high,high
train,1120,agentlans-readability,high,high,high
train,1121,agentlans-readability,high,high,high
train,1122,agentlans-readability,high,middle,middle
train,1123,agentlans-readability,high,high,high
train,1124,agentlans-readability,high,high,high
train,1125,agentlans-readability,high,high,high
train,1126,agentlans-readability,high,high,high
train,1127,agentlans-readability,high,high,high
train,1128,agentlans-readability,high,high,high
train,1129,agentlans-readability,high,high,high
train,1130,agentlans-readability,high,high,high
train,1131,agentlans-readability,high,middle,middle
train,1132,agentlans-readability,high,middle,middle
train,1133,agentlans-readability,high,middle,middle
train,1134,agentlans-readability,high,high,high
train,1135,agentlans-readability,high,middle,middle
train,1136,agentlans-readability,high,high,high
train,1137,agentlans-readability,high,high,high
train,1138,agentlans-readability,high,high,high
train,1139,agentlans-readability,high,high,high
train,1140,agentlans-readability,high,high,high
train,1141,agentlans-readability,high,high,high
train,1142,agentlans-readability,high,high,high
train,1143,agentlans-readability,high,middle,middle
train,1144,agentlans-readability,high,high,high
train,1145,agentlans-readability,high,high,high
train,1146,agentlans-readability,high,high,high
train,1147,agentlans-readability,high,high,high
train,1148,agentlans-readability,high,middle,middle
train,1149,agentlans-readability,high,high,high
train,1150,agentlans-readability,high,high,high
train,1151,agentlans-readability,high,middle,middle
train,1152,agentlans-readability,high,high,high
train,1153,agentlans-readability,high,middle,middle
train,1154,agentlans-readability,high,middle,middle
train,1155,agentlans-readability,high,middle,middle
train,1156,agentlans-readability,high,high,high
train,1157,agentlans-readability,high,high,high
train,1158,agentlans-readability,high,high,high
train,1159,agentlans-readability,high,high,high
train,1160,agentlans-readability,high,high,high
train,1161,agentlans-readability,high,high,high
train,1162,agentlans-readability,high,high,high
train,1163,agentlans-readability,high,high,high
train,1164,agentlans-readability,high,middle,middle
train,1165,agentlans-readability,high,high,high
train,1166,agentlans-readability,high,high,high
train,1167,agentlans-readability,high,high,high
train,1168,agentlans-readability,high,high,high
train,1169,agentlans-readability,high,high,high
train,1170,agentlans-readability,high,middle,middle
train,1171,agentlans-readability,high,high,high
train,1172,agentlans-readability,high,middle,middle
train,1173,agentlans-readability,high,middle,middle
train,1174,agentlans-readability,high,middle,middle
train,1175,agentlans-readability,high,high,high
train,1176,agentlans-readability,high,high,high
train,1177,agentlans-readability,high,high,high
train,1178,agentlans-readability,high,high,high
train,1179,agentlans-readability,high,high,high
train,1180,agentlans-readability,high,high,high
train,1181,agentlans-readability,high,high,high
train,1182,agentlans-readability,high,high,high
train,1183,agentlans-readability,high,high,high
train,1184,agentlans-readability,high,high,high
train,1185,agentlans-readability,high,high,high
train,1186,agentlans-readability,high,middle,middle
train,1187,agentlans-readability,high,high,high
train,1188,agentlans-readability,high,high,high
train,1189,agentlans-readability,high,middle,middle
train,1190,agentlans-readability,high,high,high
train,1191,agentlans-readability,high,high,high
train,1192,agentlans-readability,high,high,high
train,1193,agentlans-readability,high,high,high
train,1194,agentlans-readability,high,high,high
train,1195,agentlans-readability,high,high,high
train,1196,agentlans-readability,high,middle,middle
train,1197,agentlans-readability,high,high,high
train,1198,agentlans-readability,high,high,high
train,1199,agentlans-readability,high,high,high
train,1200,agentlans-readability,high,high,high
train,1201,agentlans-readability,high,high,high
train,1202,agentlans-readability,high,high,high
train,1203,agentlans-readability,high,middle,middle
train,1204,agentlans-readability,high,middle,middle
train,1205,agentlans-readability,high,middle,middle
train,1206,agentlans-readability,high,high,high
train,1207,agentlans-readability,high,high,high
train,1208,agentlans-readability,high,high,high
train,1209,agentlans-readability,high,high,high
train,1210,agentlans-readability,high,high,high
train,1211,agentlans-readability,high,high,high
train,1212,agentlans-readability,high,high,high
train,1213,agentlans-readability,high,high,high
train,1214,agentlans-readability,high,high,high
train,1215,agentlans-readability,high,high,high
train,1216,agentlans-readability,high,high,high
train,1217,agentlans-readability,high,middle,middle
train,1218,agentlans-readability,high,middle,middle
train,1219,agentlans-readability,high,middle,middle
train,1220,agentlans-readability,high,middle,middle
train,1221,agentlans-readability,high,high,high
train,1222,agentlans-readability,high,high,high
train,1223,agentlans-readability,high,high,high
train,1224,agentlans-readability,high,middle,middle
train,1225,agentlans-readability,high,high,high
train,1226,agentlans-readability,high,middle,middle
train,1227,agentlans-readability,high,high,high
train,1228,agentlans-readability,high,middle,middle
train,1229,agentlans-readability,high,high,high
train,1230,agentlans-readability,high,high,high
train,1231,agentlans-readability,high,high,high
train,1232,agentlans-readability,high,high,high
train,1233,agentlans-readability,high,high,high
train,1234,agentlans-readability,high,high,high
train,1235,agentlans-readability,high,high,high
train,1236,agentlans-readability,high,high,high
train,1237,agentlans-readability,high,high,high
train,1238,agentlans-readability,high,high,high
train,1239,agentlans-readability,high,high,high
train,1240,agentlans-readability,high,middle,middle
train,1241,agentlans-readability,high,middle,middle
train,1242,agentlans-readability,high,high,high
train,1243,agentlans-readability,high,middle,middle
train,1244,agentlans-readability,high,middle,middle
train,1245,agentlans-readability,high,high,high
train,1246,agentlans-readability,high,high,high
train,1247,agentlans-readability,high,high,high
train,1248,agentlans-readability,high,high,high
train,1249,agentlans-readability,high,high,high
train,1250,agentlans-readability,high,middle,middle
train,1251,agentlans-readability,high,high,high
train,1252,agentlans-readability,high,high,high
train,1253,agentlans-readability,high,middle,middle
train,1254,agentlans-readability,high,high,high
train,1255,agentlans-readability,high,middle,middle
train,1256,agentlans-readability,high,high,high
train,1257,agentlans-readability,high,high,high
train,1258,agentlans-readability,high,high,high
train,1259,agentlans-readability,high,high,high
train,1260,agentlans-readability,high,high,high
train,1261,agentlans-readability,high,high,high
train,1262,agentlans-readability,high,middle,middle
train,1263,agentlans-readability,high,middle,middle
train,1264,agentlans-readability,high,high,high
train,1265,agentlans-readability,high,high,high
train,1266,agentlans-readability,high,middle,middle
train,1267,agentlans-readability,high,middle,middle
train,1268,agentlans-readability,high,high,high
train,1269,agentlans-readability,high,high,high
train,1270,agentlans-readability,high,high,high
train,1271,agentlans-readability,high,high,high
train,1272,agentlans-readability,high,high,high
train,1273,agentlans-readability,high,high,high
train,1274,agentlans-readability,high,high,high
train,1275,agentlans-readability,high,middle,middle
train,1276,agentlans-readability,high,high,high
train,1277,agentlans-readability,high,high,high
train,1278,agentlans-readability,high,high,high
train,1279,agentlans-readability,high,middle,middle
train,1280,agentlans-readability,high,high,high
train,1281,agentlans-readability,high,high,high
train,1282,agentlans-readability,high,high,high
train,1283,agentlans-readability,high,middle,middle
train,1284,agentlans-readability,high,middle,middle
train,1285,agentlans-readability,high,middle,middle
train,1286,agentlans-readability,high,high,high
train,1287,agentlans-readability,high,high,high
train,1288,agentlans-readability,high,high,high
train,1289,agentlans-readability,high,high,high
train,1290,agentlans-readability,high,high,high
train,1291,agentlans-readability,high,high,high
train,1292,agentlans-readability,high,high,high
train,1293,agentlans-readability,high,high,high
train,1294,agentlans-readability,high,high,high
train,1295,agentlans-readability,high,high,high
train,1296,agentlans-readability,high,high,high
train,1297,agentlans-readability,high,high,high
train,1298,agentlans-readability,high,high,high
train,1299,agentlans-readability,high,high,high
train,1300,agentlans-readability,high,high,high
train,1301,agentlans-readability,high,high,high
train,1302,agentlans-readability,high,elementary,elementary
train,1303,agentlans-readability,high,high,high
train,1304,agentlans-readability,high,high,high
train,1305,agentlans-readability,high,high,high
train,1306,agentlans-readability,high,high,high
train,1307,agentlans-readability,high,middle,middle
train,1308,agentlans-readability,high,high,high
train,1309,agentlans-readability,high,middle,middle
train,1310,agentlans-readability,high,high,high
train,1311,agentlans-readability,high,high,high
train,1312,agentlans-readability,high,middle,middle
train,1313,agentlans-readability,high,high,high
train,1314,agentlans-readability,high,middle,middle
train,1315,agentlans-readability,high,middle,middle
train,1316,agentlans-readability,high,middle,middle
train,1317,agentlans-readability,high,middle,middle
train,1318,agentlans-readability,high,high,high
train,1319,agentlans-readability,high,high,high
train,1320,agentlans-readability,high,high,high
train,1321,agentlans-readability,high,high,high
train,1322,agentlans-readability,high,middle,middle
train,1323,agentlans-readability,high,high,high
train,1324,agentlans-readability,high,high,high
train,1325,agentlans-readability,high,high,high
train,1326,agentlans-readability,high,high,high
train,1327,agentlans-readability,high,high,high
train,1328,agentlans-readability,high,middle,middle
train,1329,agentlans-readability,high,high,high
train,1330,agentlans-readability,high,high,high
train,1331,agentlans-readability,high,high,high
train,1332,agentlans-readability,high,middle,middle
train,1333,agentlans-readability,high,high,high
train,1334,agentlans-readability,high,high,high
train,1335,agentlans-readability,high,high,high
train,1336,agentlans-readability,high,high,high
train,1337,agentlans-readability,high,high,high
train,1338,agentlans-readability,high,high,high
train,1339,agentlans-readability,high,middle,middle
train,1340,agentlans-readability,high,high,high
train,1341,agentlans-readability,high,high,high
train,1342,agentlans-readability,high,high,high
train,1343,agentlans-readability,high,middle,middle
train,1344,agentlans-readability,high,high,high
train,1345,agentlans-readability,high,high,high
train,1346,agentlans-readability,high,high,high
train,1347,agentlans-readability,high,high,high
train,1348,agentlans-readability,high,middle,middle
train,1349,agentlans-readability,high,high,high
train,1350,agentlans-readability,high,high,high
train,1351,agentlans-readability,high,high,high
train,1352,agentlans-readability,high,high,high
train,1353,agentlans-readability,high,high,high
train,1354,agentlans-readability,high,middle,middle
train,1355,agentlans-readability,high,middle,middle
train,1356,agentlans-readability,high,high,high
train,1357,agentlans-readability,high,middle,middle
train,1358,agentlans-readability,high,high,high
train,1359,agentlans-readability,high,high,high
train,1360,agentlans-readability,high,high,high
train,1361,agentlans-readability,high,middle,middle
train,1362,agentlans-readability,high,high,high
train,1363,agentlans-readability,high,high,high
train,1364,agentlans-readability,high,middle,middle
train,1365,agentlans-readability,high,high,high
train,1366,agentlans-readability,high,high,high
train,1367,agentlans-readability,high,high,high
train,1368,agentlans-readability,high,high,high
train,1369,agentlans-readability,high,high,high
train,1370,agentlans-readability,high,middle,middle
train,1371,agentlans-readability,high,high,high
train,1372,agentlans-readability,high,high,high
train,1373,agentlans-readability,high,high,high
train,1374,agentlans-readability,high,middle,middle
train,1375,agentlans-readability,high,high,high
train,1376,agentlans-readability,high,high,high
train,1377,agentlans-readability,high,high,high
train,1378,agentlans-readability,high,high,high
train,1379,agentlans-readability,high,high,high
train,1380,agentlans-readability,high,high,high
train,1381,agentlans-readability,high,middle,middle
train,1382,agentlans-readability,high,high,high
train,1383,agentlans-readability,high,high,high
train,1384,agentlans-readability,high,high,high
train,1385,agentlans-readability,high,high,high
train,1386,agentlans-readability,high,high,high
train,1387,agentlans-readability,high,high,high
train,1388,agentlans-readability,high,middle,middle
train,1389,agentlans-readability,high,high,high
train,1390,agentlans-readability,high,high,high
train,1391,agentlans-readability,high,high,high
train,1392,agentlans-readability,high,high,high
train,1393,agentlans-readability,high,high,high
train,1394,agentlans-readability,high,high,high
train,1395,agentlans-readability,high,high,high
train,1396,agentlans-readability,high,middle,middle
train,1397,agentlans-readability,high,high,high
train,1398,agentlans-readability,high,high,high
train,1399,agentlans-readability,high,middle,middle
train,1400,agentlans-readability,high,high,high
train,1401,agentlans-readability,high,high,high
train,1402,agentlans-readability,high,high,high
train,1403,agentlans-readability,high,high,high
train,1404,agentlans-readability,high,high,high
train,1405,agentlans-readability,high,high,high
train,1406,agentlans-readability,high,high,high
train,1407,agentlans-readability,high,high,high
train,1408,agentlans-readability,high,high,high
train,1409,agentlans-readability,high,high,high
train,1410,agentlans-readability,high,high,high
train,1411,agentlans-readability,high,high,high
train,1412,agentlans-readability,high,high,high
train,1413,agentlans-readability,high,high,high
train,1414,agentlans-readability,high,high,high
train,1415,agentlans-readability,high,middle,middle
train,1416,agentlans-readability,high,middle,middle
train,1417,agentlans-readability,high,high,high
train,1418,agentlans-readability,high,high,high
train,1419,agentlans-readability,high,high,high
train,1420,agentlans-readability,high,high,high
train,1421,agentlans-readability,high,high,high
train,1422,agentlans-readability,high,high,high
train,1423,agentlans-readability,high,high,high
train,1424,agentlans-readability,high,middle,middle
train,1425,agentlans-readability,high,middle,middle
train,1426,agentlans-readability,high,high,high
train,1427,agentlans-readability,high,high,high
train,1428,agentlans-readability,high,high,high
train,1429,agentlans-readability,high,high,high
train,1430,agentlans-readability,high,high,high
train,1431,agentlans-readability,high,high,high
train,1432,agentlans-readability,high,middle,middle
train,1433,agentlans-readability,high,middle,middle
train,1434,agentlans-readability,high,high,high
train,1435,agentlans-readability,high,high,high
train,1436,agentlans-readability,high,high,high
train,1437,agentlans-readability,high,middle,middle
train,1438,agentlans-readability,high,high,high
train,1439,agentlans-readability,high,high,high
train,1440,agentlans-readability,high,middle,middle
train,1441,agentlans-readability,high,high,high
train,1442,agentlans-readability,high,middle,middle
train,1443,agentlans-readability,high,middle,middle
train,1444,agentlans-readability,high,high,high
train,1445,agentlans-readability,high,high,high
train,1446,agentlans-readability,high,middle,middle
train,1447,agentlans-readability,high,middle,middle
train,1448,agentlans-readability,high,high,high
train,1449,agentlans-readability,high,high,high
train,1450,agentlans-readability,high,high,high
train,1451,agentlans-readability,high,high,high
train,1452,agentlans-readability,high,middle,middle
train,1453,agentlans-readability,high,high,high
train,1454,agentlans-readability,high,middle,middle
train,1455,agentlans-readability,high,high,high
train,1456,agentlans-readability,high,high,high
train,1457,agentlans-readability,high,middle,middle
train,1458,agentlans-readability,high,high,high
train,1459,agentlans-readability,high,high,high
train,1460,agentlans-readability,high,high,high
train,1461,agentlans-readability,high,high,high
train,1462,agentlans-readability,high,high,high
train,1463,agentlans-readability,high,middle,middle
train,1464,agentlans-readability,high,high,high
train,1465,agentlans-readability,high,high,high
train,1466,agentlans-readability,high,middle,middle
train,1467,agentlans-readability,high,high,high
train,1468,agentlans-readability,high,high,high
train,1469,agentlans-readability,high,high,high
train,1470,agentlans-readability,high,high,high
train,1471,agentlans-readability,high,middle,middle
train,1472,agentlans-readability,high,high,high
train,1473,agentlans-readability,high,high,high
train,1474,agentlans-readability,high,high,high
train,1475,agentlans-readability,high,middle,middle
train,1476,agentlans-readability,high,high,high
train,1477,agentlans-readability,high,middle,middle
train,1478,agentlans-readability,high,middle,middle
train,1479,agentlans-readability,high,middle,middle
train,1480,agentlans-readability,high,high,high
train,1481,agentlans-readability,high,high,high
train,1482,agentlans-readability,high,middle,middle
train,1483,agentlans-readability,high,high,high
train,1484,agentlans-readability,high,high,high
train,1485,agentlans-readability,high,middle,middle
train,1486,agentlans-readability,high,high,high
train,1487,agentlans-readability,high,middle,middle
train,1488,agentlans-readability,high,high,high
train,1489,agentlans-readability,high,high,high
train,1490,agentlans-readability,high,high,high
train,1491,agentlans-readability,high,high,high
train,1492,agentlans-readability,high,high,high
train,1493,agentlans-readability,high,high,high
train,1494,agentlans-readability,high,high,high
train,1495,agentlans-readability,high,middle,middle
train,1496,agentlans-readability,high,middle,middle
train,1497,agentlans-readability,high,high,high
train,1498,agentlans-readability,high,middle,middle
train,1499,agentlans-readability,high,high,high
train,1500,agentlans-readability,high,middle,middle
train,1501,agentlans-readability,high,middle,middle
train,1502,agentlans-readability,high,middle,middle
train,1503,agentlans-readability,high,high,high
train,1504,agentlans-readability,high,high,high
train,1505,agentlans-readability,high,high,high
train,1506,agentlans-readability,high,middle,middle
train,1507,agentlans-readability,high,high,high
train,1508,agentlans-readability,high,high,high
train,1509,agentlans-readability,high,high,high
train,1510,agentlans-readability,high,high,high
train,1511,agentlans-readability,high,high,high
train,1512,agentlans-readability,high,high,high
train,1513,agentlans-readability,high,high,high
train,1514,agentlans-readability,high,high,high
train,1515,agentlans-readability,high,high,high
train,1516,agentlans-readability,high,middle,middle
train,1517,agentlans-readability,high,high,high
train,1518,agentlans-readability,high,middle,middle
train,1519,agentlans-readability,high,high,high
train,1520,agentlans-readability,high,high,high
train,1521,agentlans-readability,high,high,high
train,1522,agentlans-readability,high,high,high
train,1523,agentlans-readability,high,high,high
train,1524,agentlans-readability,high,high,high
train,1525,agentlans-readability,high,high,high
train,1526,agentlans-readability,high,high,high
train,1527,agentlans-readability,high,high,high
train,1528,agentlans-readability,high,high,high
train,1529,agentlans-readability,high,high,high
train,1530,agentlans-readability,high,high,high
train,1531,agentlans-readability,high,high,high
train,1532,agentlans-readability,high,high,high
train,1533,agentlans-readability,high,middle,middle
train,1534,agentlans-readability,high,high,high
train,1535,agentlans-readability,high,high,high
train,1536,agentlans-readability,high,high,high
train,1537,agentlans-readability,high,high,high
train,1538,agentlans-readability,high,middle,middle
train,1539,agentlans-readability,high,high,high
train,1540,agentlans-readability,high,middle,middle
train,1541,agentlans-readability,high,high,high
train,1542,agentlans-readability,high,high,high
train,1543,agentlans-readability,high,high,high
train,1544,agentlans-readability,high,high,high
train,1545,agentlans-readability,high,high,high
train,1546,agentlans-readability,high,high,high
train,1547,agentlans-readability,high,high,high
train,1548,agentlans-readability,high,high,high
train,1549,agentlans-readability,high,high,high
train,1550,agentlans-readability,high,middle,middle
train,1551,agentlans-readability,high,high,high
train,1552,agentlans-readability,high,middle,middle
train,1553,agentlans-readability,high,high,high
train,1554,agentlans-readability,high,high,high
train,1555,agentlans-readability,high,middle,middle
train,1556,agentlans-readability,high,high,high
train,1557,agentlans-readability,high,middle,middle
train,1558,agentlans-readability,high,high,high
train,1559,agentlans-readability,high,high,high
train,1560,agentlans-readability,high,high,high
train,1561,agentlans-readability,high,high,high
train,1562,agentlans-readability,high,high,high
train,1563,agentlans-readability,high,high,high
train,1564,agentlans-readability,high,high,high
train,1565,agentlans-readability,high,high,high
train,1566,agentlans-readability,high,high,high
train,1567,agentlans-readability,high,high,high
train,1568,agentlans-readability,high,high,high
train,1569,agentlans-readability,high,high,high
train,1570,agentlans-readability,high,high,high
train,1571,agentlans-readability,high,high,high
train,1572,agentlans-readability,high,high,high
train,1573,agentlans-readability,high,high,high
train,1574,agentlans-readability,high,high,high
train,1575,agentlans-readability,high,high,high
train,1576,agentlans-readability,high,high,high
train,1577,agentlans-readability,high,high,high
train,1578,agentlans-readability,high,high,high
train,1579,agentlans-readability,high,high,high
train,1580,agentlans-readability,high,high,high
train,1581,agentlans-readability,high,high,high
train,1582,agentlans-readability,high,middle,middle
train,1583,agentlans-readability,high,high,high
train,1584,agentlans-readability,high,high,high
train,1585,agentlans-readability,high,high,high
train,1586,agentlans-readability,high,middle,middle
train,1587,agentlans-readability,high,high,high
train,1588,agentlans-readability,high,high,high
train,1589,agentlans-readability,high,high,high
train,1590,agentlans-readability,high,high,high
train,1591,agentlans-readability,high,high,high
train,1592,agentlans-readability,high,high,high
train,1593,agentlans-readability,high,high,high
train,1594,agentlans-readability,high,high,high
train,1595,agentlans-readability,high,high,high
train,1596,agentlans-readability,high,high,high
train,1597,agentlans-readability,high,high,high
train,1598,agentlans-readability,high,high,high
train,1599,agentlans-readability,high,high,high
train,1600,agentlans-readability,middle,elementary,elementary
train,1601,agentlans-readability,middle,middle,middle
train,1602,agentlans-readability,middle,elementary,elementary
train,1603,agentlans-readability,middle,elementary,elementary
train,1604,agentlans-readability,middle,middle,middle
train,1605,agentlans-readability,middle,elementary,elementary
train,1606,agentlans-readability,middle,middle,middle
train,1607,agentlans-readability,middle,middle,middle
train,1608,agentlans-readability,middle,middle,middle
train,1609,agentlans-readability,middle,middle,middle
train,1610,agentlans-readability,middle,middle,middle
train,1611,agentlans-readability,middle,high,high
train,1612,agentlans-readability,middle,elementary,elementary
train,1613,agentlans-readability,middle,middle,middle
train,1614,agentlans-readability,middle,middle,middle
train,1615,agentlans-readability,middle,middle,middle
train,1616,agentlans-readability,middle,high,high
train,1617,agentlans-readability,middle,middle,middle
train,1618,agentlans-readability,middle,middle,middle
train,1619,agentlans-readability,middle,high,high
train,1620,agentlans-readability,middle,middle,middle
train,1621,agentlans-readability,middle,middle,middle
train,1622,agentlans-readability,middle,high,high
train,1623,agentlans-readability,middle,middle,middle
train,1624,agentlans-readability,middle,middle,middle
train,1625,agentlans-readability,middle,middle,middle
train,1626,agentlans-readability,middle,middle,middle
train,1627,agentlans-readability,middle,middle,middle
train,1628,agentlans-readability,middle,elementary,elementary
train,1629,agentlans-readability,middle,elementary,elementary
train,1630,agentlans-readability,middle,high,high
train,1631,agentlans-readability,middle,middle,middle
train,1632,agentlans-readability,middle,elementary,elementary
train,1633,agentlans-readability,middle,elementary,elementary
train,1634,agentlans-readability,middle,high,high
train,1635,agentlans-readability,middle,high,high
train,1636,agentlans-readability,middle,middle,middle
train,1637,agentlans-readability,middle,middle,middle
train,1638,agentlans-readability,middle,middle,middle
train,1639,agentlans-readability,middle,middle,middle
train,1640,agentlans-readability,middle,high,high
train,1641,agentlans-readability,middle,elementary,elementary
train,1642,agentlans-readability,middle,middle,middle
train,1643,agentlans-readability,middle,elementary,elementary
train,1644,agentlans-readability,middle,elementary,elementary
train,1645,agentlans-readability,middle,high,high
train,1646,agentlans-readability,middle,middle,middle
train,1647,agentlans-readability,middle,middle,middle
train,1648,agentlans-readability,middle,elementary,elementary
train,1649,agentlans-readability,middle,middle,middle
train,1650,agentlans-readability,middle,middle,middle
train,1651,agentlans-readability,middle,middle,middle
train,1652,agentlans-readability,middle,middle,middle
train,1653,agentlans-readability,middle,elementary,elementary
train,1654,agentlans-readability,middle,middle,middle
train,1655,agentlans-readability,middle,middle,middle
train,1656,agentlans-readability,middle,middle,middle
train,1657,agentlans-readability,middle,elementary,elementary
train,1658,agentlans-readability,middle,middle,middle
train,1659,agentlans-readability,middle,middle,middle
train,1660,agentlans-readability,middle,elementary,elementary
train,1661,agentlans-readability,middle,elementary,elementary
train,1662,agentlans-readability,middle,middle,middle
train,1663,agentlans-readability,middle,elementary,elementary
train,1664,agentlans-readability,middle,middle,middle
train,1665,agentlans-readability,middle,middle,middle
train,1666,agentlans-readability,middle,high,high
train,1667,agentlans-readability,middle,middle,middle
train,1668,agentlans-readability,middle,middle,middle
train,1669,agentlans-readability,middle,middle,middle
train,1670,agentlans-readability,middle,elementary,elementary
train,1671,agentlans-readability,middle,elementary,elementary
train,1672,agentlans-readability,middle,middle,middle
train,1673,agentlans-readability,middle,middle,middle
train,1674,agentlans-readability,middle,middle,middle
train,1675,agentlans-readability,middle,elementary,elementary
train,1676,agentlans-readability,middle,middle,middle
train,1677,agentlans-readability,middle,middle,middle
train,1678,agentlans-readability,middle,middle,middle
train,1679,agentlans-readability,middle,elementary,elementary
train,1680,agentlans-readability,middle,elementary,elementary
train,1681,agentlans-readability,middle,elementary,elementary
train,1682,agentlans-readability,middle,middle,middle
train,1683,agentlans-readability,middle,middle,middle
train,1684,agentlans-readability,middle,middle,middle
train,1685,agentlans-readability,middle,elementary,elementary
train,1686,agentlans-readability,middle,middle,middle
train,1687,agentlans-readability,middle,middle,middle
train,1688,agentlans-readability,middle,high,high
train,1689,agentlans-readability,middle,middle,middle
train,1690,agentlans-readability,middle,middle,middle
train,1691,agentlans-readability,middle,elementary,elementary
train,1692,agentlans-readability,middle,elementary,elementary
train,1693,agentlans-readability,middle,elementary,elementary
train,1694,agentlans-readability,middle,middle,middle
train,1695,agentlans-readability,middle,elementary,elementary
train,1696,agentlans-readability,middle,middle,middle
train,1697,agentlans-readability,middle,middle,middle
train,1698,agentlans-readability,middle,middle,middle
train,1699,agentlans-readability,middle,elementary,elementary
train,1700,agentlans-readability,middle,middle,middle
train,1701,agentlans-readability,middle,middle,middle
train,1702,agentlans-readability,middle,elementary,elementary
train,1703,agentlans-readability,middle,middle,middle
train,1704,agentlans-readability,middle,middle,middle
train,1705,agentlans-readability,middle,elementary,elementary
train,1706,agentlans-readability,middle,middle,middle
train,1707,agentlans-readability,middle,elementary,elementary
train,1708,agentlans-readability,middle,middle,middle
train,1709,agentlans-readability,middle,high,high
train,1710,agentlans-readability,middle,elementary,elementary
train,1711,agentlans-readability,middle,elementary,elementary
train,1712,agentlans-readability,middle,elementary,elementary
train,1713,agentlans-readability,middle,elementary,elementary
train,1714,agentlans-readability,middle,middle,middle
train,1715,agentlans-readability,middle,middle,middle
train,1716,agentlans-readability,middle,middle,middle
train,1717,agentlans-readability,middle,elementary,elementary
train,1718,agentlans-readability,middle,elementary,elementary
train,1719,agentlans-readability,middle,elementary,elementary
train,1720,agentlans-readability,middle,middle,middle
train,1721,agentlans-readability,middle,high,high
train,1722,agentlans-readability,middle,middle,middle
train,1723,agentlans-readability,middle,middle,middle
train,1724,agentlans-readability,middle,high,high
train,1725,agentlans-readability,middle,middle,middle
train,1726,agentlans-readability,middle,elementary,elementary
train,1727,agentlans-readability,middle,middle,middle
train,1728,agentlans-readability,middle,middle,middle
train,1729,agentlans-readability,middle,high,high
train,1730,agentlans-readability,middle,middle,middle
train,1731,agentlans-readability,middle,high,high
train,1732,agentlans-readability,middle,elementary,elementary
train,1733,agentlans-readability,middle,middle,middle
train,1734,agentlans-readability,middle,elementary,elementary
train,1735,agentlans-readability,middle,middle,middle
train,1736,agentlans-readability,middle,high,high
train,1737,agentlans-readability,middle,middle,middle
train,1738,agentlans-readability,middle,elementary,elementary
train,1739,agentlans-readability,middle,middle,middle
train,1740,agentlans-readability,middle,middle,middle
train,1741,agentlans-readability,middle,middle,middle
train,1742,agentlans-readability,middle,high,high
train,1743,agentlans-readability,middle,elementary,elementary
train,1744,agentlans-readability,middle,middle,middle
train,1745,agentlans-readability,middle,middle,middle
train,1746,agentlans-readability,middle,high,high
train,1747,agentlans-readability,middle,middle,middle
train,1748,agentlans-readability,middle,middle,middle
train,1749,agentlans-readability,middle,elementary,elementary
train,1750,agentlans-readability,middle,middle,middle
train,1751,agentlans-readability,middle,middle,middle
train,1752,agentlans-readability,middle,elementary,elementary
train,1753,agentlans-readability,middle,middle,middle
train,1754,agentlans-readability,middle,elementary,elementary
train,1755,agentlans-readability,middle,high,high
train,1756,agentlans-readability,middle,middle,middle
train,1757,agentlans-readability,middle,elementary,elementary
train,1758,agentlans-readability,middle,middle,middle
train,1759,agentlans-readability,middle,middle,middle
train,1760,agentlans-readability,middle,middle,middle
train,1761,agentlans-readability,middle,middle,middle
train,1762,agentlans-readability,middle,middle,middle
train,1763,agentlans-readability,middle,high,high
train,1764,agentlans-readability,middle,elementary,elementary
train,1765,agentlans-readability,middle,high,high
train,1766,agentlans-readability,middle,middle,middle
train,1767,agentlans-readability,middle,middle,middle
train,1768,agentlans-readability,middle,middle,middle
train,1769,agentlans-readability,middle,middle,middle
train,1770,agentlans-readability,middle,elementary,elementary
train,1771,agentlans-readability,middle,middle,middle
train,1772,agentlans-readability,middle,middle,middle
train,1773,agentlans-readability,middle,high,high
train,1774,agentlans-readability,middle,middle,middle
train,1775,agentlans-readability,middle,high,high
train,1776,agentlans-readability,middle,elementary,elementary
train,1777,agentlans-readability,middle,middle,middle
train,1778,agentlans-readability,middle,elementary,elementary
train,1779,agentlans-readability,middle,elementary,elementary
train,1780,agentlans-readability,middle,middle,middle
train,1781,agentlans-readability,middle,middle,middle
train,1782,agentlans-readability,middle,elementary,elementary
train,1783,agentlans-readability,middle,middle,middle
train,1784,agentlans-readability,middle,elementary,elementary
train,1785,agentlans-readability,middle,high,high
train,1786,agentlans-readability,middle,middle,middle
train,1787,agentlans-readability,middle,elementary,elementary
train,1788,agentlans-readability,middle,high,high
train,1789,agentlans-readability,middle,high,high
train,1790,agentlans-readability,middle,middle,middle
train,1791,agentlans-readability,middle,middle,middle
train,1792,agentlans-readability,middle,middle,middle
train,1793,agentlans-readability,middle,elementary,elementary
train,1794,agentlans-readability,middle,middle,middle
train,1795,agentlans-readability,middle,middle,middle
train,1796,agentlans-readability,middle,middle,middle
train,1797,agentlans-readability,middle,middle,middle
train,1798,agentlans-readability,middle,middle,middle
train,1799,agentlans-readability,middle,elementary,elementary
train,1800,agentlans-readability,middle,middle,middle
train,1801,agentlans-readability,middle,middle,middle
train,1802,agentlans-readability,middle,elementary,elementary
train,1803,agentlans-readability,middle,elementary,elementary
train,1804,agentlans-readability,middle,elementary,elementary
train,1805,agentlans-readability,middle,elementary,elementary
train,1806,agentlans-readability,middle,elementary,elementary
train,1807,agentlans-readability,middle,middle,middle
train,1808,agentlans-readability,middle,elementary,elementary
train,1809,agentlans-readability,middle,middle,middle
train,1810,agentlans-readability,middle,elementary,elementary
train,1811,agentlans-readability,middle,middle,middle
train,1812,agentlans-readability,middle,middle,middle
train,1813,agentlans-readability,middle,high,high
train,1814,agentlans-readability,middle,middle,middle
train,1815,agentlans-readability,middle,elementary,elementary
train,1816,agentlans-readability,middle,high,high
train,1817,agentlans-readability,middle,middle,middle
train,1818,agentlans-readability,middle,middle,middle
train,1819,agentlans-readability,middle,middle,middle
train,1820,agentlans-readability,middle,middle,middle
train,1821,agentlans-readability,middle,middle,middle
train,1822,agentlans-readability,middle,high,high
train,1823,agentlans-readability,middle,middle,middle
train,1824,agentlans-readability,middle,middle,middle
train,1825,agentlans-readability,middle,high,high
train,1826,agentlans-readability,middle,middle,middle
train,1827,agentlans-readability,middle,high,high
train,1828,agentlans-readability,middle,high,high
train,1829,agentlans-readability,middle,elementary,elementary
train,1830,agentlans-readability,middle,high,high
train,1831,agentlans-readability,middle,high,high
train,1832,agentlans-readability,middle,middle,middle
train,1833,agentlans-readability,middle,high,high
train,1834,agentlans-readability,middle,middle,middle
train,1835,agentlans-readability,middle,elementary,elementary
train,1836,agentlans-readability,middle,middle,middle
train,1837,agentlans-readability,middle,elementary,elementary
train,1838,agentlans-readability,middle,elementary,elementary
train,1839,agentlans-readability,middle,middle,middle
train,1840,agentlans-readability,middle,middle,middle
train,1841,agentlans-readability,middle,middle,middle
train,1842,agentlans-readability,middle,middle,middle
train,1843,agentlans-readability,middle,middle,middle
train,1844,agentlans-readability,middle,middle,middle
train,1845,agentlans-readability,middle,middle,middle
train,1846,agentlans-readability,middle,elementary,elementary
train,1847,agentlans-readability,middle,high,high
train,1848,agentlans-readability,middle,elementary,elementary
train,1849,agentlans-readability,middle,middle,middle
train,1850,agentlans-readability,middle,middle,middle
train,1851,agentlans-readability,middle,high,high
train,1852,agentlans-readability,middle,middle,middle
train,1853,agentlans-readability,middle,middle,middle
train,1854,agentlans-readability,middle,middle,middle
train,1855,agentlans-readability,middle,high,high
train,1856,agentlans-readability,middle,elementary,elementary
train,1857,agentlans-readability,middle,elementary,elementary
train,1858,agentlans-readability,middle,middle,middle
train,1859,agentlans-readability,middle,elementary,elementary
train,1860,agentlans-readability,middle,middle,middle
train,1861,agentlans-readability,middle,middle,middle
train,1862,agentlans-readability,middle,middle,middle
train,1863,agentlans-readability,middle,middle,middle
train,1864,agentlans-readability,middle,middle,middle
train,1865,agentlans-readability,middle,middle,middle
train,1866,agentlans-readability,middle,middle,middle
train,1867,agentlans-readability,middle,elementary,elementary
train,1868,agentlans-readability,middle,middle,middle
train,1869,agentlans-readability,middle,middle,middle
train,1870,agentlans-readability,middle,middle,middle
train,1871,agentlans-readability,middle,elementary,elementary
train,1872,agentlans-readability,middle,middle,middle
train,1873,agentlans-readability,middle,middle,middle
train,1874,agentlans-readability,middle,middle,middle
train,1875,agentlans-readability,middle,middle,middle
train,1876,agentlans-readability,middle,middle,middle
train,1877,agentlans-readability,middle,high,high
train,1878,agentlans-readability,middle,middle,middle
train,1879,agentlans-readability,middle,elementary,elementary
train,1880,agentlans-readability,middle,middle,middle
train,1881,agentlans-readability,middle,elementary,elementary
train,1882,agentlans-readability,middle,middle,middle
train,1883,agentlans-readability,middle,elementary,elementary
train,1884,agentlans-readability,middle,high,high
train,1885,agentlans-readability,middle,middle,middle
train,1886,agentlans-readability,middle,middle,middle
train,1887,agentlans-readability,middle,middle,middle
train,1888,agentlans-readability,middle,middle,middle
train,1889,agentlans-readability,middle,middle,middle
train,1890,agentlans-readability,middle,elementary,elementary
train,1891,agentlans-readability,middle,middle,middle
train,1892,agentlans-readability,middle,middle,middle
train,1893,agentlans-readability,middle,middle,middle
train,1894,agentlans-readability,middle,high,high
train,1895,agentlans-readability,middle,high,high
train,1896,agentlans-readability,middle,middle,middle
train,1897,agentlans-readability,middle,middle,middle
train,1898,agentlans-readability,middle,high,high
train,1899,agentlans-readability,middle,middle,middle
train,1900,agentlans-readability,middle,middle,middle
train,1901,agentlans-readability,middle,elementary,elementary
train,1902,agentlans-readability,middle,middle,middle
train,1903,agentlans-readability,middle,high,high
train,1904,agentlans-readability,middle,high,high
train,1905,agentlans-readability,middle,elementary,elementary
train,1906,agentlans-readability,middle,elementary,elementary
train,1907,agentlans-readability,middle,elementary,elementary
train,1908,agentlans-readability,middle,elementary,elementary
train,1909,agentlans-readability,middle,elementary,elementary
train,1910,agentlans-readability,middle,middle,middle
train,1911,agentlans-readability,middle,middle,middle
train,1912,agentlans-readability,middle,middle,middle
train,1913,agentlans-readability,middle,middle,middle
train,1914,agentlans-readability,middle,elementary,elementary
train,1915,agentlans-readability,middle,middle,middle
train,1916,agentlans-readability,middle,middle,middle
train,1917,agentlans-readability,middle,middle,middle
train,1918,agentlans-readability,middle,elementary,elementary
train,1919,agentlans-readability,middle,middle,middle
train,1920,agentlans-readability,middle,middle,middle
train,1921,agentlans-readability,middle,middle,middle
train,1922,agentlans-readability,middle,middle,middle
train,1923,agentlans-readability,middle,middle,middle
train,1924,agentlans-readability,middle,middle,middle
train,1925,agentlans-readability,middle,high,high
train,1926,agentlans-readability,middle,elementary,elementary
train,1927,agentlans-readability,middle,middle,middle
train,1928,agentlans-readability,middle,middle,middle
train,1929,agentlans-readability,middle,middle,middle
train,1930,agentlans-readability,middle,middle,middle
train,1931,agentlans-readability,middle,middle,middle
train,1932,agentlans-readability,middle,middle,middle
train,1933,agentlans-readability,middle,middle,middle
train,1934,agentlans-readability,middle,elementary,elementary
train,1935,agentlans-readability,middle,middle,middle
train,1936,agentlans-readability,middle,middle,middle
train,1937,agentlans-readability,middle,middle,middle
train,1938,agentlans-readability,middle,high,high
train,1939,agentlans-readability,middle,middle,middle
train,1940,agentlans-readability,middle,middle,middle
train,1941,agentlans-readability,middle,middle,middle
train,1942,agentlans-readability,middle,middle,middle
train,1943,agentlans-readability,middle,middle,middle
train,1944,agentlans-readability,middle,high,high
train,1945,agentlans-readability,middle,middle,middle
train,1946,agentlans-readability,middle,middle,middle
train,1947,agentlans-readability,middle,elementary,elementary
train,1948,agentlans-readability,middle,middle,middle
train,1949,agentlans-readability,middle,elementary,elementary
train,1950,agentlans-readability,middle,middle,middle
train,1951,agentlans-readability,middle,middle,middle
train,1952,agentlans-readability,middle,elementary,elementary
train,1953,agentlans-readability,middle,elementary,elementary
train,1954,agentlans-readability,middle,middle,middle
train,1955,agentlans-readability,middle,middle,middle
train,1956,agentlans-readability,middle,middle,middle
train,1957,agentlans-readability,middle,middle,middle
train,1958,agentlans-readability,middle,middle,middle
train,1959,agentlans-readability,middle,elementary,elementary
train,1960,agentlans-readability,middle,middle,middle
train,1961,agentlans-readability,middle,elementary,elementary
train,1962,agentlans-readability,middle,elementary,elementary
train,1963,agentlans-readability,middle,middle,middle
train,1964,agentlans-readability,middle,elementary,elementary
train,1965,agentlans-readability,middle,middle,middle
train,1966,agentlans-readability,middle,middle,middle
train,1967,agentlans-readability,middle,elementary,elementary
train,1968,agentlans-readability,middle,middle,middle
train,1969,agentlans-readability,middle,middle,middle
train,1970,agentlans-readability,middle,middle,middle
train,1971,agentlans-readability,middle,elementary,elementary
train,1972,agentlans-readability,middle,middle,middle
train,1973,agentlans-readability,middle,middle,middle
train,1974,agentlans-readability,middle,elementary,elementary
train,1975,agentlans-readability,middle,middle,middle
train,1976,agentlans-readability,middle,elementary,elementary
train,1977,agentlans-readability,middle,middle,middle
train,1978,agentlans-readability,middle,high,high
train,1979,agentlans-readability,middle,high,high
train,1980,agentlans-readability,middle,middle,middle
train,1981,agentlans-readability,middle,middle,middle
train,1982,agentlans-readability,middle,middle,middle
train,1983,agentlans-readability,middle,middle,middle
train,1984,agentlans-readability,middle,middle,middle
train,1985,agentlans-readability,middle,high,high
train,1986,agentlans-readability,middle,middle,middle
train,1987,agentlans-readability,middle,high,high
train,1988,agentlans-readability,middle,elementary,elementary
train,1989,agentlans-readability,middle,middle,middle
train,1990,agentlans-readability,middle,elementary,elementary
train,1991,agentlans-readability,middle,elementary,elementary
train,1992,agentlans-readability,middle,high,high
train,1993,agentlans-readability,middle,elementary,elementary
train,1994,agentlans-readability,middle,middle,middle
train,1995,agentlans-readability,middle,middle,middle
train,1996,agentlans-readability,middle,middle,middle
train,1997,agentlans-readability,middle,middle,middle
train,1998,agentlans-readability,middle,elementary,elementary
train,1999,agentlans-readability,middle,elementary,elementary
train,2000,agentlans-readability,middle,middle,middle
train,2001,agentlans-readability,middle,middle,middle
train,2002,agentlans-readability,middle,middle,middle
train,2003,agentlans-readability,middle,elementary,elementary
train,2004,agentlans-readability,middle,elementary,elementary
train,2005,agentlans-readability,middle,middle,middle
train,2006,agentlans-readability,middle,middle,middle
train,2007,agentlans-readability,middle,middle,middle
train,2008,agentlans-readability,middle,middle,middle
train,2009,agentlans-readability,middle,elementary,elementary
train,2010,agentlans-readability,middle,middle,middle
train,2011,agentlans-readability,middle,middle,middle
train,2012,agentlans-readability,middle,middle,middle
train,2013,agentlans-readability,middle,middle,middle
train,2014,agentlans-readability,middle,elementary,elementary
train,2015,agentlans-readability,middle,high,high
train,2016,agentlans-readability,middle,middle,middle
train,2017,agentlans-readability,middle,middle,middle
train,2018,agentlans-readability,middle,elementary,elementary
train,2019,agentlans-readability,middle,elementary,elementary
train,2020,agentlans-readability,middle,middle,middle
train,2021,agentlans-readability,middle,middle,middle
train,2022,agentlans-readability,middle,elementary,elementary
train,2023,agentlans-readability,middle,middle,middle
train,2024,agentlans-readability,middle,elementary,elementary
train,2025,agentlans-readability,middle,high,high
train,2026,agentlans-readability,middle,middle,middle
train,2027,agentlans-readability,middle,elementary,elementary
train,2028,agentlans-readability,middle,high,high
train,2029,agentlans-readability,middle,elementary,elementary
train,2030,agentlans-readability,middle,middle,middle
train,2031,agentlans-readability,middle,middle,middle
train,2032,agentlans-readability,middle,middle,middle
train,2033,agentlans-readability,middle,high,high
train,2034,agentlans-readability,middle,high,high
train,2035,agentlans-readability,middle,middle,middle
train,2036,agentlans-readability,middle,middle,middle
train,2037,agentlans-readability,middle,elementary,elementary
train,2038,agentlans-readability,middle,middle,middle
train,2039,agentlans-readability,middle,elementary,elementary
train,2040,agentlans-readability,middle,middle,middle
train,2041,agentlans-readability,middle,elementary,elementary
train,2042,agentlans-readability,middle,middle,middle
train,2043,agentlans-readability,middle,middle,middle
train,2044,agentlans-readability,middle,elementary,elementary
train,2045,agentlans-readability,middle,middle,middle
train,2046,agentlans-readability,middle,middle,middle
train,2047,agentlans-readability,middle,elementary,elementary
train,2048,agentlans-readability,middle,middle,middle
train,2049,agentlans-readability,middle,middle,middle
train,2050,agentlans-readability,middle,middle,middle
train,2051,agentlans-readability,middle,middle,middle
train,2052,agentlans-readability,middle,middle,middle
train,2053,agentlans-readability,middle,elementary,elementary
train,2054,agentlans-readability,middle,elementary,elementary
train,2055,agentlans-readability,middle,middle,middle
train,2056,agentlans-readability,middle,middle,middle
train,2057,agentlans-readability,middle,middle,middle
train,2058,agentlans-readability,middle,elementary,elementary
train,2059,agentlans-readability,middle,high,high
train,2060,agentlans-readability,middle,middle,middle
train,2061,agentlans-readability,middle,middle,middle
train,2062,agentlans-readability,middle,middle,middle
train,2063,agentlans-readability,middle,middle,middle
train,2064,agentlans-readability,middle,middle,middle
train,2065,agentlans-readability,middle,middle,middle
train,2066,agentlans-readability,middle,middle,middle
train,2067,agentlans-readability,middle,elementary,elementary
train,2068,agentlans-readability,middle,middle,middle
train,2069,agentlans-readability,middle,middle,middle
train,2070,agentlans-readability,middle,middle,middle
train,2071,agentlans-readability,middle,high,high
train,2072,agentlans-readability,middle,middle,middle
train,2073,agentlans-readability,middle,middle,middle
train,2074,agentlans-readability,middle,elementary,elementary
train,2075,agentlans-readability,middle,middle,middle
train,2076,agentlans-readability,middle,high,high
train,2077,agentlans-readability,middle,elementary,elementary
train,2078,agentlans-readability,middle,middle,middle
train,2079,agentlans-readability,middle,elementary,elementary
train,2080,agentlans-readability,middle,middle,middle
train,2081,agentlans-readability,middle,middle,middle
train,2082,agentlans-readability,middle,middle,middle
train,2083,agentlans-readability,middle,middle,middle
train,2084,agentlans-readability,middle,middle,middle
train,2085,agentlans-readability,middle,middle,middle
train,2086,agentlans-readability,middle,middle,middle
train,2087,agentlans-readability,middle,middle,middle
train,2088,agentlans-readability,middle,high,high
train,2089,agentlans-readability,middle,middle,middle
train,2090,agentlans-readability,middle,middle,middle
train,2091,agentlans-readability,middle,middle,middle
train,2092,agentlans-readability,middle,middle,middle
train,2093,agentlans-readability,middle,middle,middle
train,2094,agentlans-readability,middle,elementary,elementary
train,2095,agentlans-readability,middle,middle,middle
train,2096,agentlans-readability,middle,middle,middle
train,2097,agentlans-readability,middle,middle,middle
train,2098,agentlans-readability,middle,middle,middle
train,2099,agentlans-readability,middle,elementary,elementary
train,2100,agentlans-readability,middle,middle,middle
train,2101,agentlans-readability,middle,middle,middle
train,2102,agentlans-readability,middle,middle,middle
train,2103,agentlans-readability,middle,middle,middle
train,2104,agentlans-readability,middle,middle,middle
train,2105,agentlans-readability,middle,elementary,elementary
train,2106,agentlans-readability,middle,elementary,elementary
train,2107,agentlans-readability,middle,middle,middle
train,2108,agentlans-readability,middle,middle,middle
train,2109,agentlans-readability,middle,elementary,elementary
train,2110,agentlans-readability,middle,high,high
train,2111,agentlans-readability,middle,high,high
train,2112,agentlans-readability,middle,high,high
train,2113,agentlans-readability,middle,elementary,elementary
train,2114,agentlans-readability,middle,middle,middle
train,2115,agentlans-readability,middle,elementary,elementary
train,2116,agentlans-readability,middle,middle,middle
train,2117,agentlans-readability,middle,middle,middle
train,2118,agentlans-readability,middle,elementary,elementary
train,2119,agentlans-readability,middle,high,high
train,2120,agentlans-readability,middle,elementary,elementary
train,2121,agentlans-readability,middle,high,high
train,2122,agentlans-readability,middle,elementary,elementary
train,2123,agentlans-readability,middle,middle,middle
train,2124,agentlans-readability,middle,middle,middle
train,2125,agentlans-readability,middle,high,high
train,2126,agentlans-readability,middle,elementary,elementary
train,2127,agentlans-readability,middle,middle,middle
train,2128,agentlans-readability,middle,elementary,elementary
train,2129,agentlans-readability,middle,elementary,elementary
train,2130,agentlans-readability,middle,middle,middle
train,2131,agentlans-readability,middle,middle,middle
train,2132,agentlans-readability,middle,high,high
train,2133,agentlans-readability,middle,middle,middle
train,2134,agentlans-readability,middle,elementary,elementary
train,2135,agentlans-readability,middle,middle,middle
train,2136,agentlans-readability,middle,elementary,elementary
train,2137,agentlans-readability,middle,middle,middle
train,2138,agentlans-readability,middle,middle,middle
train,2139,agentlans-readability,middle,elementary,elementary
train,2140,agentlans-readability,middle,high,high
train,2141,agentlans-readability,middle,middle,middle
train,2142,agentlans-readability,middle,middle,middle
train,2143,agentlans-readability,middle,middle,middle
train,2144,agentlans-readability,middle,middle,middle
train,2145,agentlans-readability,middle,middle,middle
train,2146,agentlans-readability,middle,middle,middle
train,2147,agentlans-readability,middle,elementary,elementary
train,2148,agentlans-readability,middle,middle,middle
train,2149,agentlans-readability,middle,middle,middle
train,2150,agentlans-readability,middle,elementary,elementary
train,2151,agentlans-readability,middle,middle,middle
train,2152,agentlans-readability,middle,high,high
train,2153,agentlans-readability,middle,middle,middle
train,2154,agentlans-readability,middle,middle,middle
train,2155,agentlans-readability,middle,elementary,elementary
train,2156,agentlans-readability,middle,middle,middle
train,2157,agentlans-readability,middle,middle,middle
train,2158,agentlans-readability,middle,elementary,elementary
train,2159,agentlans-readability,middle,middle,middle
train,2160,agentlans-readability,middle,high,high
train,2161,agentlans-readability,middle,elementary,elementary
train,2162,agentlans-readability,middle,middle,middle
train,2163,agentlans-readability,middle,middle,middle
train,2164,agentlans-readability,middle,middle,middle
train,2165,agentlans-readability,middle,high,high
train,2166,agentlans-readability,middle,elementary,elementary
train,2167,agentlans-readability,middle,middle,middle
train,2168,agentlans-readability,middle,middle,middle
train,2169,agentlans-readability,middle,middle,middle
train,2170,agentlans-readability,middle,elementary,elementary
train,2171,agentlans-readability,middle,middle,middle
train,2172,agentlans-readability,middle,elementary,elementary
train,2173,agentlans-readability,middle,middle,middle
train,2174,agentlans-readability,middle,middle,middle
train,2175,agentlans-readability,middle,middle,middle
train,2176,agentlans-readability,middle,middle,middle
train,2177,agentlans-readability,middle,elementary,elementary
train,2178,agentlans-readability,middle,elementary,elementary
train,2179,agentlans-readability,middle,middle,middle
train,2180,agentlans-readability,middle,elementary,elementary
train,2181,agentlans-readability,middle,elementary,elementary
train,2182,agentlans-readability,middle,high,high
train,2183,agentlans-readability,middle,middle,middle
train,2184,agentlans-readability,middle,middle,middle
train,2185,agentlans-readability,middle,middle,middle
train,2186,agentlans-readability,middle,middle,middle
train,2187,agentlans-readability,middle,high,high
train,2188,agentlans-readability,middle,middle,middle
train,2189,agentlans-readability,middle,middle,middle
train,2190,agentlans-readability,middle,middle,middle
train,2191,agentlans-readability,middle,middle,middle
train,2192,agentlans-readability,middle,elementary,elementary
train,2193,agentlans-readability,middle,elementary,elementary
train,2194,agentlans-readability,middle,middle,middle
train,2195,agentlans-readability,middle,elementary,elementary
train,2196,agentlans-readability,middle,middle,middle
train,2197,agentlans-readability,middle,high,high
train,2198,agentlans-readability,middle,middle,middle
train,2199,agentlans-readability,middle,elementary,elementary
train,2200,agentlans-readability,middle,middle,middle
train,2201,agentlans-readability,middle,elementary,elementary
train,2202,agentlans-readability,middle,middle,middle
train,2203,agentlans-readability,middle,elementary,elementary
train,2204,agentlans-readability,middle,elementary,elementary
train,2205,agentlans-readability,middle,middle,middle
train,2206,agentlans-readability,middle,middle,middle
train,2207,agentlans-readability,middle,middle,middle
train,2208,agentlans-readability,middle,middle,middle
train,2209,agentlans-readability,middle,middle,middle
train,2210,agentlans-readability,middle,middle,middle
train,2211,agentlans-readability,middle,middle,middle
train,2212,agentlans-readability,middle,high,high
train,2213,agentlans-readability,middle,elementary,elementary
train,2214,agentlans-readability,middle,high,high
train,2215,agentlans-readability,middle,middle,middle
train,2216,agentlans-readability,middle,middle,middle
train,2217,agentlans-readability,middle,middle,middle
train,2218,agentlans-readability,middle,elementary,elementary
train,2219,agentlans-readability,middle,middle,middle
train,2220,agentlans-readability,middle,middle,middle
train,2221,agentlans-readability,middle,elementary,elementary
train,2222,agentlans-readability,middle,elementary,elementary
train,2223,agentlans-readability,middle,high,high
train,2224,agentlans-readability,middle,high,high
train,2225,agentlans-readability,middle,elementary,elementary
train,2226,agentlans-readability,middle,elementary,elementary
train,2227,agentlans-readability,middle,middle,middle
train,2228,agentlans-readability,middle,elementary,elementary
train,2229,agentlans-readability,middle,elementary,elementary
train,2230,agentlans-readability,middle,high,high
train,2231,agentlans-readability,middle,middle,middle
train,2232,agentlans-readability,middle,elementary,elementary
train,2233,agentlans-readability,middle,middle,middle
train,2234,agentlans-readability,middle,middle,middle
train,2235,agentlans-readability,middle,middle,middle
train,2236,agentlans-readability,middle,middle,middle
train,2237,agentlans-readability,middle,middle,middle
train,2238,agentlans-readability,middle,elementary,elementary
train,2239,agentlans-readability,middle,middle,middle
train,2240,agentlans-readability,middle,middle,middle
train,2241,agentlans-readability,middle,high,high
train,2242,agentlans-readability,middle,middle,middle
train,2243,agentlans-readability,middle,elementary,elementary
train,2244,agentlans-readability,middle,middle,middle
train,2245,agentlans-readability,middle,middle,middle
train,2246,agentlans-readability,middle,elementary,elementary
train,2247,agentlans-readability,middle,elementary,elementary
train,2248,agentlans-readability,middle,elementary,elementary
train,2249,agentlans-readability,middle,middle,middle
train,2250,agentlans-readability,middle,elementary,elementary
train,2251,agentlans-readability,middle,middle,middle
train,2252,agentlans-readability,middle,middle,middle
train,2253,agentlans-readability,middle,middle,middle
train,2254,agentlans-readability,middle,middle,middle
train,2255,agentlans-readability,middle,elementary,elementary
train,2256,agentlans-readability,middle,middle,middle
train,2257,agentlans-readability,middle,high,high
train,2258,agentlans-readability,middle,middle,middle
train,2259,agentlans-readability,middle,high,high
train,2260,agentlans-readability,middle,middle,middle
train,2261,agentlans-readability,middle,middle,middle
train,2262,agentlans-readability,middle,middle,middle
train,2263,agentlans-readability,middle,middle,middle
train,2264,agentlans-readability,middle,middle,middle
train,2265,agentlans-readability,middle,middle,middle
train,2266,agentlans-readability,middle,high,high
train,2267,agentlans-readability,middle,middle,middle
train,2268,agentlans-readability,middle,middle,middle
train,2269,agentlans-readability,middle,elementary,elementary
train,2270,agentlans-readability,middle,high,high
train,2271,agentlans-readability,middle,middle,middle
train,2272,agentlans-readability,middle,middle,middle
train,2273,agentlans-readability,middle,high,high
train,2274,agentlans-readability,middle,high,high
train,2275,agentlans-readability,middle,middle,middle
train,2276,agentlans-readability,middle,elementary,elementary
train,2277,agentlans-readability,middle,elementary,elementary
train,2278,agentlans-readability,middle,middle,middle
train,2279,agentlans-readability,middle,middle,middle
train,2280,agentlans-readability,middle,middle,middle
train,2281,agentlans-readability,middle,elementary,elementary
train,2282,agentlans-readability,middle,high,high
train,2283,agentlans-readability,middle,elementary,elementary
train,2284,agentlans-readability,middle,middle,middle
train,2285,agentlans-readability,middle,elementary,elementary
train,2286,agentlans-readability,middle,middle,middle
train,2287,agentlans-readability,middle,middle,middle
train,2288,agentlans-readability,middle,elementary,elementary
train,2289,agentlans-readability,middle,elementary,elementary
train,2290,agentlans-readability,middle,middle,middle
train,2291,agentlans-readability,middle,elementary,elementary
train,2292,agentlans-readability,middle,elementary,elementary
train,2293,agentlans-readability,middle,elementary,elementary
train,2294,agentlans-readability,middle,elementary,elementary
train,2295,agentlans-readability,middle,middle,middle
train,2296,agentlans-readability,middle,middle,middle
train,2297,agentlans-readability,middle,high,high
train,2298,agentlans-readability,middle,middle,middle
train,2299,agentlans-readability,middle,middle,middle
train,2300,agentlans-readability,middle,elementary,elementary
train,2301,agentlans-readability,middle,high,high
train,2302,agentlans-readability,middle,elementary,elementary
train,2303,agentlans-readability,middle,elementary,elementary
train,2304,agentlans-readability,middle,middle,middle
train,2305,agentlans-readability,middle,elementary,elementary
train,2306,agentlans-readability,middle,middle,middle
train,2307,agentlans-readability,middle,middle,middle
train,2308,agentlans-readability,middle,middle,middle
train,2309,agentlans-readability,middle,middle,middle
train,2310,agentlans-readability,middle,elementary,elementary
train,2311,agentlans-readability,middle,middle,middle
train,2312,agentlans-readability,middle,high,high
train,2313,agentlans-readability,middle,middle,middle
train,2314,agentlans-readability,middle,middle,middle
train,2315,agentlans-readability,middle,elementary,elementary
train,2316,agentlans-readability,middle,middle,middle
train,2317,agentlans-readability,middle,elementary,elementary
train,2318,agentlans-readability,middle,middle,middle
train,2319,agentlans-readability,middle,middle,middle
train,2320,agentlans-readability,middle,elementary,elementary
train,2321,agentlans-readability,middle,elementary,elementary
train,2322,agentlans-readability,middle,middle,middle
train,2323,agentlans-readability,middle,high,high
train,2324,agentlans-readability,middle,elementary,elementary
train,2325,agentlans-readability,middle,middle,middle
train,2326,agentlans-readability,middle,elementary,elementary
train,2327,agentlans-readability,middle,middle,middle
train,2328,agentlans-readability,middle,middle,middle
train,2329,agentlans-readability,middle,high,high
train,2330,agentlans-readability,middle,middle,middle
train,2331,agentlans-readability,middle,middle,middle
train,2332,agentlans-readability,middle,middle,middle
train,2333,agentlans-readability,middle,middle,middle
train,2334,agentlans-readability,middle,high,high
train,2335,agentlans-readability,middle,middle,middle
train,2336,agentlans-readability,middle,elementary,elementary
train,2337,agentlans-readability,middle,middle,middle
train,2338,agentlans-readability,middle,middle,middle
train,2339,agentlans-readability,middle,middle,middle
train,2340,agentlans-readability,middle,middle,middle
train,2341,agentlans-readability,middle,middle,middle
train,2342,agentlans-readability,middle,middle,middle
train,2343,agentlans-readability,middle,middle,middle
train,2344,agentlans-readability,middle,middle,middle
train,2345,agentlans-readability,middle,middle,middle
train,2346,agentlans-readability,middle,high,high
train,2347,agentlans-readability,middle,middle,middle
train,2348,agentlans-readability,middle,elementary,elementary
train,2349,agentlans-readability,middle,high,high
train,2350,agentlans-readability,middle,middle,middle
train,2351,agentlans-readability,middle,middle,middle
train,2352,agentlans-readability,middle,elementary,elementary
train,2353,agentlans-readability,middle,middle,middle
train,2354,agentlans-readability,middle,middle,middle
train,2355,agentlans-readability,middle,middle,middle
train,2356,agentlans-readability,middle,middle,middle
train,2357,agentlans-readability,middle,elementary,elementary
train,2358,agentlans-readability,middle,middle,middle
train,2359,agentlans-readability,middle,middle,middle
train,2360,agentlans-readability,middle,elementary,elementary
train,2361,agentlans-readability,middle,middle,middle
train,2362,agentlans-readability,middle,middle,middle
train,2363,agentlans-readability,middle,middle,middle
train,2364,agentlans-readability,middle,middle,middle
train,2365,agentlans-readability,middle,middle,middle
train,2366,agentlans-readability,middle,middle,middle
train,2367,agentlans-readability,middle,high,high
train,2368,agentlans-readability,middle,middle,middle
train,2369,agentlans-readability,middle,middle,middle
train,2370,agentlans-readability,middle,elementary,elementary
train,2371,agentlans-readability,middle,middle,middle
train,2372,agentlans-readability,middle,high,high
train,2373,agentlans-readability,middle,high,high
train,2374,agentlans-readability,middle,elementary,elementary
train,2375,agentlans-readability,middle,middle,middle
train,2376,agentlans-readability,middle,middle,middle
train,2377,agentlans-readability,middle,middle,middle
train,2378,agentlans-readability,middle,middle,middle
train,2379,agentlans-readability,middle,middle,middle
train,2380,agentlans-readability,middle,elementary,elementary
train,2381,agentlans-readability,middle,middle,middle
train,2382,agentlans-readability,middle,elementary,elementary
train,2383,agentlans-readability,middle,elementary,elementary
train,2384,agentlans-readability,middle,elementary,elementary
train,2385,agentlans-readability,middle,middle,middle
train,2386,agentlans-readability,middle,middle,middle
train,2387,agentlans-readability,middle,middle,middle
train,2388,agentlans-readability,middle,high,high
train,2389,agentlans-readability,middle,middle,middle
train,2390,agentlans-readability,middle,middle,middle
train,2391,agentlans-readability,middle,high,high
train,2392,agentlans-readability,middle,middle,middle
train,2393,agentlans-readability,middle,middle,middle
train,2394,agentlans-readability,middle,high,high
train,2395,agentlans-readability,middle,middle,middle
train,2396,agentlans-readability,middle,middle,middle
train,2397,agentlans-readability,middle,elementary,elementary
train,2398,agentlans-readability,middle,middle,middle
train,2399,agentlans-readability,middle,middle,middle
train,2400,cefr-elg,elementary,middle,middle
train,2401,cefr-elg,elementary,middle,middle
train,2402,cefr-elg,elementary,middle,middle
train,2403,cefr-elg,elementary,middle,middle
train,2404,cefr-elg,elementary,middle,middle
train,2405,cefr-elg,elementary,middle,middle
train,2406,cefr-elg,elementary,middle,middle
train,2407,cefr-elg,elementary,middle,middle
train,2408,cefr-elg,elementary,elementary,elementary
train,2409,cefr-elg,elementary,middle,middle
train,2410,cefr-elg,elementary,middle,middle
train,2411,cefr-elg,elementary,middle,middle
train,2412,cefr-elg,elementary,middle,middle
train,2413,cefr-elg,elementary,middle,middle
train,2414,cefr-elg,elementary,middle,middle
train,2415,cefr-elg,elementary,middle,middle
train,2416,cefr-elg,elementary,middle,middle
train,2417,cefr-elg,elementary,middle,middle
train,2418,cefr-elg,elementary,middle,middle
train,2419,cefr-elg,elementary,middle,middle
train,2420,cefr-elg,elementary,middle,middle
train,2421,cefr-elg,elementary,middle,middle
train,2422,cefr-elg,elementary,middle,middle
train,2423,cefr-elg,elementary,middle,middle
train,2424,cefr-elg,elementary,middle,middle
train,2425,cefr-elg,elementary,middle,middle
train,2426,cefr-elg,elementary,middle,middle
train,2427,cefr-elg,elementary,middle,middle
train,2428,cefr-elg,elementary,middle,middle
train,2429,cefr-elg,elementary,middle,middle
train,2430,cefr-elg,elementary,middle,middle
train,2431,cefr-elg,elementary,middle,middle
train,2432,cefr-elg,elementary,middle,middle
train,2433,cefr-elg,elementary,middle,middle
train,2434,cefr-elg,elementary,middle,middle
train,2435,cefr-elg,elementary,middle,middle
train,2436,cefr-elg,elementary,middle,middle
train,2437,cefr-elg,elementary,middle,middle
train,2438,cefr-elg,elementary,middle,middle
train,2439,cefr-elg,elementary,middle,middle
train,2440,cefr-elg,elementary,middle,middle
train,2441,cefr-elg,elementary,middle,middle
train,2442,cefr-elg,elementary,middle,middle
train,2443,cefr-elg,elementary,middle,middle
train,2444,cefr-elg,elementary,middle,middle
train,2445,cefr-elg,elementary,middle,middle
train,2446,cefr-elg,elementary,middle,middle
train,2447,cefr-elg,elementary,middle,middle
train,2448,cefr-elg,elementary,middle,middle
train,2449,cefr-elg,elementary,middle,middle
train,2450,cefr-elg,elementary,middle,middle
train,2451,cefr-elg,elementary,middle,middle
train,2452,cefr-elg,elementary,middle,middle
train,2453,cefr-elg,elementary,middle,middle
train,2454,cefr-elg,elementary,middle,middle
train,2455,cefr-elg,elementary,middle,middle
train,2456,cefr-elg,elementary,middle,middle
train,2457,cefr-elg,elementary,middle,middle
train,2458,cefr-elg,elementary,middle,middle
train,2459,cefr-elg,elementary,high,high
train,2460,cefr-elg,elementary,middle,middle
train,2461,cefr-elg,elementary,middle,middle
train,2462,cefr-elg,elementary,middle,middle
train,2463,cefr-elg,elementary,middle,middle
train,2464,cefr-elg,elementary,middle,middle
train,2465,cefr-elg,elementary,middle,middle
train,2466,cefr-elg,elementary,middle,middle
train,2467,cefr-elg,elementary,middle,middle
train,2468,cefr-elg,elementary,high,high
train,2469,cefr-elg,elementary,middle,middle
train,2470,cefr-elg,elementary,middle,middle
train,2471,cefr-elg,elementary,middle,middle
train,2472,cefr-elg,elementary,middle,middle
train,2473,cefr-elg,elementary,middle,middle
train,2474,cefr-elg,elementary,middle,middle
train,2475,cefr-elg,elementary,middle,middle
train,2476,cefr-elg,elementary,middle,middle
train,2477,cefr-elg,elementary,middle,middle
train,2478,cefr-elg,elementary,middle,middle
train,2479,cefr-elg,elementary,middle,middle
train,2480,cefr-elg,elementary,middle,middle
train,2481,cefr-elg,elementary,middle,middle
train,2482,cefr-elg,elementary,middle,middle
train,2483,cefr-elg,elementary,middle,middle
train,2484,cefr-elg,elementary,middle,middle
train,2485,cefr-elg,elementary,middle,middle
train,2486,cefr-elg,elementary,middle,middle
train,2487,cefr-elg,elementary,middle,middle
train,2488,cefr-elg,elementary,middle,middle
train,2489,cefr-elg,elementary,middle,middle
train,2490,cefr-elg,elementary,middle,middle
train,2491,cefr-elg,elementary,middle,middle
train,2492,cefr-elg,elementary,middle,middle
train,2493,cefr-elg,elementary,middle,middle
train,2494,cefr-elg,elementary,middle,middle
train,2495,cefr-elg,elementary,middle,middle
train,2496,cefr-elg,elementary,middle,middle
train,2497,cefr-elg,elementary,middle,middle
train,2498,cefr-elg,elementary,middle,middle
train,2499,cefr-elg,elementary,high,high
train,2500,cefr-elg,elementary,middle,middle
train,2501,cefr-elg,elementary,middle,middle
train,2502,cefr-elg,elementary,middle,middle
train,2503,cefr-elg,elementary,middle,middle
train,2504,cefr-elg,elementary,middle,middle
train,2505,cefr-elg,elementary,middle,middle
train,2506,cefr-elg,elementary,high,high
train,2507,cefr-elg,elementary,middle,middle
train,2508,cefr-elg,elementary,middle,middle
train,2509,cefr-elg,elementary,middle,middle
train,2510,cefr-elg,elementary,middle,middle
train,2511,cefr-elg,elementary,middle,middle
train,2512,cefr-elg,elementary,middle,middle
train,2513,cefr-elg,elementary,middle,middle
train,2514,cefr-elg,elementary,middle,middle
train,2515,cefr-elg,elementary,middle,middle
train,2516,cefr-elg,elementary,middle,middle
train,2517,cefr-elg,elementary,middle,middle
train,2518,cefr-elg,elementary,middle,middle
train,2519,cefr-elg,elementary,middle,middle
train,2520,cefr-elg,elementary,middle,middle
train,2521,cefr-elg,elementary,middle,middle
train,2522,cefr-elg,elementary,middle,middle
train,2523,cefr-elg,elementary,middle,middle
train,2524,cefr-elg,elementary,middle,middle
train,2525,cefr-elg,elementary,middle,middle
train,2526,cefr-elg,elementary,middle,middle
train,2527,cefr-elg,elementary,middle,middle
train,2528,cefr-elg,elementary,middle,middle
train,2529,cefr-elg,elementary,middle,middle
train,2530,cefr-elg,elementary,middle,middle
train,2531,cefr-elg,elementary,middle,middle
train,2532,cefr-elg,elementary,middle,middle
train,2533,cefr-elg,elementary,middle,middle
train,2534,cefr-elg,high,high,high
train,2535,cefr-elg,high,high,high
train,2536,cefr-elg,high,high,high
train,2537,cefr-elg,high,high,high
train,2538,cefr-elg,high,high,high
train,2539,cefr-elg,high,high,high
train,2540,cefr-elg,high,high,high
train,2541,cefr-elg,high,high,high
train,2542,cefr-elg,high,high,high
train,2543,cefr-elg,high,high,high
train,2544,cefr-elg,high,high,high
train,2545,cefr-elg,high,high,high
train,2546,cefr-elg,high,high,high
train,2547,cefr-elg,high,high,high
train,2548,cefr-elg,high,high,high
train,2549,cefr-elg,high,high,high
train,2550,cefr-elg,high,high,high
train,2551,cefr-elg,high,high,high
train,2552,cefr-elg,high,high,high
train,2553,cefr-elg,high,high,high
train,2554,cefr-elg,high,high,high
train,2555,cefr-elg,high,high,high
train,2556,cefr-elg,high,high,high
train,2557,cefr-elg,high,high,high
train,2558,cefr-elg,high,middle,middle
train,2559,cefr-elg,high,high,high
train,2560,cefr-elg,high,high,high
train,2561,cefr-elg,high,high,high
train,2562,cefr-elg,high,high,high
train,2563,cefr-elg,high,high,high
train,2564,cefr-elg,high,high,high
train,2565,cefr-elg,high,high,high
train,2566,cefr-elg,high,high,high
train,2567,cefr-elg,high,high,high
train,2568,cefr-elg,high,high,high
train,2569,cefr-elg,high,high,high
train,2570,cefr-elg,high,high,high
train,2571,cefr-elg,high,high,high
train,2572,cefr-elg,high,high,high
train,2573,cefr-elg,high,high,high
train,2574,cefr-elg,high,high,high
train,2575,cefr-elg,high,high,high
train,2576,cefr-elg,high,high,high
train,2577,cefr-elg,high,high,high
train,2578,cefr-elg,high,high,high
train,2579,cefr-elg,high,high,high
train,2580,cefr-elg,high,high,high
train,2581,cefr-elg,high,high,high
train,2582,cefr-elg,high,high,high
train,2583,cefr-elg,high,middle,middle
train,2584,cefr-elg,high,high,high
train,2585,cefr-elg,high,high,high
train,2586,cefr-elg,high,high,high
train,2587,cefr-elg,high,high,high
train,2588,cefr-elg,high,high,high
train,2589,cefr-elg,high,high,high
train,2590,cefr-elg,high,high,high
train,2591,cefr-elg,high,high,high
train,2592,cefr-elg,high,high,high
train,2593,cefr-elg,high,high,high
train,2594,cefr-elg,high,high,high
train,2595,cefr-elg,high,high,high
train,2596,cefr-elg,high,high,high
train,2597,cefr-elg,high,high,high
train,2598,cefr-elg,high,high,high
train,2599,cefr-elg,high,high,high
train,2600,cefr-elg,high,high,high
train,2601,cefr-elg,high,high,high
train,2602,cefr-elg,high,high,high
train,2603,cefr-elg,high,high,high
train,2604,cefr-elg,high,high,high
train,2605,cefr-elg,high,high,high
train,2606,cefr-elg,high,high,high
train,2607,cefr-elg,high,high,high
train,2608,cefr-elg,high,middle,middle
train,2609,cefr-elg,high,middle,middle
train,2610,cefr-elg,high,high,high
train,2611,cefr-elg,high,high,high
train,2612,cefr-elg,high,high,high
train,2613,cefr-elg,high,high,high
train,2614,cefr-elg,high,high,high
train,2615,cefr-elg,high,high,high
train,2616,cefr-elg,high,high,high
train,2617,cefr-elg,high,high,high
train,2618,cefr-elg,high,high,high
train,2619,cefr-elg,high,high,high
train,2620,cefr-elg,high,high,high
train,2621,cefr-elg,high,high,high
train,2622,cefr-elg,high,high,high
train,2623,cefr-elg,high,high,high
train,2624,cefr-elg,high,high,high
train,2625,cefr-elg,high,high,high
train,2626,cefr-elg,high,high,high
train,2627,cefr-elg,high,high,high
train,2628,cefr-elg,high,high,high
train,2629,cefr-elg,high,high,high
train,2630,cefr-elg,high,high,high
train,2631,cefr-elg,high,high,high
train,2632,cefr-elg,high,high,high
train,2633,cefr-elg,high,high,high
train,2634,cefr-elg,high,high,high
train,2635,cefr-elg,high,high,high
train,2636,cefr-elg,high,high,high
train,2637,cefr-elg,high,high,high
train,2638,cefr-elg,high,high,high
train,2639,cefr-elg,high,high,high
train,2640,cefr-elg,high,high,high
train,2641,cefr-elg,high,high,high
train,2642,cefr-elg,high,high,high
train,2643,cefr-elg,high,high,high
train,2644,cefr-elg,high,high,high
train,2645,cefr-elg,high,high,high
train,2646,cefr-elg,high,high,high
train,2647,cefr-elg,high,high,high
train,2648,cefr-elg,high,middle,middle
train,2649,cefr-elg,high,high,high
train,2650,cefr-elg,high,high,high
train,2651,cefr-elg,high,high,high
train,2652,cefr-elg,high,high,high
train,2653,cefr-elg,high,high,high
train,2654,cefr-elg,high,high,high
train,2655,cefr-elg,high,middle,middle
train,2656,cefr-elg,high,high,high
train,2657,cefr-elg,high,high,high
train,2658,cefr-elg,high,high,high
train,2659,cefr-elg,high,high,high
train,2660,cefr-elg,high,high,high
train,2661,cefr-elg,high,high,high
train,2662,cefr-elg,high,high,high
train,2663,cefr-elg,high,high,high
train,2664,cefr-elg,high,middle,middle
train,2665,cefr-elg,high,high,high
train,2666,cefr-elg,high,high,high
train,2667,cefr-elg,high,middle,middle
train,2668,cefr-elg,middle,middle,middle
train,2669,cefr-elg,middle,middle,middle
train,2670,cefr-elg,middle,high,high
train,2671,cefr-elg,middle,middle,middle
train,2672,cefr-elg,middle,high,high
train,2673,cefr-elg,middle,high,high
train,2674,cefr-elg,middle,middle,middle
train,2675,cefr-elg,middle,middle,middle
train,2676,cefr-elg,middle,middle,middle
train,2677,cefr-elg,middle,middle,middle
train,2678,cefr-elg,middle,middle,middle
train,2679,cefr-elg,middle,high,high
train,2680,cefr-elg,middle,middle,middle
train,2681,cefr-elg,middle,high,high
train,2682,cefr-elg,middle,high,high
train,2683,cefr-elg,middle,high,high
train,2684,cefr-elg,middle,middle,middle
train,2685,cefr-elg,middle,middle,middle
train,2686,cefr-elg,middle,middle,middle
train,2687,cefr-elg,middle,middle,middle
train,2688,cefr-elg,middle,middle,middle
train,2689,cefr-elg,middle,high,high
train,2690,cefr-elg,middle,middle,middle
train,2691,cefr-elg,middle,high,high
train,2692,cefr-elg,middle,high,high
train,2693,cefr-elg,middle,high,high
train,2694,cefr-elg,middle,middle,middle
train,2695,cefr-elg,middle,middle,middle
train,2696,cefr-elg,middle,middle,middle
train,2697,cefr-elg,middle,high,high
train,2698,cefr-elg,middle,high,high
train,2699,cefr-elg,middle,high,high
train,2700,cefr-elg,middle,high,high
train,2701,cefr-elg,middle,middle,middle
train,2702,cefr-elg,middle,high,high
train,2703,cefr-elg,middle,high,high
train,2704,cefr-elg,middle,high,high
train,2705,cefr-elg,middle,middle,middle
train,2706,cefr-elg,middle,middle,middle
train,2707,cefr-elg,middle,high,high
train,2708,cefr-elg,middle,middle,middle
train,2709,cefr-elg,middle,high,high
train,2710,cefr-elg,middle,middle,middle
train,2711,cefr-elg,middle,middle,middle
train,2712,cefr-elg,middle,middle,middle
train,2713,cefr-elg,middle,high,high
train,2714,cefr-elg,middle,middle,middle
train,2715,cefr-elg,middle,high,high
train,2716,cefr-elg,middle,middle,middle
train,2717,cefr-elg,middle,middle,middle
train,2718,cefr-elg,middle,high,high
train,2719,cefr-elg,middle,middle,middle
train,2720,cefr-elg,middle,high,high
train,2721,cefr-elg,middle,middle,middle
train,2722,cefr-elg,middle,middle,middle
train,2723,cefr-elg,middle,middle,middle
train,2724,cefr-elg,middle,high,high
train,2725,cefr-elg,middle,middle,middle
train,2726,cefr-elg,middle,middle,middle
train,2727,cefr-elg,middle,middle,middle
train,2728,cefr-elg,middle,middle,middle
train,2729,cefr-elg,middle,middle,middle
train,2730,cefr-elg,middle,middle,middle
train,2731,cefr-elg,middle,middle,middle
train,2732,cefr-elg,middle,middle,middle
train,2733,cefr-elg,middle,high,high
train,2734,cefr-elg,middle,middle,middle
train,2735,cefr-elg,middle,middle,middle
train,2736,cefr-elg,middle,middle,middle
train,2737,cefr-elg,middle,middle,middle
train,2738,cefr-elg,middle,middle,middle
train,2739,cefr-elg,middle,middle,middle
train,2740,cefr-elg,middle,high,high
train,2741,cefr-elg,middle,middle,middle
train,2742,cefr-elg,middle,high,high
train,2743,cefr-elg,middle,high,high
train,2744,cefr-elg,middle,middle,middle
train,2745,cefr-elg,middle,middle,middle
train,2746,cefr-elg,middle,middle,middle
train,2747,cefr-elg,middle,middle,middle
train,2748,cefr-elg,middle,middle,middle
train,2749,cefr-elg,middle,middle,middle
train,2750,cefr-elg,middle,high,high
train,2751,cefr-elg,middle,middle,middle
train,2752,cefr-elg,middle,middle,middle
train,2753,cefr-elg,middle,middle,middle
train,2754,cefr-elg,middle,middle,middle
train,2755,cefr-elg,middle,middle,middle
train,2756,cefr-elg,middle,high,high
train,2757,cefr-elg,middle,middle,middle
train,2758,cefr-elg,middle,high,high
train,2759,cefr-elg,middle,middle,middle
train,2760,cefr-elg,middle,middle,middle
train,2761,cefr-elg,middle,middle,middle
train,2762,cefr-elg,middle,high,high
train,2763,cefr-elg,middle,middle,middle
train,2764,cefr-elg,middle,middle,middle
train,2765,cefr-elg,middle,high,high
train,2766,cefr-elg,middle,middle,middle
train,2767,cefr-elg,middle,high,high
train,2768,cefr-elg,middle,middle,middle
train,2769,cefr-elg,middle,high,high
train,2770,cefr-elg,middle,middle,middle
train,2771,cefr-elg,middle,high,high
train,2772,cefr-elg,middle,middle,middle
train,2773,cefr-elg,middle,middle,middle
train,2774,cefr-elg,middle,middle,middle
train,2775,cefr-elg,middle,high,high
train,2776,cefr-elg,middle,middle,middle
train,2777,cefr-elg,middle,middle,middle
train,2778,cefr-elg,middle,middle,middle
train,2779,cefr-elg,middle,high,high
train,2780,cefr-elg,middle,middle,middle
train,2781,cefr-elg,middle,middle,middle
train,2782,cefr-elg,middle,middle,middle
train,2783,cefr-elg,middle,high,high
train,2784,cefr-elg,middle,high,high
train,2785,cefr-elg,middle,high,high
train,2786,cefr-elg,middle,middle,middle
train,2787,cefr-elg,middle,middle,middle
train,2788,cefr-elg,middle,high,high
train,2789,cefr-elg,middle,high,high
train,2790,cefr-elg,middle,high,high
train,2791,cefr-elg,middle,high,high
train,2792,cefr-elg,middle,middle,middle
train,2793,cefr-elg,middle,middle,middle
train,2794,cefr-elg,middle,high,high
train,2795,cefr-elg,middle,high,high
train,2796,cefr-elg,middle,high,high
train,2797,cefr-elg,middle,middle,middle
train,2798,cefr-elg,middle,middle,middle
train,2799,cefr-elg,middle,middle,middle
train,2800,cefr-elg,middle,middle,middle
train,2801,cefr-elg,middle,high,high
train,2802,cefr-elg,middle,middle,middle
train,2803,cefr-elg,middle,middle,middle
train,2804,cefr-elg,middle,middle,middle
train,2805,cefr-elg,middle,middle,middle
train,2806,cefr-elg,middle,middle,middle
train,2807,cefr-elg,middle,middle,middle
train,2808,cefr-elg,middle,high,high
train,2809,cefr-elg,middle,high,high
train,2810,cefr-elg,middle,middle,middle
train,2811,cefr-elg,middle,middle,middle
train,2812,cefr-elg,middle,middle,middle
train,2813,cefr-elg,middle,middle,middle
train,2814,cefr-elg,middle,high,high
train,2815,cefr-elg,middle,middle,middle
train,2816,cefr-elg,middle,middle,middle
train,2817,cefr-elg,middle,middle,middle
train,2818,cefr-elg,middle,middle,middle
train,2819,cefr-elg,middle,middle,middle
train,2820,cefr-elg,middle,middle,middle
train,2821,cefr-elg,middle,high,high
train,2822,cefr-elg,middle,middle,middle
train,2823,cefr-elg,middle,middle,middle
train,2824,cefr-elg,middle,middle,middle
train,2825,cefr-elg,middle,middle,middle
train,2826,cefr-elg,middle,middle,middle
train,2827,cefr-elg,middle,middle,middle
train,2828,cefr-elg,middle,high,high
train,2829,cefr-elg,middle,middle,middle
train,2830,cefr-elg,middle,high,high
train,2831,cefr-elg,middle,middle,middle
train,2832,cefr-elg,middle,middle,middle
train,2833,cefr-elg,middle,middle,middle
train,2834,cefr-elg,middle,high,high
train,2835,cefr-elg,middle,middle,middle
train,2836,cefr-elg,middle,middle,middle
train,2837,cefr-elg,middle,high,high
train,2838,cefr-elg,middle,high,high
train,2839,cefr-elg,middle,middle,middle
train,2840,cefr-elg,middle,middle,middle
train,2841,cefr-elg,middle,middle,middle
train,2842,cefr-elg,middle,middle,middle
train,2843,cefr-elg,middle,middle,middle
train,2844,cefr-elg,middle,middle,middle
train,2845,cefr-elg,middle,high,high
train,2846,cefr-elg,middle,high,high
train,2847,cefr-elg,middle,high,high
train,2848,cefr-elg,middle,middle,middle
train,2849,cefr-elg,middle,middle,middle
train,2850,cefr-elg,middle,middle,middle
train,2851,cefr-elg,middle,middle,middle
train,2852,cefr-elg,middle,high,high
train,2853,cefr-elg,middle,middle,middle
train,2854,cefr-elg,middle,high,high
train,2855,cefr-elg,middle,middle,middle
train,2856,cefr-elg,middle,middle,middle
train,2857,cefr-elg,middle,middle,middle
train,2858,cefr-elg,middle,middle,middle
train,2859,cefr-elg,middle,high,high
train,2860,cefr-elg,middle,middle,middle
train,2861,cefr-elg,middle,middle,middle
train,2862,cefr-elg,middle,middle,middle
train,2863,cefr-elg,middle,middle,middle
train,2864,cefr-elg,middle,middle,middle
train,2865,cefr-elg,middle,middle,middle
train,2866,cefr-elg,middle,high,high
train,2867,cefr-elg,middle,middle,middle
train,2868,cefr-elg,middle,high,high
train,2869,cefr-elg,middle,middle,middle
train,2870,cefr-elg,middle,middle,middle
train,2871,cefr-elg,middle,middle,middle
train,2872,cefr-elg,middle,middle,middle
train,2873,cefr-elg,middle,high,high
train,2874,cefr-elg,middle,middle,middle
train,2875,cefr-elg,middle,middle,middle
train,2876,cefr-elg,middle,high,high
train,2877,cefr-elg,middle,middle,middle
train,2878,cefr-elg,middle,middle,middle
train,2879,cefr-elg,middle,middle,middle
train,2880,cefr-elg,middle,middle,middle
train,2881,cefr-elg,middle,high,high
train,2882,cefr-elg,middle,middle,middle
train,2883,cefr-elg,middle,high,high
train,2884,cefr-elg,middle,middle,middle
train,2885,cefr-elg,middle,high,high
train,2886,cefr-elg,middle,middle,middle
train,2887,cefr-elg,middle,middle,middle
train,2888,cefr-elg,middle,high,high
train,2889,cefr-elg,middle,middle,middle
train,2890,cefr-elg,middle,middle,middle
train,2891,cefr-elg,middle,high,high
train,2892,cefr-elg,middle,middle,middle
train,2893,cefr-elg,middle,high,high
train,2894,cefr-elg,middle,high,high
train,2895,cefr-elg,middle,middle,middle
train,2896,cefr-elg,middle,high,high
train,2897,cefr-elg,middle,middle,middle
train,2898,cefr-elg,middle,middle,middle
train,2899,cefr-elg,middle,high,high
train,2900,cefr-elg,middle,middle,middle
train,2901,cefr-elg,middle,middle,middle
train,2902,cefr-elg,middle,high,high
train,2903,cefr-elg,middle,middle,middle
train,2904,cefr-elg,middle,middle,middle
train,2905,cefr-elg,middle,middle,middle
train,2906,cefr-elg,middle,high,high
train,2907,cefr-elg,middle,middle,middle
train,2908,cefr-elg,middle,middle,middle
train,2909,cefr-elg,middle,high,high
train,2910,cefr-elg,middle,middle,middle
train,2911,cefr-elg,middle,middle,middle
train,2912,cefr-elg,middle,high,high
train,2913,cefr-elg,middle,middle,middle
train,2914,cefr-elg,middle,middle,middle
train,2915,cefr-elg,middle,middle,middle
train,2916,cefr-elg,middle,middle,middle
train,2917,cefr-elg,middle,high,high
train,2918,cefr-elg,middle,middle,middle
train,2919,cefr-elg,middle,middle,middle
train,2920,cefr-elg,middle,middle,middle
train,2921,cefr-elg,middle,middle,middle
train,2922,cefr-elg,middle,middle,middle
train,2923,cefr-elg,middle,high,high
train,2924,cefr-elg,middle,middle,middle
train,2925,cefr-elg,middle,middle,middle
train,2926,cefr-elg,middle,middle,middle
train,2927,cefr-elg,middle,middle,middle
train,2928,cefr-elg,middle,high,high
train,2929,cefr-elg,middle,middle,middle
train,2930,cefr-elg,middle,middle,middle
train,2931,cefr-elg,middle,high,high
train,2932,cefr-elg,middle,middle,middle
train,2933,cefr-elg,middle,middle,middle
train,2934,cefr-elg,middle,middle,middle
train,2935,cefr-elg,middle,high,high
train,2936,cefr-elg,middle,high,high
train,2937,cefr-elg,middle,middle,middle
train,2938,cefr-elg,middle,middle,middle
train,2939,cefr-elg,middle,middle,middle
train,2940,cefr-elg,middle,high,high
train,2941,cefr-elg,middle,middle,middle
train,2942,cefr-elg,middle,middle,middle
train,2943,cefr-elg,middle,middle,middle
train,2944,cefr-elg,middle,middle,middle
train,2945,cefr-elg,middle,middle,middle
train,2946,cefr-elg,middle,high,high
train,2947,cefr-elg,middle,high,high
train,2948,cefr-elg,middle,middle,middle
train,2949,cefr-elg,middle,middle,middle
train,2950,cefr-elg,middle,middle,middle
train,2951,cefr-elg,middle,high,high
train,2952,cefr-elg,middle,middle,middle
train,2953,cefr-elg,middle,high,high
train,2954,cefr-elg,middle,middle,middle
train,2955,cefr-elg,middle,middle,middle
train,2956,cefr-elg,middle,high,high
train,2957,cefr-elg,middle,high,high
train,2958,cefr-elg,middle,middle,middle
train,2959,cefr-elg,middle,middle,middle
train,2960,cefr-elg,middle,middle,middle
train,2961,cefr-elg,middle,high,high
train,2962,cefr-elg,middle,high,high
train,2963,cefr-elg,middle,high,high
train,2964,cefr-elg,middle,high,high
train,2965,cefr-elg,middle,middle,middle
train,2966,cefr-elg,middle,middle,middle
train,2967,cefr-elg,middle,middle,middle
train,2968,cefr-readme,elementary,middle,middle
train,2969,cefr-readme,elementary,middle,middle
train,2970,cefr-readme,elementary,middle,middle
train,2971,cefr-readme,elementary,middle,middle
train,2972,cefr-readme,elementary,middle,middle
train,2973,cefr-readme,elementary,middle,middle
train,2974,cefr-readme,elementary,middle,middle
train,2975,cefr-readme,elementary,middle,middle
train,2976,cefr-readme,elementary,middle,middle
train,2977,cefr-readme,elementary,middle,middle
train,2978,cefr-readme,elementary,middle,middle
train,2979,cefr-readme,elementary,middle,middle
train,2980,cefr-readme,elementary,middle,middle
train,2981,cefr-readme,elementary,middle,middle
train,2982,cefr-readme,elementary,middle,middle
train,2983,cefr-readme,elementary,middle,middle
train,2984,cefr-readme,elementary,middle,middle
train,2985,cefr-readme,elementary,middle,middle
train,2986,cefr-readme,elementary,middle,middle
train,2987,cefr-readme,elementary,middle,middle
train,2988,cefr-readme,elementary,middle,middle
train,2989,cefr-readme,elementary,middle,middle
train,2990,cefr-readme,elementary,middle,middle
train,2991,cefr-readme,elementary,high,high
train,2992,cefr-readme,elementary,middle,middle
train,2993,cefr-readme,elementary,middle,middle
train,2994,cefr-readme,elementary,middle,middle
train,2995,cefr-readme,elementary,middle,middle
train,2996,cefr-readme,elementary,middle,middle
train,2997,cefr-readme,elementary,middle,middle
train,2998,cefr-readme,elementary,elementary,elementary
train,2999,cefr-readme,elementary,middle,middle
train,3000,cefr-readme,elementary,elementary,elementary
train,3001,cefr-readme,elementary,middle,middle
train,3002,cefr-readme,elementary,middle,middle
train,3003,cefr-readme,elementary,middle,middle
train,3004,cefr-readme,elementary,high,high
train,3005,cefr-readme,elementary,middle,middle
train,3006,cefr-readme,elementary,elementary,elementary
train,3007,cefr-readme,elementary,middle,middle
train,3008,cefr-readme,elementary,middle,middle
train,3009,cefr-readme,elementary,middle,middle
train,3010,cefr-readme,elementary,middle,middle
train,3011,cefr-readme,elementary,high,high
train,3012,cefr-readme,elementary,high,high
train,3013,cefr-readme,elementary,middle,middle
train,3014,cefr-readme,elementary,middle,middle
train,3015,cefr-readme,elementary,middle,middle
train,3016,cefr-readme,elementary,middle,middle
train,3017,cefr-readme,elementary,middle,middle
train,3018,cefr-readme,elementary,middle,middle
train,3019,cefr-readme,elementary,middle,middle
train,3020,cefr-readme,elementary,middle,middle
train,3021,cefr-readme,elementary,middle,middle
train,3022,cefr-readme,elementary,middle,middle
train,3023,cefr-readme,elementary,middle,middle
train,3024,cefr-readme,elementary,middle,middle
train,3025,cefr-readme,elementary,high,high
train,3026,cefr-readme,elementary,middle,middle
train,3027,cefr-readme,elementary,elementary,elementary
train,3028,cefr-readme,elementary,middle,middle
train,3029,cefr-readme,elementary,elementary,elementary
train,3030,cefr-readme,elementary,middle,middle
train,3031,cefr-readme,elementary,middle,middle
train,3032,cefr-readme,elementary,high,high
train,3033,cefr-readme,elementary,middle,middle
train,3034,cefr-readme,elementary,middle,middle
train,3035,cefr-readme,elementary,middle,middle
train,3036,cefr-readme,elementary,high,high
train,3037,cefr-readme,elementary,middle,middle
train,3038,cefr-readme,elementary,middle,middle
train,3039,cefr-readme,elementary,middle,middle
train,3040,cefr-readme,elementary,middle,middle
train,3041,cefr-readme,elementary,elementary,elementary
train,3042,cefr-readme,elementary,middle,middle
train,3043,cefr-readme,elementary,middle,middle
train,3044,cefr-readme,elementary,middle,middle
train,3045,cefr-readme,elementary,middle,middle
train,3046,cefr-readme,elementary,high,high
train,3047,cefr-readme,elementary,middle,middle
train,3048,cefr-readme,elementary,middle,middle
train,3049,cefr-readme,elementary,middle,middle
train,3050,cefr-readme,elementary,middle,middle
train,3051,cefr-readme,elementary,middle,middle
train,3052,cefr-readme,elementary,middle,middle
train,3053,cefr-readme,elementary,middle,middle
train,3054,cefr-readme,elementary,middle,middle
train,3055,cefr-readme,elementary,high,high
train,3056,cefr-readme,elementary,middle,middle
train,3057,cefr-readme,elementary,middle,middle
train,3058,cefr-readme,elementary,middle,middle
train,3059,cefr-readme,elementary,middle,middle
train,3060,cefr-readme,elementary,middle,middle
train,3061,cefr-readme,elementary,middle,middle
train,3062,cefr-readme,elementary,middle,middle
train,3063,cefr-readme,elementary,middle,middle
train,3064,cefr-readme,elementary,middle,middle
train,3065,cefr-readme,elementary,middle,middle
train,3066,cefr-readme,elementary,elementary,elementary
train,3067,cefr-readme,elementary,middle,middle
train,3068,cefr-readme,elementary,middle,middle
train,3069,cefr-readme,elementary,elementary,elementary
train,3070,cefr-readme,elementary,middle,middle
train,3071,cefr-readme,elementary,middle,middle
train,3072,cefr-readme,elementary,middle,middle
train,3073,cefr-readme,elementary,middle,middle
train,3074,cefr-readme,elementary,middle,middle
train,3075,cefr-readme,elementary,middle,middle
train,3076,cefr-readme,elementary,middle,middle
train,3077,cefr-readme,elementary,middle,middle
train,3078,cefr-readme,elementary,high,high
train,3079,cefr-readme,elementary,middle,middle
train,3080,cefr-readme,elementary,middle,middle
train,3081,cefr-readme,elementary,high,high
train,3082,cefr-readme,elementary,elementary,elementary
train,3083,cefr-readme,elementary,middle,middle
train,3084,cefr-readme,elementary,middle,middle
train,3085,cefr-readme,elementary,middle,middle
train,3086,cefr-readme,elementary,middle,middle
train,3087,cefr-readme,elementary,middle,middle
train,3088,cefr-readme,elementary,middle,middle
train,3089,cefr-readme,elementary,middle,middle
train,3090,cefr-readme,elementary,middle,middle
train,3091,cefr-readme,elementary,high,high
train,3092,cefr-readme,elementary,middle,middle
train,3093,cefr-readme,elementary,middle,middle
train,3094,cefr-readme,elementary,middle,middle
train,3095,cefr-readme,elementary,middle,middle
train,3096,cefr-readme,elementary,middle,middle
train,3097,cefr-readme,elementary,elementary,elementary
train,3098,cefr-readme,elementary,middle,middle
train,3099,cefr-readme,elementary,middle,middle
train,3100,cefr-readme,elementary,middle,middle
train,3101,cefr-readme,elementary,middle,middle
train,3102,cefr-readme,elementary,middle,middle
train,3103,cefr-readme,elementary,middle,middle
train,3104,cefr-readme,elementary,middle,middle
train,3105,cefr-readme,elementary,middle,middle
train,3106,cefr-readme,elementary,middle,middle
train,3107,cefr-readme,elementary,middle,middle
train,3108,cefr-readme,elementary,high,high
train,3109,cefr-readme,elementary,middle,middle
train,3110,cefr-readme,elementary,middle,middle
train,3111,cefr-readme,elementary,middle,middle
train,3112,cefr-readme,elementary,high,high
train,3113,cefr-readme,elementary,middle,middle
train,3114,cefr-readme,elementary,middle,middle
train,3115,cefr-readme,elementary,middle,middle
train,3116,cefr-readme,elementary,high,high
train,3117,cefr-readme,elementary,middle,middle
train,3118,cefr-readme,elementary,middle,middle
train,3119,cefr-readme,elementary,middle,middle
train,3120,cefr-readme,elementary,middle,middle
train,3121,cefr-readme,elementary,middle,middle
train,3122,cefr-readme,elementary,middle,middle
train,3123,cefr-readme,elementary,middle,middle
train,3124,cefr-readme,elementary,high,high
train,3125,cefr-readme,elementary,middle,middle
train,3126,cefr-readme,elementary,middle,middle
train,3127,cefr-readme,elementary,middle,middle
train,3128,cefr-readme,elementary,middle,middle
train,3129,cefr-readme,elementary,middle,middle
train,3130,cefr-readme,elementary,middle,middle
train,3131,cefr-readme,elementary,middle,middle
train,3132,cefr-readme,elementary,middle,middle
train,3133,cefr-readme,elementary,middle,middle
train,3134,cefr-readme,elementary,middle,middle
train,3135,cefr-readme,elementary,middle,middle
train,3136,cefr-readme,elementary,middle,middle
train,3137,cefr-readme,elementary,middle,middle
train,3138,cefr-readme,elementary,middle,middle
train,3139,cefr-readme,elementary,middle,middle
train,3140,cefr-readme,elementary,middle,middle
train,3141,cefr-readme,elementary,middle,middle
train,3142,cefr-readme,elementary,middle,middle
train,3143,cefr-readme,elementary,middle,middle
train,3144,cefr-readme,elementary,high,high
train,3145,cefr-readme,elementary,middle,middle
train,3146,cefr-readme,elementary,middle,middle
train,3147,cefr-readme,elementary,middle,middle
train,3148,cefr-readme,elementary,middle,middle
train,3149,cefr-readme,elementary,high,high
train,3150,cefr-readme,elementary,middle,middle
train,3151,cefr-readme,elementary,middle,middle
train,3152,cefr-readme,elementary,middle,middle
train,3153,cefr-readme,elementary,middle,middle
train,3154,cefr-readme,elementary,middle,middle
train,3155,cefr-readme,elementary,middle,middle
train,3156,cefr-readme,elementary,middle,middle
train,3157,cefr-readme,elementary,middle,middle
train,3158,cefr-readme,elementary,middle,middle
train,3159,cefr-readme,elementary,middle,middle
train,3160,cefr-readme,elementary,middle,middle
train,3161,cefr-readme,elementary,middle,middle
train,3162,cefr-readme,elementary,middle,middle
train,3163,cefr-readme,elementary,middle,middle
train,3164,cefr-readme,elementary,middle,middle
train,3165,cefr-readme,elementary,elementary,elementary
train,3166,cefr-readme,elementary,middle,middle
train,3167,cefr-readme,elementary,middle,middle
train,3168,cefr-readme,elementary,high,high
train,3169,cefr-readme,elementary,middle,middle
train,3170,cefr-readme,elementary,middle,middle
train,3171,cefr-readme,elementary,middle,middle
train,3172,cefr-readme,elementary,middle,middle
train,3173,cefr-readme,elementary,middle,middle
train,3174,cefr-readme,elementary,middle,middle
train,3175,cefr-readme,elementary,middle,middle
train,3176,cefr-readme,elementary,middle,middle
train,3177,cefr-readme,elementary,middle,middle
train,3178,cefr-readme,elementary,middle,middle
train,3179,cefr-readme,elementary,middle,middle
train,3180,cefr-readme,elementary,middle,middle
train,3181,cefr-readme,elementary,high,high
train,3182,cefr-readme,elementary,high,high
train,3183,cefr-readme,elementary,middle,middle
train,3184,cefr-readme,elementary,middle,middle
train,3185,cefr-readme,elementary,elementary,elementary
train,3186,cefr-readme,elementary,middle,middle
train,3187,cefr-readme,elementary,middle,middle
train,3188,cefr-readme,elementary,middle,middle
train,3189,cefr-readme,elementary,middle,middle
train,3190,cefr-readme,elementary,middle,middle
train,3191,cefr-readme,elementary,middle,middle
train,3192,cefr-readme,elementary,middle,middle
train,3193,cefr-readme,elementary,middle,middle
train,3194,cefr-readme,elementary,middle,middle
train,3195,cefr-readme,elementary,elementary,elementary
train,3196,cefr-readme,elementary,middle,middle
train,3197,cefr-readme,elementary,middle,middle
train,3198,cefr-readme,elementary,middle,middle
train,3199,cefr-readme,elementary,middle,middle
train,3200,cefr-readme,elementary,middle,middle
train,3201,cefr-readme,elementary,elementary,elementary
train,3202,cefr-readme,elementary,middle,middle
train,3203,cefr-readme,elementary,high,high
train,3204,cefr-readme,elementary,middle,middle
train,3205,cefr-readme,elementary,middle,middle
train,3206,cefr-readme,elementary,middle,middle
train,3207,cefr-readme,elementary,middle,middle
train,3208,cefr-readme,elementary,middle,middle
train,3209,cefr-readme,elementary,elementary,elementary
train,3210,cefr-readme,elementary,middle,middle
train,3211,cefr-readme,elementary,middle,middle
train,3212,cefr-readme,elementary,middle,middle
train,3213,cefr-readme,elementary,middle,middle
train,3214,cefr-readme,elementary,middle,middle
train,3215,cefr-readme,elementary,middle,middle
train,3216,cefr-readme,elementary,elementary,elementary
train,3217,cefr-readme,elementary,high,high
train,3218,cefr-readme,elementary,middle,middle
train,3219,cefr-readme,elementary,middle,middle
train,3220,cefr-readme,elementary,middle,middle
train,3221,cefr-readme,elementary,middle,middle
train,3222,cefr-readme,elementary,middle,middle
train,3223,cefr-readme,elementary,elementary,elementary
train,3224,cefr-readme,elementary,middle,middle
train,3225,cefr-readme,elementary,high,high
train,3226,cefr-readme,elementary,middle,middle
train,3227,cefr-readme,elementary,middle,middle
train,3228,cefr-readme,elementary,high,high
train,3229,cefr-readme,elementary,middle,middle
train,3230,cefr-readme,elementary,middle,middle
train,3231,cefr-readme,elementary,middle,middle
train,3232,cefr-readme,elementary,middle,middle
train,3233,cefr-readme,elementary,middle,middle
train,3234,cefr-readme,elementary,middle,middle
train,3235,cefr-readme,elementary,middle,middle
train,3236,cefr-readme,elementary,middle,middle
train,3237,cefr-readme,elementary,elementary,elementary
train,3238,cefr-readme,elementary,middle,middle
train,3239,cefr-readme,elementary,high,high
train,3240,cefr-readme,elementary,middle,middle
train,3241,cefr-readme,elementary,middle,middle
train,3242,cefr-readme,elementary,middle,middle
train,3243,cefr-readme,elementary,elementary,elementary
train,3244,cefr-readme,elementary,high,high
train,3245,cefr-readme,elementary,middle,middle
train,3246,cefr-readme,elementary,high,high
train,3247,cefr-readme,elementary,middle,middle
train,3248,cefr-readme,elementary,high,high
train,3249,cefr-readme,elementary,middle,middle
train,3250,cefr-readme,elementary,elementary,elementary
train,3251,cefr-readme,elementary,high,high
train,3252,cefr-readme,elementary,middle,middle
train,3253,cefr-readme,elementary,high,high
train,3254,cefr-readme,elementary,middle,middle
train,3255,cefr-readme,elementary,middle,middle
train,3256,cefr-readme,elementary,middle,middle
train,3257,cefr-readme,elementary,middle,middle
train,3258,cefr-readme,elementary,elementary,elementary
train,3259,cefr-readme,elementary,elementary,elementary
train,3260,cefr-readme,elementary,middle,middle
train,3261,cefr-readme,elementary,middle,middle
train,3262,cefr-readme,elementary,middle,middle
train,3263,cefr-readme,elementary,middle,middle
train,3264,cefr-readme,elementary,middle,middle
train,3265,cefr-readme,elementary,middle,middle
train,3266,cefr-readme,elementary,middle,middle
train,3267,cefr-readme,elementary,middle,middle
train,3268,cefr-readme,elementary,middle,middle
train,3269,cefr-readme,elementary,middle,middle
train,3270,cefr-readme,elementary,middle,middle
train,3271,cefr-readme,elementary,middle,middle
train,3272,cefr-readme,elementary,middle,middle
train,3273,cefr-readme,elementary,middle,middle
train,3274,cefr-readme,elementary,middle,middle
train,3275,cefr-readme,elementary,high,high
train,3276,cefr-readme,elementary,middle,middle
train,3277,cefr-readme,elementary,middle,middle
train,3278,cefr-readme,elementary,middle,middle
train,3279,cefr-readme,elementary,middle,middle
train,3280,cefr-readme,elementary,middle,middle
train,3281,cefr-readme,elementary,middle,middle
train,3282,cefr-readme,elementary,middle,middle
train,3283,cefr-readme,elementary,middle,middle
train,3284,cefr-readme,elementary,middle,middle
train,3285,cefr-readme,elementary,middle,middle
train,3286,cefr-readme,elementary,high,high
train,3287,cefr-readme,elementary,middle,middle
train,3288,cefr-readme,elementary,middle,middle
train,3289,cefr-readme,elementary,middle,middle
train,3290,cefr-readme,elementary,middle,middle
train,3291,cefr-readme,elementary,middle,middle
train,3292,cefr-readme,elementary,middle,middle
train,3293,cefr-readme,elementary,middle,middle
train,3294,cefr-readme,elementary,elementary,elementary
train,3295,cefr-readme,elementary,elementary,elementary
train,3296,cefr-readme,elementary,middle,middle
train,3297,cefr-readme,elementary,middle,middle
train,3298,cefr-readme,elementary,high,high
train,3299,cefr-readme,elementary,middle,middle
train,3300,cefr-readme,elementary,middle,middle
train,3301,cefr-readme,elementary,middle,middle
train,3302,cefr-readme,elementary,middle,middle
train,3303,cefr-readme,elementary,middle,middle
train,3304,cefr-readme,elementary,high,high
train,3305,cefr-readme,elementary,middle,middle
train,3306,cefr-readme,elementary,middle,middle
train,3307,cefr-readme,elementary,middle,middle
train,3308,cefr-readme,elementary,middle,middle
train,3309,cefr-readme,elementary,high,high
train,3310,cefr-readme,elementary,middle,middle
train,3311,cefr-readme,elementary,middle,middle
train,3312,cefr-readme,elementary,middle,middle
train,3313,cefr-readme,elementary,elementary,elementary
train,3314,cefr-readme,elementary,middle,middle
train,3315,cefr-readme,elementary,middle,middle
train,3316,cefr-readme,elementary,middle,middle
train,3317,cefr-readme,elementary,middle,middle
train,3318,cefr-readme,elementary,middle,middle
train,3319,cefr-readme,elementary,middle,middle
train,3320,cefr-readme,elementary,high,high
train,3321,cefr-readme,elementary,middle,middle
train,3322,cefr-readme,elementary,elementary,elementary
train,3323,cefr-readme,elementary,high,high
train,3324,cefr-readme,elementary,middle,middle
train,3325,cefr-readme,elementary,middle,middle
train,3326,cefr-readme,elementary,middle,middle
train,3327,cefr-readme,elementary,middle,middle
train,3328,cefr-readme,elementary,high,high
train,3329,cefr-readme,elementary,elementary,elementary
train,3330,cefr-readme,elementary,middle,middle
train,3331,cefr-readme,elementary,middle,middle
train,3332,cefr-readme,elementary,middle,middle
train,3333,cefr-readme,elementary,middle,middle
train,3334,cefr-readme,elementary,middle,middle
train,3335,cefr-readme,elementary,middle,middle
train,3336,cefr-readme,elementary,high,high
train,3337,cefr-readme,elementary,middle,middle
train,3338,cefr-readme,elementary,middle,middle
train,3339,cefr-readme,elementary,middle,middle
train,3340,cefr-readme,elementary,middle,middle
train,3341,cefr-readme,elementary,middle,middle
train,3342,cefr-readme,elementary,middle,middle
train,3343,cefr-readme,elementary,middle,middle
train,3344,cefr-readme,elementary,middle,middle
train,3345,cefr-readme,elementary,middle,middle
train,3346,cefr-readme,elementary,middle,middle
train,3347,cefr-readme,elementary,middle,middle
train,3348,cefr-readme,elementary,high,high
train,3349,cefr-readme,elementary,middle,middle
train,3350,cefr-readme,elementary,middle,middle
train,3351,cefr-readme,elementary,middle,middle
train,3352,cefr-readme,elementary,middle,middle
train,3353,cefr-readme,elementary,elementary,elementary
train,3354,cefr-readme,elementary,middle,middle
train,3355,cefr-readme,elementary,middle,middle
train,3356,cefr-readme,elementary,middle,middle
train,3357,cefr-readme,elementary,middle,middle
train,3358,cefr-readme,elementary,middle,middle
train,3359,cefr-readme,elementary,middle,middle
train,3360,cefr-readme,elementary,middle,middle
train,3361,cefr-readme,elementary,middle,middle
train,3362,cefr-readme,elementary,middle,middle
train,3363,cefr-readme,elementary,middle,middle
train,3364,cefr-readme,elementary,middle,middle
train,3365,cefr-readme,elementary,middle,middle
train,3366,cefr-readme,elementary,middle,middle
train,3367,cefr-readme,elementary,middle,middle
train,3368,cefr-readme,elementary,middle,middle
train,3369,cefr-readme,elementary,middle,middle
train,3370,cefr-readme,elementary,middle,middle
train,3371,cefr-readme,elementary,middle,middle
train,3372,cefr-readme,elementary,middle,middle
train,3373,cefr-readme,elementary,middle,middle
train,3374,cefr-readme,elementary,middle,middle
train,3375,cefr-readme,elementary,middle,middle
train,3376,cefr-readme,elementary,middle,middle
train,3377,cefr-readme,elementary,middle,middle
train,3378,cefr-readme,elementary,elementary,elementary
train,3379,cefr-readme,elementary,middle,middle
train,3380,cefr-readme,elementary,middle,middle
train,3381,cefr-readme,elementary,middle,middle
train,3382,cefr-readme,elementary,middle,middle
train,3383,cefr-readme,elementary,middle,middle
train,3384,cefr-readme,elementary,middle,middle
train,3385,cefr-readme,elementary,high,high
train,3386,cefr-readme,elementary,middle,middle
train,3387,cefr-readme,elementary,middle,middle
train,3388,cefr-readme,elementary,middle,middle
train,3389,cefr-readme,elementary,middle,middle
train,3390,cefr-readme,elementary,high,high
train,3391,cefr-readme,elementary,middle,middle
train,3392,cefr-readme,elementary,middle,middle
train,3393,cefr-readme,elementary,middle,middle
train,3394,cefr-readme,elementary,middle,middle
train,3395,cefr-readme,elementary,middle,middle
train,3396,cefr-readme,elementary,high,high
train,3397,cefr-readme,elementary,high,high
train,3398,cefr-readme,elementary,middle,middle
train,3399,cefr-readme,elementary,middle,middle
train,3400,cefr-readme,elementary,middle,middle
train,3401,cefr-readme,elementary,middle,middle
train,3402,cefr-readme,elementary,middle,middle
train,3403,cefr-readme,elementary,middle,middle
train,3404,cefr-readme,elementary,middle,middle
train,3405,cefr-readme,elementary,middle,middle
train,3406,cefr-readme,elementary,elementary,elementary
train,3407,cefr-readme,elementary,middle,middle
train,3408,cefr-readme,elementary,middle,middle
train,3409,cefr-readme,elementary,middle,middle
train,3410,cefr-readme,elementary,middle,middle
train,3411,cefr-readme,elementary,middle,middle
train,3412,cefr-readme,elementary,middle,middle
train,3413,cefr-readme,elementary,middle,middle
train,3414,cefr-readme,elementary,middle,middle
train,3415,cefr-readme,elementary,middle,middle
train,3416,cefr-readme,elementary,middle,middle
train,3417,cefr-readme,elementary,middle,middle
train,3418,cefr-readme,elementary,high,high
train,3419,cefr-readme,elementary,middle,middle
train,3420,cefr-readme,elementary,elementary,elementary
train,3421,cefr-readme,elementary,middle,middle
train,3422,cefr-readme,elementary,middle,middle
train,3423,cefr-readme,elementary,middle,middle
train,3424,cefr-readme,elementary,middle,middle
train,3425,cefr-readme,elementary,middle,middle
train,3426,cefr-readme,elementary,high,high
train,3427,cefr-readme,elementary,high,high
train,3428,cefr-readme,elementary,middle,middle
train,3429,cefr-readme,elementary,middle,middle
train,3430,cefr-readme,elementary,middle,middle
train,3431,cefr-readme,elementary,high,high
train,3432,cefr-readme,elementary,middle,middle
train,3433,cefr-readme,elementary,middle,middle
train,3434,cefr-readme,elementary,middle,middle
train,3435,cefr-readme,elementary,middle,middle
train,3436,cefr-readme,elementary,middle,middle
train,3437,cefr-readme,elementary,high,high
train,3438,cefr-readme,elementary,middle,middle
train,3439,cefr-readme,elementary,middle,middle
train,3440,cefr-readme,elementary,high,high
train,3441,cefr-readme,elementary,middle,middle
train,3442,cefr-readme,elementary,middle,middle
train,3443,cefr-readme,elementary,middle,middle
train,3444,cefr-readme,elementary,middle,middle
train,3445,cefr-readme,elementary,middle,middle
train,3446,cefr-readme,elementary,middle,middle
train,3447,cefr-readme,elementary,middle,middle
train,3448,cefr-readme,elementary,high,high
train,3449,cefr-readme,elementary,elementary,elementary
train,3450,cefr-readme,elementary,middle,middle
train,3451,cefr-readme,elementary,high,high
train,3452,cefr-readme,elementary,elementary,elementary
train,3453,cefr-readme,elementary,middle,middle
train,3454,cefr-readme,elementary,high,high
train,3455,cefr-readme,elementary,middle,middle
train,3456,cefr-readme,elementary,high,high
train,3457,cefr-readme,elementary,middle,middle
train,3458,cefr-readme,elementary,high,high
train,3459,cefr-readme,elementary,middle,middle
train,3460,cefr-readme,elementary,middle,middle
train,3461,cefr-readme,elementary,middle,middle
train,3462,cefr-readme,elementary,middle,middle
train,3463,cefr-readme,elementary,middle,middle
train,3464,cefr-readme,elementary,middle,middle
train,3465,cefr-readme,elementary,middle,middle
train,3466,cefr-readme,elementary,high,high
train,3467,cefr-readme,elementary,middle,middle
train,3468,cefr-readme,elementary,middle,middle
train,3469,cefr-readme,elementary,middle,middle
train,3470,cefr-readme,elementary,middle,middle
train,3471,cefr-readme,elementary,middle,middle
train,3472,cefr-readme,elementary,middle,middle
train,3473,cefr-readme,elementary,middle,middle
train,3474,cefr-readme,elementary,middle,middle
train,3475,cefr-readme,elementary,elementary,elementary
train,3476,cefr-readme,elementary,middle,middle
train,3477,cefr-readme,elementary,middle,middle
train,3478,cefr-readme,elementary,middle,middle
train,3479,cefr-readme,elementary,high,high
train,3480,cefr-readme,elementary,middle,middle
train,3481,cefr-readme,elementary,high,high
train,3482,cefr-readme,elementary,middle,middle
train,3483,cefr-readme,elementary,middle,middle
train,3484,cefr-readme,elementary,middle,middle
train,3485,cefr-readme,elementary,middle,middle
train,3486,cefr-readme,elementary,middle,middle
train,3487,cefr-readme,elementary,high,high
train,3488,cefr-readme,elementary,high,high
train,3489,cefr-readme,elementary,middle,middle
train,3490,cefr-readme,elementary,middle,middle
train,3491,cefr-readme,elementary,middle,middle
train,3492,cefr-readme,elementary,middle,middle
train,3493,cefr-readme,elementary,middle,middle
train,3494,cefr-readme,elementary,middle,middle
train,3495,cefr-readme,elementary,elementary,elementary
train,3496,cefr-readme,elementary,middle,middle
train,3497,cefr-readme,elementary,middle,middle
train,3498,cefr-readme,elementary,high,high
train,3499,cefr-readme,elementary,middle,middle
train,3500,cefr-readme,elementary,middle,middle
train,3501,cefr-readme,elementary,middle,middle
train,3502,cefr-readme,elementary,middle,middle
train,3503,cefr-readme,elementary,middle,middle
train,3504,cefr-readme,elementary,high,high
train,3505,cefr-readme,elementary,middle,middle
train,3506,cefr-readme,elementary,middle,middle
train,3507,cefr-readme,elementary,middle,middle
train,3508,cefr-readme,elementary,middle,middle
train,3509,cefr-readme,elementary,elementary,elementary
train,3510,cefr-readme,elementary,middle,middle
train,3511,cefr-readme,elementary,middle,middle
train,3512,cefr-readme,elementary,middle,middle
train,3513,cefr-readme,elementary,high,high
train,3514,cefr-readme,elementary,middle,middle
train,3515,cefr-readme,elementary,middle,middle
train,3516,cefr-readme,elementary,middle,middle
train,3517,cefr-readme,elementary,middle,middle
train,3518,cefr-readme,elementary,middle,middle
train,3519,cefr-readme,elementary,middle,middle
train,3520,cefr-readme,elementary,high,high
train,3521,cefr-readme,elementary,middle,middle
train,3522,cefr-readme,elementary,middle,middle
train,3523,cefr-readme,elementary,middle,middle
train,3524,cefr-readme,elementary,middle,middle
train,3525,cefr-readme,elementary,middle,middle
train,3526,cefr-readme,elementary,middle,middle
train,3527,cefr-readme,elementary,middle,middle
train,3528,cefr-readme,elementary,elementary,elementary
train,3529,cefr-readme,elementary,middle,middle
train,3530,cefr-readme,elementary,middle,middle
train,3531,cefr-readme,elementary,middle,middle
train,3532,cefr-readme,elementary,middle,middle
train,3533,cefr-readme,elementary,middle,middle
train,3534,cefr-readme,elementary,high,high
train,3535,cefr-readme,elementary,middle,middle
train,3536,cefr-readme,elementary,elementary,elementary
train,3537,cefr-readme,elementary,middle,middle
train,3538,cefr-readme,elementary,high,high
train,3539,cefr-readme,elementary,middle,middle
train,3540,cefr-readme,elementary,middle,middle
train,3541,cefr-readme,elementary,middle,middle
train,3542,cefr-readme,elementary,high,high
train,3543,cefr-readme,elementary,high,high
train,3544,cefr-readme,elementary,middle,middle
train,3545,cefr-readme,elementary,middle,middle
train,3546,cefr-readme,elementary,middle,middle
train,3547,cefr-readme,elementary,middle,middle
train,3548,cefr-readme,elementary,middle,middle
train,3549,cefr-readme,elementary,high,high
train,3550,cefr-readme,elementary,high,high
train,3551,cefr-readme,elementary,middle,middle
train,3552,cefr-readme,elementary,middle,middle
train,3553,cefr-readme,elementary,high,high
train,3554,cefr-readme,elementary,middle,middle
train,3555,cefr-readme,elementary,middle,middle
train,3556,cefr-readme,elementary,elementary,elementary
train,3557,cefr-readme,elementary,middle,middle
train,3558,cefr-readme,elementary,middle,middle
train,3559,cefr-readme,elementary,middle,middle
train,3560,cefr-readme,elementary,middle,middle
train,3561,cefr-readme,elementary,middle,middle
train,3562,cefr-readme,elementary,high,high
train,3563,cefr-readme,elementary,middle,middle
train,3564,cefr-readme,elementary,middle,middle
train,3565,cefr-readme,elementary,middle,middle
train,3566,cefr-readme,elementary,middle,middle
train,3567,cefr-readme,elementary,middle,middle
train,3568,cefr-readme,elementary,middle,middle
train,3569,cefr-readme,elementary,middle,middle
train,3570,cefr-readme,elementary,high,high
train,3571,cefr-readme,elementary,middle,middle
train,3572,cefr-readme,elementary,middle,middle
train,3573,cefr-readme,elementary,middle,middle
train,3574,cefr-readme,elementary,high,high
train,3575,cefr-readme,elementary,middle,middle
train,3576,cefr-readme,elementary,middle,middle
train,3577,cefr-readme,elementary,middle,middle
train,3578,cefr-readme,elementary,elementary,elementary
train,3579,cefr-readme,elementary,middle,middle
train,3580,cefr-readme,elementary,middle,middle
train,3581,cefr-readme,elementary,middle,middle
train,3582,cefr-readme,elementary,middle,middle
train,3583,cefr-readme,elementary,middle,middle
train,3584,cefr-readme,elementary,middle,middle
train,3585,cefr-readme,elementary,middle,middle
train,3586,cefr-readme,elementary,middle,middle
train,3587,cefr-readme,elementary,middle,middle
train,3588,cefr-readme,elementary,middle,middle
train,3589,cefr-readme,elementary,middle,middle
train,3590,cefr-readme,elementary,middle,middle
train,3591,cefr-readme,elementary,middle,middle
train,3592,cefr-readme,elementary,elementary,elementary
train,3593,cefr-readme,elementary,high,high
train,3594,cefr-readme,elementary,middle,middle
train,3595,cefr-readme,elementary,middle,middle
train,3596,cefr-readme,elementary,middle,middle
train,3597,cefr-readme,elementary,middle,middle
train,3598,cefr-readme,elementary,middle,middle
train,3599,cefr-readme,elementary,middle,middle
train,3600,cefr-readme,elementary,middle,middle
train,3601,cefr-readme,elementary,middle,middle
train,3602,cefr-readme,elementary,middle,middle
train,3603,cefr-readme,elementary,middle,middle
train,3604,cefr-readme,elementary,middle,middle
train,3605,cefr-readme,elementary,middle,middle
train,3606,cefr-readme,elementary,high,high
train,3607,cefr-readme,elementary,middle,middle
train,3608,cefr-readme,elementary,middle,middle
train,3609,cefr-readme,elementary,middle,middle
train,3610,cefr-readme,elementary,middle,middle
train,3611,cefr-readme,elementary,middle,middle
train,3612,cefr-readme,elementary,middle,middle
train,3613,cefr-readme,elementary,middle,middle
train,3614,cefr-readme,elementary,elementary,elementary
train,3615,cefr-readme,elementary,middle,middle
train,3616,cefr-readme,elementary,middle,middle
train,3617,cefr-readme,elementary,middle,middle
train,3618,cefr-readme,elementary,middle,middle
train,3619,cefr-readme,elementary,middle,middle
train,3620,cefr-readme,elementary,middle,middle
train,3621,cefr-readme,elementary,elementary,elementary
train,3622,cefr-readme,elementary,middle,middle
train,3623,cefr-readme,elementary,middle,middle
train,3624,cefr-readme,elementary,high,high
train,3625,cefr-readme,elementary,middle,middle
train,3626,cefr-readme,elementary,middle,middle
train,3627,cefr-readme,elementary,middle,middle
train,3628,cefr-readme,elementary,middle,middle
train,3629,cefr-readme,elementary,middle,middle
train,3630,cefr-readme,elementary,middle,middle
train,3631,cefr-readme,elementary,elementary,elementary
train,3632,cefr-readme,elementary,middle,middle
train,3633,cefr-readme,elementary,middle,middle
train,3634,cefr-readme,elementary,middle,middle
train,3635,cefr-readme,elementary,middle,middle
train,3636,cefr-readme,elementary,middle,middle
train,3637,cefr-readme,elementary,middle,middle
train,3638,cefr-readme,elementary,high,high
train,3639,cefr-readme,elementary,middle,middle
train,3640,cefr-readme,elementary,middle,middle
train,3641,cefr-readme,elementary,high,high
train,3642,cefr-readme,elementary,middle,middle
train,3643,cefr-readme,elementary,middle,middle
train,3644,cefr-readme,elementary,middle,middle
train,3645,cefr-readme,elementary,middle,middle
train,3646,cefr-readme,elementary,middle,middle
train,3647,cefr-readme,elementary,middle,middle
train,3648,cefr-readme,elementary,middle,middle
train,3649,cefr-readme,elementary,middle,middle
train,3650,cefr-readme,elementary,middle,middle
train,3651,cefr-readme,elementary,elementary,elementary
train,3652,cefr-readme,high,high,high
train,3653,cefr-readme,high,middle,middle
train,3654,cefr-readme,high,high,high
train,3655,cefr-readme,high,middle,middle
train,3656,cefr-readme,high,high,high
train,3657,cefr-readme,high,high,high
train,3658,cefr-readme,high,high,high
train,3659,cefr-readme,high,high,high
train,3660,cefr-readme,high,middle,middle
train,3661,cefr-readme,high,high,high
train,3662,cefr-readme,high,high,high
train,3663,cefr-readme,high,high,high
train,3664,cefr-readme,high,high,high
train,3665,cefr-readme,high,middle,middle
train,3666,cefr-readme,high,middle,middle
train,3667,cefr-readme,high,high,high
train,3668,cefr-readme,high,high,high
train,3669,cefr-readme,high,high,high
train,3670,cefr-readme,high,high,high
train,3671,cefr-readme,high,high,high
train,3672,cefr-readme,high,high,high
train,3673,cefr-readme,high,high,high
train,3674,cefr-readme,high,high,high
train,3675,cefr-readme,high,high,high
train,3676,cefr-readme,high,high,high
train,3677,cefr-readme,high,high,high
train,3678,cefr-readme,high,high,high
train,3679,cefr-readme,high,high,high
train,3680,cefr-readme,high,high,high
train,3681,cefr-readme,high,high,high
train,3682,cefr-readme,high,high,high
train,3683,cefr-readme,high,middle,middle
train,3684,cefr-readme,high,high,high
train,3685,cefr-readme,high,middle,middle
train,3686,cefr-readme,high,high,high
train,3687,cefr-readme,high,middle,middle
train,3688,cefr-readme,high,high,high
train,3689,cefr-readme,high,middle,middle
train,3690,cefr-readme,high,high,high
train,3691,cefr-readme,high,middle,middle
train,3692,cefr-readme,high,middle,middle
train,3693,cefr-readme,high,high,high
train,3694,cefr-readme,high,high,high
train,3695,cefr-readme,high,high,high
train,3696,cefr-readme,high,high,high
train,3697,cefr-readme,high,middle,middle
train,3698,cefr-readme,high,high,high
train,3699,cefr-readme,high,middle,middle
train,3700,cefr-readme,high,high,high
train,3701,cefr-readme,high,high,high
train,3702,cefr-readme,high,high,high
train,3703,cefr-readme,high,high,high
train,3704,cefr-readme,high,high,high
train,3705,cefr-readme,high,high,high
train,3706,cefr-readme,high,high,high
train,3707,cefr-readme,high,middle,middle
train,3708,cefr-readme,high,middle,middle
train,3709,cefr-readme,high,high,high
train,3710,cefr-readme,high,high,high
train,3711,cefr-readme,high,high,high
train,3712,cefr-readme,high,high,high
train,3713,cefr-readme,high,high,high
train,3714,cefr-readme,high,high,high
train,3715,cefr-readme,high,high,high
train,3716,cefr-readme,high,high,high
train,3717,cefr-readme,high,high,high
train,3718,cefr-readme,high,high,high
train,3719,cefr-readme,high,high,high
train,3720,cefr-readme,high,high,high
train,3721,cefr-readme,high,high,high
train,3722,cefr-readme,high,high,high
train,3723,cefr-readme,high,high,high
train,3724,cefr-readme,high,high,high
train,3725,cefr-readme,high,middle,middle
train,3726,cefr-readme,high,high,high
train,3727,cefr-readme,high,high,high
train,3728,cefr-readme,high,middle,middle
train,3729,cefr-readme,high,middle,middle
train,3730,cefr-readme,high,high,high
train,3731,cefr-readme,high,high,high
train,3732,cefr-readme,high,middle,middle
train,3733,cefr-readme,high,middle,middle
train,3734,cefr-readme,high,middle,middle
train,3735,cefr-readme,high,high,high
train,3736,cefr-readme,high,high,high
train,3737,cefr-readme,high,high,high
train,3738,cefr-readme,high,high,high
train,3739,cefr-readme,high,high,high
train,3740,cefr-readme,high,high,high
train,3741,cefr-readme,high,high,high
train,3742,cefr-readme,high,high,high
train,3743,cefr-readme,high,middle,middle
train,3744,cefr-readme,high,high,high
train,3745,cefr-readme,high,high,high
train,3746,cefr-readme,high,high,high
train,3747,cefr-readme,high,middle,middle
train,3748,cefr-readme,high,high,high
train,3749,cefr-readme,high,high,high
train,3750,cefr-readme,high,high,high
train,3751,cefr-readme,high,middle,middle
train,3752,cefr-readme,high,high,high
train,3753,cefr-readme,high,middle,middle
train,3754,cefr-readme,high,high,high
train,3755,cefr-readme,high,high,high
train,3756,cefr-readme,high,high,high
train,3757,cefr-readme,high,middle,middle
train,3758,cefr-readme,high,middle,middle
train,3759,cefr-readme,high,high,high
train,3760,cefr-readme,high,high,high
train,3761,cefr-readme,high,high,high
train,3762,cefr-readme,high,high,high
train,3763,cefr-readme,high,high,high
train,3764,cefr-readme,high,high,high
train,3765,cefr-readme,high,high,high
train,3766,cefr-readme,high,middle,middle
train,3767,cefr-readme,high,high,high
train,3768,cefr-readme,high,middle,middle
train,3769,cefr-readme,high,high,high
train,3770,cefr-readme,high,high,high
train,3771,cefr-readme,high,high,high
train,3772,cefr-readme,high,high,high
train,3773,cefr-readme,high,high,high
train,3774,cefr-readme,high,middle,middle
train,3775,cefr-readme,high,high,high
train,3776,cefr-readme,high,high,high
train,3777,cefr-readme,high,high,high
train,3778,cefr-readme,high,high,high
train,3779,cefr-readme,high,high,high
train,3780,cefr-readme,high,high,high
train,3781,cefr-readme,high,high,high
train,3782,cefr-readme,high,high,high
train,3783,cefr-readme,high,middle,middle
train,3784,cefr-readme,high,high,high
train,3785,cefr-readme,high,high,high
train,3786,cefr-readme,high,high,high
train,3787,cefr-readme,high,high,high
train,3788,cefr-readme,high,middle,middle
train,3789,cefr-readme,high,high,high
train,3790,cefr-readme,high,high,high
train,3791,cefr-readme,high,high,high
train,3792,cefr-readme,high,high,high
train,3793,cefr-readme,high,high,high
train,3794,cefr-readme,high,high,high
train,3795,cefr-readme,high,middle,middle
train,3796,cefr-readme,high,high,high
train,3797,cefr-readme,high,high,high
train,3798,cefr-readme,high,high,high
train,3799,cefr-readme,high,high,high
train,3800,cefr-readme,high,middle,middle
train,3801,cefr-readme,high,high,high
train,3802,cefr-readme,high,high,high
train,3803,cefr-readme,high,high,high
train,3804,cefr-readme,high,high,high
train,3805,cefr-readme,high,middle,middle
train,3806,cefr-readme,high,high,high
train,3807,cefr-readme,high,high,high
train,3808,cefr-readme,high,high,high
train,3809,cefr-readme,high,high,high
train,3810,cefr-readme,high,high,high
train,3811,cefr-readme,high,middle,middle
train,3812,cefr-readme,high,high,high
train,3813,cefr-readme,high,high,high
train,3814,cefr-readme,high,middle,middle
train,3815,cefr-readme,high,high,high
train,3816,cefr-readme,high,middle,middle
train,3817,cefr-readme,high,high,high
train,3818,cefr-readme,high,high,high
train,3819,cefr-readme,high,middle,middle
train,3820,cefr-readme,high,middle,middle
train,3821,cefr-readme,high,high,high
train,3822,cefr-readme,high,high,high
train,3823,cefr-readme,high,high,high
train,3824,cefr-readme,high,middle,middle
train,3825,cefr-readme,high,middle,middle
train,3826,cefr-readme,high,high,high
train,3827,cefr-readme,high,middle,middle
train,3828,cefr-readme,high,high,high
train,3829,cefr-readme,high,middle,middle
train,3830,cefr-readme,high,high,high
train,3831,cefr-readme,high,high,high
train,3832,cefr-readme,high,middle,middle
train,3833,cefr-readme,high,high,high
train,3834,cefr-readme,high,middle,middle
train,3835,cefr-readme,high,middle,middle
train,3836,cefr-readme,high,high,high
train,3837,cefr-readme,high,high,high
train,3838,cefr-readme,high,middle,middle
train,3839,cefr-readme,high,high,high
train,3840,cefr-readme,high,high,high
train,3841,cefr-readme,high,high,high
train,3842,cefr-readme,high,middle,middle
train,3843,cefr-readme,high,high,high
train,3844,cefr-readme,high,middle,middle
train,3845,cefr-readme,high,high,high
train,3846,cefr-readme,high,middle,middle
train,3847,cefr-readme,high,high,high
train,3848,cefr-readme,high,high,high
train,3849,cefr-readme,high,high,high
train,3850,cefr-readme,high,high,high
train,3851,cefr-readme,high,high,high
train,3852,cefr-readme,high,middle,middle
train,3853,cefr-readme,high,middle,middle
train,3854,cefr-readme,high,middle,middle
train,3855,cefr-readme,high,high,high
train,3856,cefr-readme,high,middle,middle
train,3857,cefr-readme,high,middle,middle
train,3858,cefr-readme,high,high,high
train,3859,cefr-readme,high,high,high
train,3860,cefr-readme,high,middle,middle
train,3861,cefr-readme,high,high,high
train,3862,cefr-readme,high,high,high
train,3863,cefr-readme,high,high,high
train,3864,cefr-readme,high,middle,middle
train,3865,cefr-readme,high,high,high
train,3866,cefr-readme,high,middle,middle
train,3867,cefr-readme,high,middle,middle
train,3868,cefr-readme,high,high,high
train,3869,cefr-readme,high,middle,middle
train,3870,cefr-readme,high,high,high
train,3871,cefr-readme,high,high,high
train,3872,cefr-readme,high,high,high
train,3873,cefr-readme,high,middle,middle
train,3874,cefr-readme,high,high,high
train,3875,cefr-readme,high,high,high
train,3876,cefr-readme,high,middle,middle
train,3877,cefr-readme,high,middle,middle
train,3878,cefr-readme,high,middle,middle
train,3879,cefr-readme,high,high,high
train,3880,cefr-readme,high,high,high
train,3881,cefr-readme,high,middle,middle
train,3882,cefr-readme,high,high,high
train,3883,cefr-readme,high,high,high
train,3884,cefr-readme,high,high,high
train,3885,cefr-readme,high,high,high
train,3886,cefr-readme,high,middle,middle
train,3887,cefr-readme,high,middle,middle
train,3888,cefr-readme,high,high,high
train,3889,cefr-readme,high,high,high
train,3890,cefr-readme,high,middle,middle
train,3891,cefr-readme,high,middle,middle
train,3892,cefr-readme,high,high,high
train,3893,cefr-readme,high,high,high
train,3894,cefr-readme,high,high,high
train,3895,cefr-readme,high,high,high
train,3896,cefr-readme,high,middle,middle
train,3897,cefr-readme,high,high,high
train,3898,cefr-readme,high,high,high
train,3899,cefr-readme,high,high,high
train,3900,cefr-readme,high,high,high
train,3901,cefr-readme,high,high,high
train,3902,cefr-readme,high,high,high
train,3903,cefr-readme,high,high,high
train,3904,cefr-readme,high,middle,middle
train,3905,cefr-readme,high,middle,middle
train,3906,cefr-readme,high,high,high
train,3907,cefr-readme,high,high,high
train,3908,cefr-readme,high,high,high
train,3909,cefr-readme,high,high,high
train,3910,cefr-readme,high,high,high
train,3911,cefr-readme,high,middle,middle
train,3912,cefr-readme,high,high,high
train,3913,cefr-readme,high,high,high
train,3914,cefr-readme,high,high,high
train,3915,cefr-readme,high,high,high
train,3916,cefr-readme,high,high,high
train,3917,cefr-readme,high,high,high
train,3918,cefr-readme,high,high,high
train,3919,cefr-readme,high,middle,middle
train,3920,cefr-readme,high,high,high
train,3921,cefr-readme,high,high,high
train,3922,cefr-readme,high,high,high
train,3923,cefr-readme,high,middle,middle
train,3924,cefr-readme,high,high,high
train,3925,cefr-readme,high,middle,middle
train,3926,cefr-readme,high,high,high
train,3927,cefr-readme,high,high,high
train,3928,cefr-readme,high,high,high
train,3929,cefr-readme,high,high,high
train,3930,cefr-readme,high,high,high
train,3931,cefr-readme,high,middle,middle
train,3932,cefr-readme,high,high,high
train,3933,cefr-readme,high,high,high
train,3934,cefr-readme,high,middle,middle
train,3935,cefr-readme,high,high,high
train,3936,cefr-readme,high,high,high
train,3937,cefr-readme,high,high,high
train,3938,cefr-readme,high,middle,middle
train,3939,cefr-readme,high,high,high
train,3940,cefr-readme,high,high,high
train,3941,cefr-readme,high,high,high
train,3942,cefr-readme,high,middle,middle
train,3943,cefr-readme,high,high,high
train,3944,cefr-readme,high,high,high
train,3945,cefr-readme,high,middle,middle
train,3946,cefr-readme,high,high,high
train,3947,cefr-readme,high,middle,middle
train,3948,cefr-readme,high,high,high
train,3949,cefr-readme,high,high,high
train,3950,cefr-readme,high,middle,middle
train,3951,cefr-readme,high,high,high
train,3952,cefr-readme,high,middle,middle
train,3953,cefr-readme,high,high,high
train,3954,cefr-readme,high,high,high
train,3955,cefr-readme,high,middle,middle
train,3956,cefr-readme,high,middle,middle
train,3957,cefr-readme,high,high,high
train,3958,cefr-readme,high,high,high
train,3959,cefr-readme,high,high,high
train,3960,cefr-readme,high,high,high
train,3961,cefr-readme,high,high,high
train,3962,cefr-readme,high,middle,middle
train,3963,cefr-readme,high,high,high
train,3964,cefr-readme,high,high,high
train,3965,cefr-readme,high,high,high
train,3966,cefr-readme,high,high,high
train,3967,cefr-readme,high,middle,middle
train,3968,cefr-readme,high,middle,middle
train,3969,cefr-readme,high,middle,middle
train,3970,cefr-readme,high,middle,middle
train,3971,cefr-readme,high,high,high
train,3972,cefr-readme,high,high,high
train,3973,cefr-readme,high,high,high
train,3974,cefr-readme,high,high,high
train,3975,cefr-readme,high,high,high
train,3976,cefr-readme,high,high,high
train,3977,cefr-readme,high,high,high
train,3978,cefr-readme,high,high,high
train,3979,cefr-readme,high,high,high
train,3980,cefr-readme,high,high,high
train,3981,cefr-readme,high,high,high
train,3982,cefr-readme,high,high,high
train,3983,cefr-readme,high,high,high
train,3984,cefr-readme,high,high,high
train,3985,cefr-readme,high,high,high
train,3986,cefr-readme,high,middle,middle
train,3987,cefr-readme,high,high,high
train,3988,cefr-readme,high,high,high
train,3989,cefr-readme,high,high,high
train,3990,cefr-readme,high,middle,middle
train,3991,cefr-readme,high,high,high
train,3992,cefr-readme,high,middle,middle
train,3993,cefr-readme,high,high,high
train,3994,cefr-readme,high,middle,middle
train,3995,cefr-readme,high,high,high
train,3996,cefr-readme,high,middle,middle
train,3997,cefr-readme,high,high,high
train,3998,cefr-readme,high,high,high
train,3999,cefr-readme,high,middle,middle
train,4000,cefr-readme,high,high,high
train,4001,cefr-readme,high,high,high
train,4002,cefr-readme,high,middle,middle
train,4003,cefr-readme,high,high,high
train,4004,cefr-readme,high,middle,middle
train,4005,cefr-readme,high,middle,middle
train,4006,cefr-readme,high,high,high
train,4007,cefr-readme,high,high,high
train,4008,cefr-readme,high,high,high
train,4009,cefr-readme,high,high,high
train,4010,cefr-readme,high,high,high
train,4011,cefr-readme,high,high,high
train,4012,cefr-readme,middle,high,high
train,4013,cefr-readme,middle,middle,middle
train,4014,cefr-readme,middle,high,high
train,4015,cefr-readme,middle,middle,middle
train,4016,cefr-readme,middle,middle,middle
train,4017,cefr-readme,middle,high,high
train,4018,cefr-readme,middle,middle,middle
train,4019,cefr-readme,middle,middle,middle
train,4020,cefr-readme,middle,middle,middle
train,4021,cefr-readme,middle,high,high
train,4022,cefr-readme,middle,high,high
train,4023,cefr-readme,middle,middle,middle
train,4024,cefr-readme,middle,middle,middle
train,4025,cefr-readme,middle,middle,middle
train,4026,cefr-readme,middle,high,high
train,4027,cefr-readme,middle,middle,middle
train,4028,cefr-readme,middle,middle,middle
train,4029,cefr-readme,middle,middle,middle
train,4030,cefr-readme,middle,high,high
train,4031,cefr-readme,middle,middle,middle
train,4032,cefr-readme,middle,high,high
train,4033,cefr-readme,middle,middle,middle
train,4034,cefr-readme,middle,high,high
train,4035,cefr-readme,middle,middle,middle
train,4036,cefr-readme,middle,high,high
train,4037,cefr-readme,middle,high,high
train,4038,cefr-readme,middle,high,high
train,4039,cefr-readme,middle,middle,middle
train,4040,cefr-readme,middle,middle,middle
train,4041,cefr-readme,middle,middle,middle
train,4042,cefr-readme,middle,middle,middle
train,4043,cefr-readme,middle,middle,middle
train,4044,cefr-readme,middle,high,high
train,4045,cefr-readme,middle,high,high
train,4046,cefr-readme,middle,middle,middle
train,4047,cefr-readme,middle,middle,middle
train,4048,cefr-readme,middle,high,high
train,4049,cefr-readme,middle,high,high
train,4050,cefr-readme,middle,middle,middle
train,4051,cefr-readme,middle,middle,middle
train,4052,cefr-readme,middle,middle,middle
train,4053,cefr-readme,middle,high,high
train,4054,cefr-readme,middle,high,high
train,4055,cefr-readme,middle,middle,middle
train,4056,cefr-readme,middle,high,high
train,4057,cefr-readme,middle,middle,middle
train,4058,cefr-readme,middle,middle,middle
train,4059,cefr-readme,middle,middle,middle
train,4060,cefr-readme,middle,middle,middle
train,4061,cefr-readme,middle,middle,middle
train,4062,cefr-readme,middle,high,high
train,4063,cefr-readme,middle,high,high
train,4064,cefr-readme,middle,middle,middle
train,4065,cefr-readme,middle,high,high
train,4066,cefr-readme,middle,middle,middle
train,4067,cefr-readme,middle,middle,middle
train,4068,cefr-readme,middle,middle,middle
train,4069,cefr-readme,middle,high,high
train,4070,cefr-readme,middle,high,high
train,4071,cefr-readme,middle,middle,middle
train,4072,cefr-readme,middle,middle,middle
train,4073,cefr-readme,middle,middle,middle
train,4074,cefr-readme,middle,middle,middle
train,4075,cefr-readme,middle,middle,middle
train,4076,cefr-readme,middle,middle,middle
train,4077,cefr-readme,middle,high,high
train,4078,cefr-readme,middle,elementary,elementary
train,4079,cefr-readme,middle,middle,middle
train,4080,cefr-readme,middle,high,high
train,4081,cefr-readme,middle,middle,middle
train,4082,cefr-readme,middle,middle,middle
train,4083,cefr-readme,middle,middle,middle
train,4084,cefr-readme,middle,middle,middle
train,4085,cefr-readme,middle,high,high
train,4086,cefr-readme,middle,high,high
train,4087,cefr-readme,middle,middle,middle
train,4088,cefr-readme,middle,high,high
train,4089,cefr-readme,middle,middle,middle
train,4090,cefr-readme,middle,high,high
train,4091,cefr-readme,middle,middle,middle
train,4092,cefr-readme,middle,middle,middle
train,4093,cefr-readme,middle,middle,middle
train,4094,cefr-readme,middle,middle,middle
train,4095,cefr-readme,middle,high,high
train,4096,cefr-readme,middle,middle,middle
train,4097,cefr-readme,middle,middle,middle
train,4098,cefr-readme,middle,middle,middle
train,4099,cefr-readme,middle,middle,middle
train,4100,cefr-readme,middle,high,high
train,4101,cefr-readme,middle,middle,middle
train,4102,cefr-readme,middle,middle,middle
train,4103,cefr-readme,middle,middle,middle
train,4104,cefr-readme,middle,high,high
train,4105,cefr-readme,middle,high,high
train,4106,cefr-readme,middle,middle,middle
train,4107,cefr-readme,middle,middle,middle
train,4108,cefr-readme,middle,high,high
train,4109,cefr-readme,middle,middle,middle
train,4110,cefr-readme,middle,middle,middle
train,4111,cefr-readme,middle,middle,middle
train,4112,cefr-readme,middle,high,high
train,4113,cefr-readme,middle,middle,middle
train,4114,cefr-readme,middle,middle,middle
train,4115,cefr-readme,middle,middle,middle
train,4116,cefr-readme,middle,middle,middle
train,4117,cefr-readme,middle,middle,middle
train,4118,cefr-readme,middle,middle,middle
train,4119,cefr-readme,middle,middle,middle
train,4120,cefr-readme,middle,high,high
train,4121,cefr-readme,middle,middle,middle
train,4122,cefr-readme,middle,middle,middle
train,4123,cefr-readme,middle,high,high
train,4124,cefr-readme,middle,middle,middle
train,4125,cefr-readme,middle,high,high
train,4126,cefr-readme,middle,middle,middle
train,4127,cefr-readme,middle,middle,middle
train,4128,cefr-readme,middle,high,high
train,4129,cefr-readme,middle,high,high
train,4130,cefr-readme,middle,middle,middle
train,4131,cefr-readme,middle,high,high
train,4132,cefr-readme,middle,middle,middle
train,4133,cefr-readme,middle,middle,middle
train,4134,cefr-readme,middle,middle,middle
train,4135,cefr-readme,middle,high,high
train,4136,cefr-readme,middle,high,high
train,4137,cefr-readme,middle,middle,middle
train,4138,cefr-readme,middle,high,high
train,4139,cefr-readme,middle,middle,middle
train,4140,cefr-readme,middle,elementary,elementary
train,4141,cefr-readme,middle,middle,middle
train,4142,cefr-readme,middle,high,high
train,4143,cefr-readme,middle,middle,middle
train,4144,cefr-readme,middle,middle,middle
train,4145,cefr-readme,middle,middle,middle
train,4146,cefr-readme,middle,high,high
train,4147,cefr-readme,middle,middle,middle
train,4148,cefr-readme,middle,middle,middle
train,4149,cefr-readme,middle,middle,middle
train,4150,cefr-readme,middle,middle,middle
train,4151,cefr-readme,middle,middle,middle
train,4152,cefr-readme,middle,high,high
train,4153,cefr-readme,middle,high,high
train,4154,cefr-readme,middle,middle,middle
train,4155,cefr-readme,middle,middle,middle
train,4156,cefr-readme,middle,high,high
train,4157,cefr-readme,middle,high,high
train,4158,cefr-readme,middle,high,high
train,4159,cefr-readme,middle,middle,middle
train,4160,cefr-readme,middle,middle,middle
train,4161,cefr-readme,middle,middle,middle
train,4162,cefr-readme,middle,middle,middle
train,4163,cefr-readme,middle,high,high
train,4164,cefr-readme,middle,high,high
train,4165,cefr-readme,middle,high,high
train,4166,cefr-readme,middle,middle,middle
train,4167,cefr-readme,middle,middle,middle
train,4168,cefr-readme,middle,middle,middle
train,4169,cefr-readme,middle,middle,middle
train,4170,cefr-readme,middle,middle,middle
train,4171,cefr-readme,middle,high,high
train,4172,cefr-readme,middle,middle,middle
train,4173,cefr-readme,middle,middle,middle
train,4174,cefr-readme,middle,middle,middle
train,4175,cefr-readme,middle,high,high
train,4176,cefr-readme,middle,middle,middle
train,4177,cefr-readme,middle,high,high
train,4178,cefr-readme,middle,middle,middle
train,4179,cefr-readme,middle,high,high
train,4180,cefr-readme,middle,high,high
train,4181,cefr-readme,middle,middle,middle
train,4182,cefr-readme,middle,middle,middle
train,4183,cefr-readme,middle,middle,middle
train,4184,cefr-readme,middle,middle,middle
train,4185,cefr-readme,middle,middle,middle
train,4186,cefr-readme,middle,middle,middle
train,4187,cefr-readme,middle,elementary,elementary
train,4188,cefr-readme,middle,high,high
train,4189,cefr-readme,middle,middle,middle
train,4190,cefr-readme,middle,middle,middle
train,4191,cefr-readme,middle,high,high
train,4192,cefr-readme,middle,middle,middle
train,4193,cefr-readme,middle,middle,middle
train,4194,cefr-readme,middle,middle,middle
train,4195,cefr-readme,middle,high,high
train,4196,cefr-readme,middle,high,high
train,4197,cefr-readme,middle,middle,middle
train,4198,cefr-readme,middle,high,high
train,4199,cefr-readme,middle,middle,middle
train,4200,cefr-readme,middle,middle,middle
train,4201,cefr-readme,middle,high,high
train,4202,cefr-readme,middle,middle,middle
train,4203,cefr-readme,middle,high,high
train,4204,cefr-readme,middle,middle,middle
train,4205,cefr-readme,middle,middle,middle
train,4206,cefr-readme,middle,middle,middle
train,4207,cefr-readme,middle,middle,middle
train,4208,cefr-readme,middle,middle,middle
train,4209,cefr-readme,middle,middle,middle
train,4210,cefr-readme,middle,middle,middle
train,4211,cefr-readme,middle,high,high
train,4212,cefr-readme,middle,middle,middle
train,4213,cefr-readme,middle,middle,middle
train,4214,cefr-readme,middle,middle,middle
train,4215,cefr-readme,middle,high,high
train,4216,cefr-readme,middle,middle,middle
train,4217,cefr-readme,middle,middle,middle
train,4218,cefr-readme,middle,middle,middle
train,4219,cefr-readme,middle,middle,middle
train,4220,cefr-readme,middle,middle,middle
train,4221,cefr-readme,middle,middle,middle
train,4222,cefr-readme,middle,middle,middle
train,4223,cefr-readme,middle,middle,middle
train,4224,cefr-readme,middle,high,high
train,4225,cefr-readme,middle,high,high
train,4226,cefr-readme,middle,middle,middle
train,4227,cefr-readme,middle,middle,middle
train,4228,cefr-readme,middle,high,high
train,4229,cefr-readme,middle,middle,middle
train,4230,cefr-readme,middle,high,high
train,4231,cefr-readme,middle,middle,middle
train,4232,cefr-readme,middle,middle,middle
train,4233,cefr-readme,middle,middle,middle
train,4234,cefr-readme,middle,middle,middle
train,4235,cefr-readme,middle,middle,middle
train,4236,cefr-readme,middle,middle,middle
train,4237,cefr-readme,middle,middle,middle
train,4238,cefr-readme,middle,middle,middle
train,4239,cefr-readme,middle,high,high
train,4240,cefr-readme,middle,high,high
train,4241,cefr-readme,middle,middle,middle
train,4242,cefr-readme,middle,middle,middle
train,4243,cefr-readme,middle,middle,middle
train,4244,cefr-readme,middle,middle,middle
train,4245,cefr-readme,middle,high,high
train,4246,cefr-readme,middle,high,high
train,4247,cefr-readme,middle,middle,middle
train,4248,cefr-readme,middle,middle,middle
train,4249,cefr-readme,middle,middle,middle
train,4250,cefr-readme,middle,middle,middle
train,4251,cefr-readme,middle,high,high
train,4252,cefr-readme,middle,middle,middle
train,4253,cefr-readme,middle,middle,middle
train,4254,cefr-readme,middle,high,high
train,4255,cefr-readme,middle,high,high
train,4256,cefr-readme,middle,middle,middle
train,4257,cefr-readme,middle,high,high
train,4258,cefr-readme,middle,middle,middle
train,4259,cefr-readme,middle,middle,middle
train,4260,cefr-readme,middle,middle,middle
train,4261,cefr-readme,middle,high,high
train,4262,cefr-readme,middle,middle,middle
train,4263,cefr-readme,middle,high,high
train,4264,cefr-readme,middle,middle,middle
train,4265,cefr-readme,middle,middle,middle
train,4266,cefr-readme,middle,elementary,elementary
train,4267,cefr-readme,middle,middle,middle
train,4268,cefr-readme,middle,high,high
train,4269,cefr-readme,middle,high,high
train,4270,cefr-readme,middle,high,high
train,4271,cefr-readme,middle,middle,middle
train,4272,cefr-readme,middle,middle,middle
train,4273,cefr-readme,middle,high,high
train,4274,cefr-readme,middle,middle,middle
train,4275,cefr-readme,middle,high,high
train,4276,cefr-readme,middle,high,high
train,4277,cefr-readme,middle,middle,middle
train,4278,cefr-readme,middle,middle,middle
train,4279,cefr-readme,middle,high,high
train,4280,cefr-readme,middle,high,high
train,4281,cefr-readme,middle,high,high
train,4282,cefr-readme,middle,middle,middle
train,4283,cefr-readme,middle,high,high
train,4284,cefr-readme,middle,middle,middle
train,4285,cefr-readme,middle,middle,middle
train,4286,cefr-readme,middle,middle,middle
train,4287,cefr-readme,middle,high,high
train,4288,cefr-readme,middle,middle,middle
train,4289,cefr-readme,middle,high,high
train,4290,cefr-readme,middle,middle,middle
train,4291,cefr-readme,middle,middle,middle
train,4292,cefr-readme,middle,middle,middle
train,4293,cefr-readme,middle,high,high
train,4294,cefr-readme,middle,middle,middle
train,4295,cefr-readme,middle,middle,middle
train,4296,cefr-readme,middle,middle,middle
train,4297,cefr-readme,middle,elementary,elementary
train,4298,cefr-readme,middle,high,high
train,4299,cefr-readme,middle,middle,middle
train,4300,cefr-readme,middle,high,high
train,4301,cefr-readme,middle,middle,middle
train,4302,cefr-readme,middle,middle,middle
train,4303,cefr-readme,middle,middle,middle
train,4304,cefr-readme,middle,middle,middle
train,4305,cefr-readme,middle,middle,middle
train,4306,cefr-readme,middle,middle,middle
train,4307,cefr-readme,middle,middle,middle
train,4308,cefr-readme,middle,middle,middle
train,4309,cefr-readme,middle,elementary,elementary
train,4310,cefr-readme,middle,middle,middle
train,4311,cefr-readme,middle,high,high
train,4312,cefr-readme,middle,middle,middle
train,4313,cefr-readme,middle,middle,middle
train,4314,cefr-readme,middle,middle,middle
train,4315,cefr-readme,middle,middle,middle
train,4316,cefr-readme,middle,middle,middle
train,4317,cefr-readme,middle,high,high
train,4318,cefr-readme,middle,middle,middle
train,4319,cefr-readme,middle,middle,middle
train,4320,cefr-readme,middle,middle,middle
train,4321,cefr-readme,middle,high,high
train,4322,cefr-readme,middle,middle,middle
train,4323,cefr-readme,middle,middle,middle
train,4324,cefr-readme,middle,high,high
train,4325,cefr-readme,middle,high,high
train,4326,cefr-readme,middle,middle,middle
train,4327,cefr-readme,middle,middle,middle
train,4328,cefr-readme,middle,middle,middle
train,4329,cefr-readme,middle,high,high
train,4330,cefr-readme,middle,middle,middle
train,4331,cefr-readme,middle,middle,middle
train,4332,cefr-readme,middle,middle,middle
train,4333,cefr-readme,middle,high,high
train,4334,cefr-readme,middle,middle,middle
train,4335,cefr-readme,middle,middle,middle
train,4336,cefr-readme,middle,middle,middle
train,4337,cefr-readme,middle,middle,middle
train,4338,cefr-readme,middle,high,high
train,4339,cefr-readme,middle,high,high
train,4340,cefr-readme,middle,middle,middle
train,4341,cefr-readme,middle,middle,middle
train,4342,cefr-readme,middle,middle,middle
train,4343,cefr-readme,middle,middle,middle
train,4344,cefr-readme,middle,high,high
train,4345,cefr-readme,middle,high,high
train,4346,cefr-readme,middle,middle,middle
train,4347,cefr-readme,middle,middle,middle
train,4348,cefr-readme,middle,middle,middle
train,4349,cefr-readme,middle,middle,middle
train,4350,cefr-readme,middle,middle,middle
train,4351,cefr-readme,middle,middle,middle
train,4352,cefr-readme,middle,high,high
train,4353,cefr-readme,middle,middle,middle
train,4354,cefr-readme,middle,middle,middle
train,4355,cefr-readme,middle,high,high
train,4356,cefr-readme,middle,middle,middle
train,4357,cefr-readme,middle,high,high
train,4358,cefr-readme,middle,high,high
train,4359,cefr-readme,middle,high,high
train,4360,cefr-readme,middle,middle,middle
train,4361,cefr-readme,middle,middle,middle
train,4362,cefr-readme,middle,high,high
train,4363,cefr-readme,middle,middle,middle
train,4364,cefr-readme,middle,middle,middle
train,4365,cefr-readme,middle,high,high
train,4366,cefr-readme,middle,high,high
train,4367,cefr-readme,middle,middle,middle
train,4368,cefr-readme,middle,middle,middle
train,4369,cefr-readme,middle,middle,middle
train,4370,cefr-readme,middle,high,high
train,4371,cefr-readme,middle,middle,middle
train,4372,cefr-readme,middle,high,high
train,4373,cefr-readme,middle,high,high
train,4374,cefr-readme,middle,middle,middle
train,4375,cefr-readme,middle,high,high
train,4376,cefr-readme,middle,high,high
train,4377,cefr-readme,middle,middle,middle
train,4378,cefr-readme,middle,middle,middle
train,4379,cefr-readme,middle,high,high
train,4380,cefr-readme,middle,middle,middle
train,4381,cefr-readme,middle,middle,middle
train,4382,cefr-readme,middle,high,high
train,4383,cefr-readme,middle,high,high
train,4384,cefr-readme,middle,middle,middle
train,4385,cefr-readme,middle,high,high
train,4386,cefr-readme,middle,middle,middle
train,4387,cefr-readme,middle,middle,middle
train,4388,cefr-readme,middle,middle,middle
train,4389,cefr-readme,middle,middle,middle
train,4390,cefr-readme,middle,middle,middle
train,4391,cefr-readme,middle,middle,middle
train,4392,cefr-readme,middle,high,high
train,4393,cefr-readme,middle,high,high
train,4394,cefr-readme,middle,high,high
train,4395,cefr-readme,middle,high,high
train,4396,cefr-readme,middle,middle,middle
train,4397,cefr-readme,middle,middle,middle
train,4398,cefr-readme,middle,middle,middle
train,4399,cefr-readme,middle,middle,middle
train,4400,cefr-readme,middle,middle,middle
train,4401,cefr-readme,middle,middle,middle
train,4402,cefr-readme,middle,high,high
train,4403,cefr-readme,middle,high,high
train,4404,cefr-readme,middle,middle,middle
train,4405,cefr-readme,middle,middle,middle
train,4406,cefr-readme,middle,middle,middle
train,4407,cefr-readme,middle,middle,middle
train,4408,cefr-readme,middle,middle,middle
train,4409,cefr-readme,middle,middle,middle
train,4410,cefr-readme,middle,middle,middle
train,4411,cefr-readme,middle,high,high
train,4412,cefr-readme,middle,high,high
train,4413,cefr-readme,middle,middle,middle
train,4414,cefr-readme,middle,high,high
train,4415,cefr-readme,middle,middle,middle
train,4416,cefr-readme,middle,middle,middle
train,4417,cefr-readme,middle,middle,middle
train,4418,cefr-readme,middle,middle,middle
train,4419,cefr-readme,middle,high,high
train,4420,cefr-readme,middle,high,high
train,4421,cefr-readme,middle,middle,middle
train,4422,cefr-readme,middle,high,high
train,4423,cefr-readme,middle,middle,middle
train,4424,cefr-readme,middle,middle,middle
train,4425,cefr-readme,middle,middle,middle
train,4426,cefr-readme,middle,middle,middle
train,4427,cefr-readme,middle,middle,middle
train,4428,cefr-readme,middle,high,high
train,4429,cefr-readme,middle,high,high
train,4430,cefr-readme,middle,middle,middle
train,4431,cefr-readme,middle,high,high
train,4432,cefr-readme,middle,middle,middle
train,4433,cefr-readme,middle,middle,middle
train,4434,cefr-readme,middle,middle,middle
train,4435,cefr-readme,middle,middle,middle
train,4436,cefr-readme,middle,high,high
train,4437,cefr-readme,middle,high,high
train,4438,cefr-readme,middle,middle,middle
train,4439,cefr-readme,middle,middle,middle
train,4440,cefr-readme,middle,middle,middle
train,4441,cefr-readme,middle,middle,middle
train,4442,cefr-readme,middle,middle,middle
train,4443,cefr-readme,middle,middle,middle
train,4444,cefr-readme,middle,middle,middle
train,4445,cefr-readme,middle,middle,middle
train,4446,cefr-readme,middle,middle,middle
train,4447,cefr-readme,middle,middle,middle
train,4448,cefr-readme,middle,middle,middle
train,4449,cefr-readme,middle,middle,middle
train,4450,cefr-readme,middle,middle,middle
train,4451,cefr-readme,middle,middle,middle
train,4452,cefr-readme,middle,middle,middle
train,4453,cefr-readme,middle,middle,middle
train,4454,cefr-readme,middle,middle,middle
train,4455,cefr-readme,middle,middle,middle
train,4456,cefr-readme,middle,middle,middle
train,4457,cefr-readme,middle,middle,middle
train,4458,cefr-readme,middle,middle,middle
train,4459,cefr-readme,middle,middle,middle
train,4460,cefr-readme,middle,high,high
train,4461,cefr-readme,middle,high,high
train,4462,cefr-readme,middle,high,high
train,4463,cefr-readme,middle,middle,middle
train,4464,cefr-readme,middle,high,high
train,4465,cefr-readme,middle,high,high
train,4466,cefr-readme,middle,middle,middle
train,4467,cefr-readme,middle,high,high
train,4468,cefr-readme,middle,middle,middle
train,4469,cefr-readme,middle,high,high
train,4470,cefr-readme,middle,middle,middle
train,4471,cefr-readme,middle,middle,middle
train,4472,cefr-readme,middle,middle,middle
train,4473,cefr-readme,middle,high,high
train,4474,cefr-readme,middle,middle,middle
train,4475,cefr-readme,middle,middle,middle
train,4476,cefr-readme,middle,middle,middle
train,4477,cefr-readme,middle,middle,middle
train,4478,cefr-readme,middle,middle,middle
train,4479,cefr-readme,middle,middle,middle
train,4480,cefr-readme,middle,high,high
train,4481,cefr-readme,middle,high,high
train,4482,cefr-readme,middle,middle,middle
train,4483,cefr-readme,middle,middle,middle
train,4484,cefr-readme,middle,high,high
train,4485,cefr-readme,middle,middle,middle
train,4486,cefr-readme,middle,middle,middle
train,4487,cefr-readme,middle,middle,middle
train,4488,cefr-readme,middle,middle,middle
train,4489,cefr-readme,middle,middle,middle
train,4490,cefr-readme,middle,middle,middle
train,4491,cefr-readme,middle,middle,middle
train,4492,cefr-readme,middle,high,high
train,4493,cefr-readme,middle,high,high
train,4494,cefr-readme,middle,middle,middle
train,4495,cefr-readme,middle,middle,middle
train,4496,cefr-readme,middle,high,high
train,4497,cefr-readme,middle,high,high
train,4498,cefr-readme,middle,high,high
train,4499,cefr-readme,middle,middle,middle
train,4500,cefr-readme,middle,middle,middle
train,4501,cefr-readme,middle,middle,middle
train,4502,cefr-readme,middle,middle,middle
train,4503,cefr-readme,middle,high,high
train,4504,cefr-readme,middle,middle,middle
train,4505,cefr-readme,middle,middle,middle
train,4506,cefr-readme,middle,middle,middle
train,4507,cefr-readme,middle,middle,middle
train,4508,cefr-readme,middle,middle,middle
train,4509,cefr-readme,middle,high,high
train,4510,cefr-readme,middle,middle,middle
train,4511,cefr-readme,middle,high,high
train,4512,cefr-readme,middle,high,high
train,4513,cefr-readme,middle,high,high
train,4514,cefr-readme,middle,middle,middle
train,4515,cefr-readme,middle,middle,middle
train,4516,cefr-readme,middle,middle,middle
train,4517,cefr-readme,middle,high,high
train,4518,cefr-readme,middle,middle,middle
train,4519,cefr-readme,middle,middle,middle
train,4520,cefr-readme,middle,high,high
train,4521,cefr-readme,middle,middle,middle
train,4522,cefr-readme,middle,middle,middle
train,4523,cefr-readme,middle,middle,middle
train,4524,cefr-readme,middle,high,high
train,4525,cefr-readme,middle,middle,middle
train,4526,cefr-readme,middle,high,high
train,4527,cefr-readme,middle,middle,middle
train,4528,cefr-readme,middle,high,high
train,4529,cefr-readme,middle,middle,middle
train,4530,cefr-readme,middle,middle,middle
train,4531,cefr-readme,middle,middle,middle
train,4532,cefr-readme,middle,middle,middle
train,4533,cefr-readme,middle,middle,middle
train,4534,cefr-readme,middle,middle,middle
train,4535,cefr-readme,middle,middle,middle
train,4536,cefr-readme,middle,middle,middle
train,4537,cefr-readme,middle,middle,middle
train,4538,cefr-readme,middle,high,high
train,4539,cefr-readme,middle,middle,middle
train,4540,cefr-readme,middle,middle,middle
train,4541,cefr-readme,middle,middle,middle
train,4542,cefr-readme,middle,middle,middle
train,4543,cefr-readme,middle,middle,middle
train,4544,cefr-readme,middle,middle,middle
train,4545,cefr-readme,middle,middle,middle
train,4546,cefr-readme,middle,middle,middle
train,4547,cefr-readme,middle,middle,middle
train,4548,cefr-readme,middle,middle,middle
train,4549,cefr-readme,middle,middle,middle
train,4550,cefr-readme,middle,middle,middle
train,4551,cefr-readme,middle,high,high
train,4552,cefr-readme,middle,high,high
train,4553,cefr-readme,middle,high,high
train,4554,cefr-readme,middle,high,high
train,4555,cefr-readme,middle,middle,middle
train,4556,cefr-readme,middle,high,high
train,4557,cefr-readme,middle,middle,middle
train,4558,cefr-readme,middle,middle,middle
train,4559,cefr-readme,middle,middle,middle
train,4560,cefr-readme,middle,high,high
train,4561,cefr-readme,middle,high,high
train,4562,cefr-readme,middle,middle,middle
train,4563,cefr-readme,middle,middle,middle
train,4564,cefr-readme,middle,high,high
train,4565,cefr-readme,middle,high,high
train,4566,cefr-readme,middle,middle,middle
train,4567,cefr-readme,middle,high,high
train,4568,cefr-readme,middle,high,high
train,4569,cefr-readme,middle,middle,middle
train,4570,cefr-readme,middle,middle,middle
train,4571,cefr-readme,middle,middle,middle
train,4572,cefr-readme,middle,middle,middle
train,4573,cefr-readme,middle,middle,middle
train,4574,cefr-readme,middle,middle,middle
train,4575,cefr-readme,middle,middle,middle
train,4576,cefr-readme,middle,middle,middle
train,4577,cefr-readme,middle,middle,middle
train,4578,cefr-readme,middle,middle,middle
train,4579,cefr-readme,middle,middle,middle
train,4580,cefr-readme,middle,middle,middle
train,4581,cefr-readme,middle,high,high
train,4582,cefr-readme,middle,high,high
train,4583,cefr-readme,middle,middle,middle
train,4584,cefr-readme,middle,middle,middle
train,4585,cefr-readme,middle,middle,middle
train,4586,cefr-readme,middle,high,high
train,4587,cefr-readme,middle,high,high
train,4588,cefr-readme,middle,middle,middle
train,4589,cefr-readme,middle,middle,middle
train,4590,cefr-readme,middle,middle,middle
train,4591,cefr-readme,middle,middle,middle
train,4592,cefr-readme,middle,high,high
train,4593,cefr-readme,middle,middle,middle
train,4594,cefr-readme,middle,middle,middle
train,4595,cefr-readme,middle,middle,middle
train,4596,cefr-readme,middle,middle,middle
train,4597,cefr-readme,middle,middle,middle
train,4598,cefr-readme,middle,middle,middle
train,4599,cefr-readme,middle,high,high
train,4600,cefr-readme,middle,middle,middle
train,4601,cefr-readme,middle,high,high
train,4602,cefr-readme,middle,middle,middle
train,4603,cefr-readme,middle,middle,middle
train,4604,cefr-readme,middle,middle,middle
train,4605,cefr-readme,middle,high,high
train,4606,cefr-readme,middle,middle,middle
train,4607,cefr-readme,middle,middle,middle
train,4608,cefr-readme,middle,high,high
train,4609,cefr-readme,middle,middle,middle
train,4610,cefr-readme,middle,middle,middle
train,4611,cefr-readme,middle,high,high
train,4612,cefr-readme,middle,middle,middle
train,4613,cefr-readme,middle,middle,middle
train,4614,cefr-readme,middle,high,high
train,4615,cefr-readme,middle,middle,middle
train,4616,cefr-readme,middle,middle,middle
train,4617,cefr-readme,middle,middle,middle
train,4618,cefr-readme,middle,middle,middle
train,4619,cefr-readme,middle,high,high
train,4620,cefr-readme,middle,middle,middle
train,4621,cefr-readme,middle,high,high
train,4622,cefr-readme,middle,middle,middle
train,4623,cefr-readme,middle,middle,middle
train,4624,cefr-readme,middle,middle,middle
train,4625,cefr-readme,middle,high,high
train,4626,cefr-readme,middle,high,high
train,4627,cefr-readme,middle,middle,middle
train,4628,cefr-readme,middle,middle,middle
train,4629,cefr-readme,middle,high,high
train,4630,cefr-readme,middle,middle,middle
train,4631,cefr-readme,middle,middle,middle
train,4632,cefr-readme,middle,high,high
train,4633,cefr-readme,middle,high,high
train,4634,cefr-readme,middle,high,high
train,4635,cefr-readme,middle,middle,middle
train,4636,cefr-readme,middle,middle,middle
train,4637,cefr-readme,middle,middle,middle
train,4638,cefr-readme,middle,middle,middle
train,4639,cefr-readme,middle,middle,middle
train,4640,cefr-readme,middle,high,high
train,4641,cefr-readme,middle,middle,middle
train,4642,cefr-readme,middle,middle,middle
train,4643,cefr-readme,middle,high,high
train,4644,cefr-readme,middle,middle,middle
train,4645,cefr-readme,middle,middle,middle
train,4646,cefr-readme,middle,middle,middle
train,4647,cefr-readme,middle,middle,middle
train,4648,cefr-readme,middle,middle,middle
train,4649,cefr-readme,middle,middle,middle
train,4650,cefr-readme,middle,high,high
train,4651,cefr-readme,middle,middle,middle
train,4652,cefr-readme,middle,middle,middle
train,4653,cefr-readme,middle,high,high
train,4654,cefr-readme,middle,middle,middle
train,4655,cefr-readme,middle,middle,middle
train,4656,cefr-readme,middle,high,high
train,4657,cefr-readme,middle,high,high
train,4658,cefr-readme,middle,middle,middle
train,4659,cefr-readme,middle,high,high
train,4660,cefr-readme,middle,middle,middle
train,4661,cefr-readme,middle,middle,middle
train,4662,cefr-readme,middle,middle,middle
train,4663,cefr-readme,middle,middle,middle
train,4664,cefr-readme,middle,middle,middle
train,4665,cefr-readme,middle,middle,middle
train,4666,cefr-readme,middle,middle,middle
train,4667,cefr-readme,middle,middle,middle
train,4668,cefr-readme,middle,middle,middle
train,4669,cefr-readme,middle,high,high
train,4670,cefr-readme,middle,middle,middle
train,4671,cefr-readme,middle,middle,middle
train,4672,cefr-readme,middle,middle,middle
train,4673,cefr-readme,middle,middle,middle
train,4674,cefr-readme,middle,middle,middle
train,4675,cefr-readme,middle,high,high
train,4676,cefr-readme,middle,middle,middle
train,4677,cefr-readme,middle,middle,middle
train,4678,cefr-readme,middle,middle,middle
train,4679,cefr-readme,middle,middle,middle
train,4680,cefr-readme,middle,high,high
train,4681,cefr-readme,middle,middle,middle
train,4682,cefr-readme,middle,middle,middle
train,4683,cefr-readme,middle,middle,middle
train,4684,cefr-readme,middle,middle,middle
train,4685,cefr-readme,middle,middle,middle
train,4686,cefr-readme,middle,high,high
train,4687,cefr-readme,middle,middle,middle
train,4688,cefr-readme,middle,middle,middle
train,4689,cefr-readme,middle,high,high
train,4690,cefr-readme,middle,middle,middle
train,4691,cefr-readme,middle,high,high
train,4692,cefr-readme,middle,high,high
train,4693,cefr-readme,middle,middle,middle
train,4694,cefr-readme,middle,high,high
train,4695,cefr-readme,middle,middle,middle
train,4696,cefr-readme,middle,middle,middle
train,4697,cefr-readme,middle,middle,middle
train,4698,cefr-readme,middle,middle,middle
train,4699,cefr-readme,middle,middle,middle
train,4700,cefr-readme,middle,elementary,elementary
train,4701,cefr-readme,middle,middle,middle
train,4702,cefr-readme,middle,high,high
train,4703,cefr-readme,middle,middle,middle
train,4704,cefr-readme,middle,high,high
train,4705,cefr-readme,middle,high,high
train,4706,cefr-readme,middle,middle,middle
train,4707,cefr-readme,middle,middle,middle
train,4708,cefr-readme,middle,middle,middle
train,4709,cefr-readme,middle,high,high
train,4710,cefr-readme,middle,middle,middle
train,4711,cefr-readme,middle,middle,middle
train,4712,cefr-readme,middle,middle,middle
train,4713,cefr-readme,middle,middle,middle
train,4714,cefr-readme,middle,middle,middle
train,4715,cefr-readme,middle,high,high
train,4716,cefr-readme,middle,middle,middle
train,4717,cefr-readme,middle,middle,middle
train,4718,cefr-readme,middle,high,high
train,4719,cefr-readme,middle,middle,middle
train,4720,cefr-readme,middle,middle,middle
train,4721,cefr-readme,middle,middle,middle
train,4722,cefr-readme,middle,middle,middle
train,4723,cefr-readme,middle,middle,middle
train,4724,cefr-readme,middle,middle,middle
train,4725,cefr-readme,middle,high,high
train,4726,cefr-readme,middle,middle,middle
train,4727,cefr-readme,middle,middle,middle
train,4728,cefr-readme,middle,middle,middle
train,4729,cefr-readme,middle,high,high
train,4730,cefr-readme,middle,middle,middle
train,4731,cefr-readme,middle,middle,middle
train,4732,cefr-readme,middle,high,high
train,4733,cefr-readme,middle,high,high
train,4734,cefr-readme,middle,high,high
train,4735,cefr-readme,middle,high,high
train,4736,cefr-readme,middle,middle,middle
train,4737,cefr-readme,middle,middle,middle
train,4738,cefr-readme,middle,middle,middle
train,4739,cefr-readme,middle,middle,middle
train,4740,cefr-readme,middle,middle,middle
train,4741,cefr-readme,middle,middle,middle
train,4742,cefr-readme,middle,middle,middle
train,4743,cefr-readme,middle,middle,middle
train,4744,cefr-readme,middle,middle,middle
train,4745,cefr-readme,middle,high,high
train,4746,cefr-readme,middle,middle,middle
train,4747,cefr-readme,middle,middle,middle
train,4748,cefr-readme,middle,middle,middle
train,4749,cefr-readme,middle,middle,middle
train,4750,cefr-readme,middle,high,high
train,4751,cefr-readme,middle,high,high
train,4752,cefr-readme,middle,middle,middle
train,4753,cefr-readme,middle,middle,middle
train,4754,cefr-readme,middle,high,high
train,4755,cefr-readme,middle,middle,middle
train,4756,cefr-readme,middle,middle,middle
train,4757,cefr-readme,middle,high,high
train,4758,cefr-readme,middle,middle,middle
train,4759,cefr-readme,middle,elementary,elementary
train,4760,cefr-readme,middle,middle,middle
train,4761,cefr-readme,middle,high,high
train,4762,cefr-readme,middle,high,high
train,4763,cefr-readme,middle,high,high
train,4764,cefr-readme,middle,high,high
train,4765,cefr-readme,middle,high,high
train,4766,cefr-readme,middle,middle,middle
train,4767,cefr-readme,middle,high,high
train,4768,cefr-readme,middle,middle,middle
train,4769,cefr-readme,middle,middle,middle
train,4770,cefr-readme,middle,middle,middle
train,4771,cefr-readme,middle,high,high
train,4772,cefr-readme,middle,high,high
train,4773,cefr-readme,middle,high,high
train,4774,cefr-readme,middle,middle,middle
train,4775,cefr-readme,middle,middle,middle
train,4776,cefr-readme,middle,high,high
train,4777,cefr-readme,middle,middle,middle
train,4778,cefr-readme,middle,middle,middle
train,4779,cefr-readme,middle,high,high
train,4780,cefr-readme,middle,middle,middle
train,4781,cefr-readme,middle,middle,middle
train,4782,cefr-readme,middle,middle,middle
train,4783,cefr-readme,middle,middle,middle
train,4784,cefr-readme,middle,high,high
train,4785,cefr-readme,middle,high,high
train,4786,cefr-readme,middle,middle,middle
train,4787,cefr-readme,middle,middle,middle
train,4788,cefr-readme,middle,middle,middle
train,4789,cefr-readme,middle,high,high
train,4790,cefr-readme,middle,middle,middle
train,4791,cefr-readme,middle,high,high
train,4792,cefr-readme,middle,middle,middle
train,4793,cefr-readme,middle,high,high
train,4794,cefr-readme,middle,middle,middle
train,4795,cefr-readme,middle,middle,middle
train,4796,cefr-readme,middle,middle,middle
train,4797,cefr-readme,middle,high,high
train,4798,cefr-readme,middle,middle,middle
train,4799,cefr-readme,middle,middle,middle
train,4800,cefr-readme,middle,middle,middle
train,4801,cefr-readme,middle,middle,middle
train,4802,cefr-readme,middle,middle,middle
train,4803,cefr-readme,middle,high,high
train,4804,cefr-readme,middle,middle,middle
train,4805,cefr-readme,middle,middle,middle
train,4806,cefr-readme,middle,high,high
train,4807,cefr-readme,middle,middle,middle
train,4808,cefr-readme,middle,middle,middle
train,4809,cefr-readme,middle,middle,middle
train,4810,cefr-readme,middle,middle,middle
train,4811,cefr-readme,middle,middle,middle
train,4812,cefr-readme,middle,high,high
train,4813,cefr-sp,elementary,middle,middle
train,4814,cefr-sp,elementary,middle,middle
train,4815,cefr-sp,elementary,middle,middle
train,4816,cefr-sp,elementary,middle,middle
train,4817,cefr-sp,elementary,middle,middle
train,4818,cefr-sp,elementary,elementary,elementary
train,4819,cefr-sp,elementary,middle,middle
train,4820,cefr-sp,elementary,middle,middle
train,4821,cefr-sp,elementary,middle,middle
train,4822,cefr-sp,elementary,middle,middle
train,4823,cefr-sp,elementary,middle,middle
train,4824,cefr-sp,elementary,middle,middle
train,4825,cefr-sp,elementary,middle,middle
train,4826,cefr-sp,elementary,middle,middle
train,4827,cefr-sp,elementary,elementary,elementary
train,4828,cefr-sp,elementary,middle,middle
train,4829,cefr-sp,elementary,middle,middle
train,4830,cefr-sp,elementary,middle,middle
train,4831,cefr-sp,elementary,high,high
train,4832,cefr-sp,elementary,middle,middle
train,4833,cefr-sp,elementary,middle,middle
train,4834,cefr-sp,elementary,middle,middle
train,4835,cefr-sp,elementary,high,high
train,4836,cefr-sp,elementary,middle,middle
train,4837,cefr-sp,elementary,middle,middle
train,4838,cefr-sp,elementary,middle,middle
train,4839,cefr-sp,elementary,middle,middle
train,4840,cefr-sp,elementary,elementary,elementary
train,4841,cefr-sp,elementary,middle,middle
train,4842,cefr-sp,elementary,middle,middle
train,4843,cefr-sp,elementary,middle,middle
train,4844,cefr-sp,elementary,middle,middle
train,4845,cefr-sp,elementary,middle,middle
train,4846,cefr-sp,elementary,middle,middle
train,4847,cefr-sp,elementary,middle,middle
train,4848,cefr-sp,elementary,middle,middle
train,4849,cefr-sp,elementary,middle,middle
train,4850,cefr-sp,elementary,middle,middle
train,4851,cefr-sp,elementary,middle,middle
train,4852,cefr-sp,elementary,middle,middle
train,4853,cefr-sp,elementary,middle,middle
train,4854,cefr-sp,elementary,middle,middle
train,4855,cefr-sp,elementary,high,high
train,4856,cefr-sp,elementary,middle,middle
train,4857,cefr-sp,elementary,high,high
train,4858,cefr-sp,elementary,middle,middle
train,4859,cefr-sp,elementary,elementary,elementary
train,4860,cefr-sp,elementary,middle,middle
train,4861,cefr-sp,elementary,middle,middle
train,4862,cefr-sp,elementary,elementary,elementary
train,4863,cefr-sp,elementary,middle,middle
train,4864,cefr-sp,elementary,middle,middle
train,4865,cefr-sp,elementary,middle,middle
train,4866,cefr-sp,elementary,middle,middle
train,4867,cefr-sp,elementary,middle,middle
train,4868,cefr-sp,elementary,middle,middle
train,4869,cefr-sp,elementary,middle,middle
train,4870,cefr-sp,elementary,middle,middle
train,4871,cefr-sp,elementary,middle,middle
train,4872,cefr-sp,elementary,middle,middle
train,4873,cefr-sp,elementary,middle,middle
train,4874,cefr-sp,elementary,middle,middle
train,4875,cefr-sp,elementary,middle,middle
train,4876,cefr-sp,elementary,middle,middle
train,4877,cefr-sp,elementary,elementary,elementary
train,4878,cefr-sp,elementary,middle,middle
train,4879,cefr-sp,elementary,high,high
train,4880,cefr-sp,elementary,elementary,elementary
train,4881,cefr-sp,elementary,middle,middle
train,4882,cefr-sp,elementary,middle,middle
train,4883,cefr-sp,elementary,middle,middle
train,4884,cefr-sp,elementary,middle,middle
train,4885,cefr-sp,elementary,middle,middle
train,4886,cefr-sp,elementary,middle,middle
train,4887,cefr-sp,elementary,middle,middle
train,4888,cefr-sp,elementary,middle,middle
train,4889,cefr-sp,elementary,middle,middle
train,4890,cefr-sp,elementary,middle,middle
train,4891,cefr-sp,elementary,middle,middle
train,4892,cefr-sp,elementary,middle,middle
train,4893,cefr-sp,elementary,middle,middle
train,4894,cefr-sp,elementary,middle,middle
train,4895,cefr-sp,elementary,middle,middle
train,4896,cefr-sp,elementary,middle,middle
train,4897,cefr-sp,elementary,middle,middle
train,4898,cefr-sp,elementary,middle,middle
train,4899,cefr-sp,elementary,middle,middle
train,4900,cefr-sp,elementary,middle,middle
train,4901,cefr-sp,elementary,middle,middle
train,4902,cefr-sp,elementary,middle,middle
train,4903,cefr-sp,elementary,middle,middle
train,4904,cefr-sp,elementary,middle,middle
train,4905,cefr-sp,elementary,middle,middle
train,4906,cefr-sp,elementary,middle,middle
train,4907,cefr-sp,elementary,middle,middle
train,4908,cefr-sp,elementary,middle,middle
train,4909,cefr-sp,elementary,middle,middle
train,4910,cefr-sp,elementary,middle,middle
train,4911,cefr-sp,elementary,middle,middle
train,4912,cefr-sp,elementary,high,high
train,4913,cefr-sp,elementary,elementary,elementary
train,4914,cefr-sp,elementary,high,high
train,4915,cefr-sp,elementary,middle,middle
train,4916,cefr-sp,elementary,middle,middle
train,4917,cefr-sp,elementary,middle,middle
train,4918,cefr-sp,elementary,middle,middle
train,4919,cefr-sp,elementary,middle,middle
train,4920,cefr-sp,elementary,middle,middle
train,4921,cefr-sp,elementary,middle,middle
train,4922,cefr-sp,elementary,middle,middle
train,4923,cefr-sp,elementary,middle,middle
train,4924,cefr-sp,elementary,middle,middle
train,4925,cefr-sp,elementary,elementary,elementary
train,4926,cefr-sp,elementary,middle,middle
train,4927,cefr-sp,elementary,middle,middle
train,4928,cefr-sp,elementary,middle,middle
train,4929,cefr-sp,elementary,middle,middle
train,4930,cefr-sp,elementary,middle,middle
train,4931,cefr-sp,elementary,middle,middle
train,4932,cefr-sp,elementary,middle,middle
train,4933,cefr-sp,elementary,middle,middle
train,4934,cefr-sp,elementary,middle,middle
train,4935,cefr-sp,elementary,middle,middle
train,4936,cefr-sp,elementary,middle,middle
train,4937,cefr-sp,elementary,elementary,elementary
train,4938,cefr-sp,elementary,middle,middle
train,4939,cefr-sp,elementary,elementary,elementary
train,4940,cefr-sp,elementary,middle,middle
train,4941,cefr-sp,elementary,middle,middle
train,4942,cefr-sp,elementary,middle,middle
train,4943,cefr-sp,elementary,middle,middle
train,4944,cefr-sp,elementary,middle,middle
train,4945,cefr-sp,elementary,middle,middle
train,4946,cefr-sp,elementary,middle,middle
train,4947,cefr-sp,elementary,middle,middle
train,4948,cefr-sp,elementary,middle,middle
train,4949,cefr-sp,elementary,middle,middle
train,4950,cefr-sp,elementary,elementary,elementary
train,4951,cefr-sp,elementary,middle,middle
train,4952,cefr-sp,elementary,middle,middle
train,4953,cefr-sp,elementary,elementary,elementary
train,4954,cefr-sp,elementary,middle,middle
train,4955,cefr-sp,elementary,middle,middle
train,4956,cefr-sp,elementary,middle,middle
train,4957,cefr-sp,elementary,middle,middle
train,4958,cefr-sp,elementary,middle,middle
train,4959,cefr-sp,elementary,middle,middle
train,4960,cefr-sp,elementary,middle,middle
train,4961,cefr-sp,elementary,middle,middle
train,4962,cefr-sp,elementary,middle,middle
train,4963,cefr-sp,elementary,middle,middle
train,4964,cefr-sp,elementary,middle,middle
train,4965,cefr-sp,elementary,middle,middle
train,4966,cefr-sp,elementary,middle,middle
train,4967,cefr-sp,elementary,middle,middle
train,4968,cefr-sp,elementary,middle,middle
train,4969,cefr-sp,elementary,middle,middle
train,4970,cefr-sp,elementary,middle,middle
train,4971,cefr-sp,elementary,middle,middle
train,4972,cefr-sp,elementary,middle,middle
train,4973,cefr-sp,elementary,middle,middle
train,4974,cefr-sp,elementary,middle,middle
train,4975,cefr-sp,elementary,middle,middle
train,4976,cefr-sp,elementary,middle,middle
train,4977,cefr-sp,elementary,middle,middle
train,4978,cefr-sp,elementary,middle,middle
train,4979,cefr-sp,elementary,middle,middle
train,4980,cefr-sp,elementary,elementary,elementary
train,4981,cefr-sp,elementary,middle,middle
train,4982,cefr-sp,elementary,middle,middle
train,4983,cefr-sp,elementary,middle,middle
train,4984,cefr-sp,elementary,middle,middle
train,4985,cefr-sp,elementary,middle,middle
train,4986,cefr-sp,elementary,middle,middle
train,4987,cefr-sp,elementary,high,high
train,4988,cefr-sp,elementary,middle,middle
train,4989,cefr-sp,elementary,middle,middle
train,4990,cefr-sp,elementary,high,high
train,4991,cefr-sp,elementary,middle,middle
train,4992,cefr-sp,elementary,elementary,elementary
train,4993,cefr-sp,elementary,middle,middle
train,4994,cefr-sp,elementary,elementary,elementary
train,4995,cefr-sp,elementary,middle,middle
train,4996,cefr-sp,elementary,elementary,elementary
train,4997,cefr-sp,elementary,middle,middle
train,4998,cefr-sp,elementary,middle,middle
train,4999,cefr-sp,elementary,middle,middle
train,5000,cefr-sp,elementary,middle,middle
train,5001,cefr-sp,elementary,middle,middle
train,5002,cefr-sp,elementary,elementary,elementary
train,5003,cefr-sp,elementary,middle,middle
train,5004,cefr-sp,elementary,middle,middle
train,5005,cefr-sp,elementary,middle,middle
train,5006,cefr-sp,elementary,middle,middle
train,5007,cefr-sp,elementary,middle,middle
train,5008,cefr-sp,elementary,high,high
train,5009,cefr-sp,elementary,elementary,elementary
train,5010,cefr-sp,elementary,middle,middle
train,5011,cefr-sp,elementary,middle,middle
train,5012,cefr-sp,elementary,middle,middle
train,5013,cefr-sp,elementary,middle,middle
train,5014,cefr-sp,elementary,middle,middle
train,5015,cefr-sp,elementary,middle,middle
train,5016,cefr-sp,elementary,middle,middle
train,5017,cefr-sp,elementary,middle,middle
train,5018,cefr-sp,elementary,middle,middle
train,5019,cefr-sp,elementary,elementary,elementary
train,5020,cefr-sp,elementary,middle,middle
train,5021,cefr-sp,elementary,middle,middle
train,5022,cefr-sp,elementary,middle,middle
train,5023,cefr-sp,elementary,middle,middle
train,5024,cefr-sp,elementary,middle,middle
train,5025,cefr-sp,elementary,middle,middle
train,5026,cefr-sp,elementary,middle,middle
train,5027,cefr-sp,elementary,middle,middle
train,5028,cefr-sp,elementary,middle,middle
train,5029,cefr-sp,elementary,high,high
train,5030,cefr-sp,elementary,middle,middle
train,5031,cefr-sp,elementary,middle,middle
train,5032,cefr-sp,elementary,elementary,elementary
train,5033,cefr-sp,elementary,middle,middle
train,5034,cefr-sp,elementary,middle,middle
train,5035,cefr-sp,elementary,middle,middle
train,5036,cefr-sp,elementary,high,high
train,5037,cefr-sp,elementary,middle,middle
train,5038,cefr-sp,elementary,middle,middle
train,5039,cefr-sp,elementary,middle,middle
train,5040,cefr-sp,elementary,middle,middle
train,5041,cefr-sp,elementary,middle,middle
train,5042,cefr-sp,elementary,middle,middle
train,5043,cefr-sp,elementary,middle,middle
train,5044,cefr-sp,elementary,middle,middle
train,5045,cefr-sp,elementary,middle,middle
train,5046,cefr-sp,elementary,middle,middle
train,5047,cefr-sp,elementary,elementary,elementary
train,5048,cefr-sp,elementary,middle,middle
train,5049,cefr-sp,elementary,middle,middle
train,5050,cefr-sp,elementary,middle,middle
train,5051,cefr-sp,elementary,middle,middle
train,5052,cefr-sp,elementary,middle,middle
train,5053,cefr-sp,elementary,middle,middle
train,5054,cefr-sp,elementary,middle,middle
train,5055,cefr-sp,elementary,elementary,elementary
train,5056,cefr-sp,elementary,middle,middle
train,5057,cefr-sp,elementary,elementary,elementary
train,5058,cefr-sp,elementary,middle,middle
train,5059,cefr-sp,elementary,middle,middle
train,5060,cefr-sp,elementary,middle,middle
train,5061,cefr-sp,elementary,middle,middle
train,5062,cefr-sp,elementary,middle,middle
train,5063,cefr-sp,elementary,middle,middle
train,5064,cefr-sp,elementary,elementary,elementary
train,5065,cefr-sp,elementary,middle,middle
train,5066,cefr-sp,elementary,middle,middle
train,5067,cefr-sp,elementary,middle,middle
train,5068,cefr-sp,elementary,middle,middle
train,5069,cefr-sp,elementary,middle,middle
train,5070,cefr-sp,elementary,middle,middle
train,5071,cefr-sp,elementary,middle,middle
train,5072,cefr-sp,elementary,middle,middle
train,5073,cefr-sp,elementary,middle,middle
train,5074,cefr-sp,elementary,high,high
train,5075,cefr-sp,elementary,middle,middle
train,5076,cefr-sp,elementary,high,high
train,5077,cefr-sp,elementary,middle,middle
train,5078,cefr-sp,elementary,middle,middle
train,5079,cefr-sp,elementary,elementary,elementary
train,5080,cefr-sp,elementary,elementary,elementary
train,5081,cefr-sp,elementary,middle,middle
train,5082,cefr-sp,elementary,middle,middle
train,5083,cefr-sp,elementary,elementary,elementary
train,5084,cefr-sp,elementary,elementary,elementary
train,5085,cefr-sp,elementary,middle,middle
train,5086,cefr-sp,elementary,middle,middle
train,5087,cefr-sp,elementary,middle,middle
train,5088,cefr-sp,elementary,middle,middle
train,5089,cefr-sp,elementary,middle,middle
train,5090,cefr-sp,elementary,middle,middle
train,5091,cefr-sp,elementary,middle,middle
train,5092,cefr-sp,elementary,middle,middle
train,5093,cefr-sp,elementary,middle,middle
train,5094,cefr-sp,elementary,middle,middle
train,5095,cefr-sp,elementary,middle,middle
train,5096,cefr-sp,elementary,middle,middle
train,5097,cefr-sp,elementary,middle,middle
train,5098,cefr-sp,elementary,middle,middle
train,5099,cefr-sp,elementary,middle,middle
train,5100,cefr-sp,elementary,elementary,elementary
train,5101,cefr-sp,elementary,middle,middle
train,5102,cefr-sp,elementary,middle,middle
train,5103,cefr-sp,elementary,middle,middle
train,5104,cefr-sp,elementary,middle,middle
train,5105,cefr-sp,elementary,middle,middle
train,5106,cefr-sp,elementary,middle,middle
train,5107,cefr-sp,elementary,middle,middle
train,5108,cefr-sp,elementary,middle,middle
train,5109,cefr-sp,elementary,middle,middle
train,5110,cefr-sp,elementary,elementary,elementary
train,5111,cefr-sp,elementary,middle,middle
train,5112,cefr-sp,elementary,middle,middle
train,5113,cefr-sp,elementary,middle,middle
train,5114,cefr-sp,elementary,middle,middle
train,5115,cefr-sp,elementary,elementary,elementary
train,5116,cefr-sp,elementary,middle,middle
train,5117,cefr-sp,elementary,middle,middle
train,5118,cefr-sp,elementary,elementary,elementary
train,5119,cefr-sp,elementary,middle,middle
train,5120,cefr-sp,elementary,middle,middle
train,5121,cefr-sp,elementary,middle,middle
train,5122,cefr-sp,elementary,middle,middle
train,5123,cefr-sp,elementary,middle,middle
train,5124,cefr-sp,elementary,middle,middle
train,5125,cefr-sp,elementary,middle,middle
train,5126,cefr-sp,elementary,middle,middle
train,5127,cefr-sp,elementary,middle,middle
train,5128,cefr-sp,elementary,middle,middle
train,5129,cefr-sp,elementary,middle,middle
train,5130,cefr-sp,elementary,middle,middle
train,5131,cefr-sp,elementary,middle,middle
train,5132,cefr-sp,elementary,middle,middle
train,5133,cefr-sp,elementary,middle,middle
train,5134,cefr-sp,elementary,elementary,elementary
train,5135,cefr-sp,elementary,middle,middle
train,5136,cefr-sp,elementary,elementary,elementary
train,5137,cefr-sp,elementary,middle,middle
train,5138,cefr-sp,elementary,middle,middle
train,5139,cefr-sp,elementary,elementary,elementary
train,5140,cefr-sp,elementary,middle,middle
train,5141,cefr-sp,elementary,middle,middle
train,5142,cefr-sp,elementary,middle,middle
train,5143,cefr-sp,elementary,middle,middle
train,5144,cefr-sp,elementary,middle,middle
train,5145,cefr-sp,elementary,middle,middle
train,5146,cefr-sp,elementary,middle,middle
train,5147,cefr-sp,elementary,middle,middle
train,5148,cefr-sp,elementary,middle,middle
train,5149,cefr-sp,elementary,middle,middle
train,5150,cefr-sp,elementary,middle,middle
train,5151,cefr-sp,elementary,middle,middle
train,5152,cefr-sp,elementary,middle,middle
train,5153,cefr-sp,elementary,middle,middle
train,5154,cefr-sp,elementary,middle,middle
train,5155,cefr-sp,elementary,middle,middle
train,5156,cefr-sp,elementary,middle,middle
train,5157,cefr-sp,elementary,middle,middle
train,5158,cefr-sp,elementary,middle,middle
train,5159,cefr-sp,elementary,middle,middle
train,5160,cefr-sp,elementary,elementary,elementary
train,5161,cefr-sp,elementary,middle,middle
train,5162,cefr-sp,elementary,middle,middle
train,5163,cefr-sp,elementary,middle,middle
train,5164,cefr-sp,elementary,middle,middle
train,5165,cefr-sp,elementary,elementary,elementary
train,5166,cefr-sp,elementary,middle,middle
train,5167,cefr-sp,elementary,middle,middle
train,5168,cefr-sp,elementary,middle,middle
train,5169,cefr-sp,elementary,middle,middle
train,5170,cefr-sp,elementary,elementary,elementary
train,5171,cefr-sp,elementary,middle,middle
train,5172,cefr-sp,elementary,middle,middle
train,5173,cefr-sp,elementary,middle,middle
train,5174,cefr-sp,elementary,middle,middle
train,5175,cefr-sp,elementary,middle,middle
train,5176,cefr-sp,elementary,middle,middle
train,5177,cefr-sp,elementary,middle,middle
train,5178,cefr-sp,elementary,middle,middle
train,5179,cefr-sp,elementary,middle,middle
train,5180,cefr-sp,elementary,high,high
train,5181,cefr-sp,elementary,middle,middle
train,5182,cefr-sp,elementary,middle,middle
train,5183,cefr-sp,elementary,middle,middle
train,5184,cefr-sp,elementary,middle,middle
train,5185,cefr-sp,elementary,middle,middle
train,5186,cefr-sp,elementary,middle,middle
train,5187,cefr-sp,elementary,middle,middle
train,5188,cefr-sp,elementary,middle,middle
train,5189,cefr-sp,elementary,middle,middle
train,5190,cefr-sp,elementary,middle,middle
train,5191,cefr-sp,elementary,elementary,elementary
train,5192,cefr-sp,elementary,middle,middle
train,5193,cefr-sp,elementary,middle,middle
train,5194,cefr-sp,elementary,middle,middle
train,5195,cefr-sp,elementary,middle,middle
train,5196,cefr-sp,elementary,middle,middle
train,5197,cefr-sp,elementary,middle,middle
train,5198,cefr-sp,elementary,middle,middle
train,5199,cefr-sp,elementary,middle,middle
train,5200,cefr-sp,elementary,middle,middle
train,5201,cefr-sp,elementary,middle,middle
train,5202,cefr-sp,elementary,middle,middle
train,5203,cefr-sp,elementary,elementary,elementary
train,5204,cefr-sp,elementary,middle,middle
train,5205,cefr-sp,elementary,middle,middle
train,5206,cefr-sp,elementary,middle,middle
train,5207,cefr-sp,elementary,elementary,elementary
train,5208,cefr-sp,elementary,elementary,elementary
train,5209,cefr-sp,elementary,middle,middle
train,5210,cefr-sp,elementary,middle,middle
train,5211,cefr-sp,elementary,middle,middle
train,5212,cefr-sp,elementary,middle,middle
train,5213,cefr-sp,elementary,middle,middle
train,5214,cefr-sp,elementary,middle,middle
train,5215,cefr-sp,elementary,middle,middle
train,5216,cefr-sp,elementary,middle,middle
train,5217,cefr-sp,elementary,middle,middle
train,5218,cefr-sp,elementary,middle,middle
train,5219,cefr-sp,elementary,middle,middle
train,5220,cefr-sp,elementary,middle,middle
train,5221,cefr-sp,elementary,middle,middle
train,5222,cefr-sp,elementary,middle,middle
train,5223,cefr-sp,elementary,middle,middle
train,5224,cefr-sp,elementary,elementary,elementary
train,5225,cefr-sp,elementary,middle,middle
train,5226,cefr-sp,elementary,middle,middle
train,5227,cefr-sp,elementary,elementary,elementary
train,5228,cefr-sp,elementary,middle,middle
train,5229,cefr-sp,elementary,middle,middle
train,5230,cefr-sp,elementary,high,high
train,5231,cefr-sp,elementary,middle,middle
train,5232,cefr-sp,elementary,middle,middle
train,5233,cefr-sp,elementary,middle,middle
train,5234,cefr-sp,elementary,middle,middle
train,5235,cefr-sp,elementary,middle,middle
train,5236,cefr-sp,elementary,middle,middle
train,5237,cefr-sp,elementary,middle,middle
train,5238,cefr-sp,elementary,middle,middle
train,5239,cefr-sp,elementary,middle,middle
train,5240,cefr-sp,elementary,middle,middle
train,5241,cefr-sp,elementary,middle,middle
train,5242,cefr-sp,elementary,middle,middle
train,5243,cefr-sp,elementary,middle,middle
train,5244,cefr-sp,elementary,middle,middle
train,5245,cefr-sp,elementary,middle,middle
train,5246,cefr-sp,elementary,middle,middle
train,5247,cefr-sp,elementary,elementary,elementary
train,5248,cefr-sp,elementary,middle,middle
train,5249,cefr-sp,elementary,middle,middle
train,5250,cefr-sp,elementary,elementary,elementary
train,5251,cefr-sp,elementary,middle,middle
train,5252,cefr-sp,elementary,middle,middle
train,5253,cefr-sp,elementary,middle,middle
train,5254,cefr-sp,elementary,middle,middle
train,5255,cefr-sp,elementary,elementary,elementary
train,5256,cefr-sp,elementary,elementary,elementary
train,5257,cefr-sp,elementary,middle,middle
train,5258,cefr-sp,elementary,middle,middle
train,5259,cefr-sp,elementary,middle,middle
train,5260,cefr-sp,elementary,middle,middle
train,5261,cefr-sp,elementary,middle,middle
train,5262,cefr-sp,elementary,middle,middle
train,5263,cefr-sp,elementary,elementary,elementary
train,5264,cefr-sp,elementary,middle,middle
train,5265,cefr-sp,elementary,middle,middle
train,5266,cefr-sp,elementary,middle,middle
train,5267,cefr-sp,elementary,middle,middle
train,5268,cefr-sp,elementary,middle,middle
train,5269,cefr-sp,elementary,high,high
train,5270,cefr-sp,elementary,middle,middle
train,5271,cefr-sp,elementary,middle,middle
train,5272,cefr-sp,elementary,middle,middle
train,5273,cefr-sp,elementary,middle,middle
train,5274,cefr-sp,elementary,middle,middle
train,5275,cefr-sp,elementary,middle,middle
train,5276,cefr-sp,elementary,middle,middle
train,5277,cefr-sp,elementary,middle,middle
train,5278,cefr-sp,elementary,middle,middle
train,5279,cefr-sp,elementary,middle,middle
train,5280,cefr-sp,elementary,middle,middle
train,5281,cefr-sp,elementary,middle,middle
train,5282,cefr-sp,elementary,middle,middle
train,5283,cefr-sp,elementary,middle,middle
train,5284,cefr-sp,elementary,middle,middle
train,5285,cefr-sp,elementary,elementary,elementary
train,5286,cefr-sp,elementary,middle,middle
train,5287,cefr-sp,elementary,middle,middle
train,5288,cefr-sp,elementary,middle,middle
train,5289,cefr-sp,elementary,elementary,elementary
train,5290,cefr-sp,elementary,middle,middle
train,5291,cefr-sp,elementary,middle,middle
train,5292,cefr-sp,elementary,middle,middle
train,5293,cefr-sp,elementary,middle,middle
train,5294,cefr-sp,elementary,elementary,elementary
train,5295,cefr-sp,elementary,middle,middle
train,5296,cefr-sp,elementary,middle,middle
train,5297,cefr-sp,elementary,elementary,elementary
train,5298,cefr-sp,elementary,middle,middle
train,5299,cefr-sp,elementary,middle,middle
train,5300,cefr-sp,elementary,middle,middle
train,5301,cefr-sp,elementary,middle,middle
train,5302,cefr-sp,elementary,middle,middle
train,5303,cefr-sp,elementary,middle,middle
train,5304,cefr-sp,elementary,middle,middle
train,5305,cefr-sp,elementary,middle,middle
train,5306,cefr-sp,elementary,middle,middle
train,5307,cefr-sp,elementary,middle,middle
train,5308,cefr-sp,elementary,middle,middle
train,5309,cefr-sp,elementary,middle,middle
train,5310,cefr-sp,elementary,middle,middle
train,5311,cefr-sp,elementary,middle,middle
train,5312,cefr-sp,elementary,middle,middle
train,5313,cefr-sp,elementary,middle,middle
train,5314,cefr-sp,elementary,middle,middle
train,5315,cefr-sp,elementary,middle,middle
train,5316,cefr-sp,elementary,middle,middle
train,5317,cefr-sp,elementary,middle,middle
train,5318,cefr-sp,elementary,elementary,elementary
train,5319,cefr-sp,elementary,middle,middle
train,5320,cefr-sp,elementary,middle,middle
train,5321,cefr-sp,elementary,middle,middle
train,5322,cefr-sp,elementary,middle,middle
train,5323,cefr-sp,elementary,middle,middle
train,5324,cefr-sp,elementary,high,high
train,5325,cefr-sp,elementary,middle,middle
train,5326,cefr-sp,elementary,middle,middle
train,5327,cefr-sp,elementary,middle,middle
train,5328,cefr-sp,elementary,middle,middle
train,5329,cefr-sp,elementary,middle,middle
train,5330,cefr-sp,elementary,middle,middle
train,5331,cefr-sp,elementary,middle,middle
train,5332,cefr-sp,elementary,middle,middle
train,5333,cefr-sp,elementary,middle,middle
train,5334,cefr-sp,elementary,middle,middle
train,5335,cefr-sp,elementary,middle,middle
train,5336,cefr-sp,elementary,middle,middle
train,5337,cefr-sp,elementary,middle,middle
train,5338,cefr-sp,elementary,middle,middle
train,5339,cefr-sp,elementary,middle,middle
train,5340,cefr-sp,elementary,middle,middle
train,5341,cefr-sp,elementary,middle,middle
train,5342,cefr-sp,elementary,high,high
train,5343,cefr-sp,elementary,middle,middle
train,5344,cefr-sp,elementary,elementary,elementary
train,5345,cefr-sp,elementary,middle,middle
train,5346,cefr-sp,elementary,middle,middle
train,5347,cefr-sp,elementary,middle,middle
train,5348,cefr-sp,elementary,middle,middle
train,5349,cefr-sp,elementary,middle,middle
train,5350,cefr-sp,elementary,middle,middle
train,5351,cefr-sp,elementary,middle,middle
train,5352,cefr-sp,elementary,middle,middle
train,5353,cefr-sp,elementary,middle,middle
train,5354,cefr-sp,elementary,middle,middle
train,5355,cefr-sp,elementary,middle,middle
train,5356,cefr-sp,elementary,middle,middle
train,5357,cefr-sp,elementary,middle,middle
train,5358,cefr-sp,elementary,elementary,elementary
train,5359,cefr-sp,elementary,middle,middle
train,5360,cefr-sp,elementary,middle,middle
train,5361,cefr-sp,elementary,middle,middle
train,5362,cefr-sp,elementary,elementary,elementary
train,5363,cefr-sp,elementary,middle,middle
train,5364,cefr-sp,elementary,middle,middle
train,5365,cefr-sp,elementary,elementary,elementary
train,5366,cefr-sp,elementary,middle,middle
train,5367,cefr-sp,elementary,middle,middle
train,5368,cefr-sp,elementary,middle,middle
train,5369,cefr-sp,elementary,elementary,elementary
train,5370,cefr-sp,elementary,middle,middle
train,5371,cefr-sp,elementary,middle,middle
train,5372,cefr-sp,elementary,elementary,elementary
train,5373,cefr-sp,elementary,middle,middle
train,5374,cefr-sp,elementary,elementary,elementary
train,5375,cefr-sp,elementary,middle,middle
train,5376,cefr-sp,elementary,middle,middle
train,5377,cefr-sp,elementary,high,high
train,5378,cefr-sp,elementary,middle,middle
train,5379,cefr-sp,elementary,middle,middle
train,5380,cefr-sp,elementary,middle,middle
train,5381,cefr-sp,elementary,middle,middle
train,5382,cefr-sp,elementary,middle,middle
train,5383,cefr-sp,elementary,middle,middle
train,5384,cefr-sp,elementary,high,high
train,5385,cefr-sp,elementary,elementary,elementary
train,5386,cefr-sp,elementary,elementary,elementary
train,5387,cefr-sp,elementary,middle,middle
train,5388,cefr-sp,elementary,middle,middle
train,5389,cefr-sp,elementary,middle,middle
train,5390,cefr-sp,elementary,middle,middle
train,5391,cefr-sp,elementary,middle,middle
train,5392,cefr-sp,elementary,middle,middle
train,5393,cefr-sp,elementary,high,high
train,5394,cefr-sp,elementary,middle,middle
train,5395,cefr-sp,elementary,middle,middle
train,5396,cefr-sp,elementary,middle,middle
train,5397,cefr-sp,elementary,middle,middle
train,5398,cefr-sp,elementary,middle,middle
train,5399,cefr-sp,elementary,middle,middle
train,5400,cefr-sp,elementary,middle,middle
train,5401,cefr-sp,elementary,middle,middle
train,5402,cefr-sp,elementary,middle,middle
train,5403,cefr-sp,elementary,middle,middle
train,5404,cefr-sp,elementary,middle,middle
train,5405,cefr-sp,elementary,middle,middle
train,5406,cefr-sp,elementary,middle,middle
train,5407,cefr-sp,elementary,elementary,elementary
train,5408,cefr-sp,elementary,elementary,elementary
train,5409,cefr-sp,elementary,middle,middle
train,5410,cefr-sp,elementary,middle,middle
train,5411,cefr-sp,elementary,middle,middle
train,5412,cefr-sp,elementary,middle,middle
train,5413,cefr-sp,elementary,high,high
train,5414,cefr-sp,elementary,elementary,elementary
train,5415,cefr-sp,elementary,middle,middle
train,5416,cefr-sp,elementary,middle,middle
train,5417,cefr-sp,elementary,elementary,elementary
train,5418,cefr-sp,elementary,middle,middle
train,5419,cefr-sp,elementary,middle,middle
train,5420,cefr-sp,elementary,middle,middle
train,5421,cefr-sp,elementary,elementary,elementary
train,5422,cefr-sp,elementary,middle,middle
train,5423,cefr-sp,elementary,middle,middle
train,5424,cefr-sp,elementary,middle,middle
train,5425,cefr-sp,elementary,middle,middle
train,5426,cefr-sp,elementary,high,high
train,5427,cefr-sp,elementary,elementary,elementary
train,5428,cefr-sp,elementary,middle,middle
train,5429,cefr-sp,elementary,elementary,elementary
train,5430,cefr-sp,elementary,middle,middle
train,5431,cefr-sp,elementary,middle,middle
train,5432,cefr-sp,elementary,middle,middle
train,5433,cefr-sp,elementary,middle,middle
train,5434,cefr-sp,elementary,middle,middle
train,5435,cefr-sp,elementary,middle,middle
train,5436,cefr-sp,elementary,middle,middle
train,5437,cefr-sp,elementary,middle,middle
train,5438,cefr-sp,elementary,middle,middle
train,5439,cefr-sp,elementary,middle,middle
train,5440,cefr-sp,elementary,middle,middle
train,5441,cefr-sp,elementary,middle,middle
train,5442,cefr-sp,elementary,middle,middle
train,5443,cefr-sp,elementary,middle,middle
train,5444,cefr-sp,elementary,middle,middle
train,5445,cefr-sp,elementary,middle,middle
train,5446,cefr-sp,elementary,middle,middle
train,5447,cefr-sp,elementary,elementary,elementary
train,5448,cefr-sp,elementary,middle,middle
train,5449,cefr-sp,elementary,middle,middle
train,5450,cefr-sp,elementary,middle,middle
train,5451,cefr-sp,elementary,middle,middle
train,5452,cefr-sp,elementary,middle,middle
train,5453,cefr-sp,elementary,middle,middle
train,5454,cefr-sp,elementary,middle,middle
train,5455,cefr-sp,elementary,middle,middle
train,5456,cefr-sp,elementary,middle,middle
train,5457,cefr-sp,elementary,middle,middle
train,5458,cefr-sp,elementary,elementary,elementary
train,5459,cefr-sp,elementary,middle,middle
train,5460,cefr-sp,elementary,elementary,elementary
train,5461,cefr-sp,elementary,middle,middle
train,5462,cefr-sp,elementary,middle,middle
train,5463,cefr-sp,elementary,middle,middle
train,5464,cefr-sp,elementary,elementary,elementary
train,5465,cefr-sp,elementary,middle,middle
train,5466,cefr-sp,elementary,middle,middle
train,5467,cefr-sp,elementary,middle,middle
train,5468,cefr-sp,elementary,middle,middle
train,5469,cefr-sp,elementary,middle,middle
train,5470,cefr-sp,elementary,middle,middle
train,5471,cefr-sp,elementary,middle,middle
train,5472,cefr-sp,elementary,middle,middle
train,5473,cefr-sp,elementary,middle,middle
train,5474,cefr-sp,elementary,high,high
train,5475,cefr-sp,elementary,elementary,elementary
train,5476,cefr-sp,elementary,middle,middle
train,5477,cefr-sp,elementary,middle,middle
train,5478,cefr-sp,elementary,middle,middle
train,5479,cefr-sp,elementary,middle,middle
train,5480,cefr-sp,elementary,middle,middle
train,5481,cefr-sp,elementary,middle,middle
train,5482,cefr-sp,elementary,middle,middle
train,5483,cefr-sp,elementary,middle,middle
train,5484,cefr-sp,elementary,middle,middle
train,5485,cefr-sp,elementary,high,high
train,5486,cefr-sp,elementary,elementary,elementary
train,5487,cefr-sp,elementary,middle,middle
train,5488,cefr-sp,elementary,middle,middle
train,5489,cefr-sp,elementary,middle,middle
train,5490,cefr-sp,elementary,elementary,elementary
train,5491,cefr-sp,elementary,middle,middle
train,5492,cefr-sp,elementary,middle,middle
train,5493,cefr-sp,elementary,middle,middle
train,5494,cefr-sp,elementary,middle,middle
train,5495,cefr-sp,elementary,middle,middle
train,5496,cefr-sp,elementary,middle,middle
train,5497,cefr-sp,elementary,high,high
train,5498,cefr-sp,elementary,middle,middle
train,5499,cefr-sp,elementary,middle,middle
train,5500,cefr-sp,elementary,middle,middle
train,5501,cefr-sp,elementary,middle,middle
train,5502,cefr-sp,elementary,middle,middle
train,5503,cefr-sp,elementary,middle,middle
train,5504,cefr-sp,elementary,middle,middle
train,5505,cefr-sp,elementary,middle,middle
train,5506,cefr-sp,elementary,middle,middle
train,5507,cefr-sp,elementary,middle,middle
train,5508,cefr-sp,elementary,middle,middle
train,5509,cefr-sp,elementary,middle,middle
train,5510,cefr-sp,elementary,middle,middle
train,5511,cefr-sp,elementary,middle,middle
train,5512,cefr-sp,elementary,middle,middle
train,5513,cefr-sp,elementary,middle,middle
train,5514,cefr-sp,elementary,middle,middle
train,5515,cefr-sp,elementary,middle,middle
train,5516,cefr-sp,elementary,middle,middle
train,5517,cefr-sp,elementary,middle,middle
train,5518,cefr-sp,elementary,middle,middle
train,5519,cefr-sp,elementary,middle,middle
train,5520,cefr-sp,elementary,middle,middle
train,5521,cefr-sp,elementary,middle,middle
train,5522,cefr-sp,elementary,middle,middle
train,5523,cefr-sp,elementary,middle,middle
train,5524,cefr-sp,elementary,middle,middle
train,5525,cefr-sp,elementary,middle,middle
train,5526,cefr-sp,elementary,middle,middle
train,5527,cefr-sp,elementary,middle,middle
train,5528,cefr-sp,elementary,middle,middle
train,5529,cefr-sp,elementary,high,high
train,5530,cefr-sp,elementary,middle,middle
train,5531,cefr-sp,elementary,middle,middle
train,5532,cefr-sp,elementary,elementary,elementary
train,5533,cefr-sp,elementary,middle,middle
train,5534,cefr-sp,elementary,middle,middle
train,5535,cefr-sp,elementary,middle,middle
train,5536,cefr-sp,elementary,elementary,elementary
train,5537,cefr-sp,elementary,middle,middle
train,5538,cefr-sp,elementary,high,high
train,5539,cefr-sp,elementary,middle,middle
train,5540,cefr-sp,elementary,middle,middle
train,5541,cefr-sp,elementary,middle,middle
train,5542,cefr-sp,elementary,middle,middle
train,5543,cefr-sp,elementary,middle,middle
train,5544,cefr-sp,elementary,middle,middle
train,5545,cefr-sp,elementary,middle,middle
train,5546,cefr-sp,elementary,middle,middle
train,5547,cefr-sp,elementary,middle,middle
train,5548,cefr-sp,elementary,middle,middle
train,5549,cefr-sp,elementary,middle,middle
train,5550,cefr-sp,elementary,middle,middle
train,5551,cefr-sp,elementary,middle,middle
train,5552,cefr-sp,elementary,middle,middle
train,5553,cefr-sp,elementary,elementary,elementary
train,5554,cefr-sp,elementary,middle,middle
train,5555,cefr-sp,elementary,middle,middle
train,5556,cefr-sp,elementary,elementary,elementary
train,5557,cefr-sp,elementary,middle,middle
train,5558,cefr-sp,elementary,middle,middle
train,5559,cefr-sp,elementary,middle,middle
train,5560,cefr-sp,elementary,middle,middle
train,5561,cefr-sp,elementary,middle,middle
train,5562,cefr-sp,elementary,middle,middle
train,5563,cefr-sp,elementary,middle,middle
train,5564,cefr-sp,elementary,elementary,elementary
train,5565,cefr-sp,elementary,high,high
train,5566,cefr-sp,elementary,middle,middle
train,5567,cefr-sp,elementary,middle,middle
train,5568,cefr-sp,elementary,middle,middle
train,5569,cefr-sp,elementary,middle,middle
train,5570,cefr-sp,elementary,elementary,elementary
train,5571,cefr-sp,elementary,middle,middle
train,5572,cefr-sp,elementary,middle,middle
train,5573,cefr-sp,elementary,middle,middle
train,5574,cefr-sp,elementary,middle,middle
train,5575,cefr-sp,elementary,middle,middle
train,5576,cefr-sp,elementary,middle,middle
train,5577,cefr-sp,elementary,middle,middle
train,5578,cefr-sp,elementary,high,high
train,5579,cefr-sp,elementary,middle,middle
train,5580,cefr-sp,elementary,middle,middle
train,5581,cefr-sp,elementary,elementary,elementary
train,5582,cefr-sp,elementary,middle,middle
train,5583,cefr-sp,elementary,middle,middle
train,5584,cefr-sp,elementary,middle,middle
train,5585,cefr-sp,elementary,middle,middle
train,5586,cefr-sp,elementary,middle,middle
train,5587,cefr-sp,elementary,middle,middle
train,5588,cefr-sp,elementary,middle,middle
train,5589,cefr-sp,elementary,elementary,elementary
train,5590,cefr-sp,elementary,middle,middle
train,5591,cefr-sp,elementary,middle,middle
train,5592,cefr-sp,elementary,middle,middle
train,5593,cefr-sp,elementary,middle,middle
train,5594,cefr-sp,elementary,middle,middle
train,5595,cefr-sp,elementary,middle,middle
train,5596,cefr-sp,elementary,middle,middle
train,5597,cefr-sp,elementary,middle,middle
train,5598,cefr-sp,elementary,elementary,elementary
train,5599,cefr-sp,elementary,middle,middle
train,5600,cefr-sp,elementary,elementary,elementary
train,5601,cefr-sp,elementary,middle,middle
train,5602,cefr-sp,elementary,middle,middle
train,5603,cefr-sp,elementary,high,high
train,5604,cefr-sp,elementary,middle,middle
train,5605,cefr-sp,elementary,elementary,elementary
train,5606,cefr-sp,elementary,middle,middle
train,5607,cefr-sp,elementary,middle,middle
train,5608,cefr-sp,elementary,middle,middle
train,5609,cefr-sp,elementary,middle,middle
train,5610,cefr-sp,elementary,middle,middle
train,5611,cefr-sp,elementary,middle,middle
train,5612,cefr-sp,elementary,middle,middle
train,5613,cefr-sp,high,high,high
train,5614,cefr-sp,high,middle,middle
train,5615,cefr-sp,high,middle,middle
train,5616,cefr-sp,high,high,high
train,5617,cefr-sp,high,middle,middle
train,5618,cefr-sp,high,middle,middle
train,5619,cefr-sp,high,high,high
train,5620,cefr-sp,high,high,high
train,5621,cefr-sp,high,high,high
train,5622,cefr-sp,high,high,high
train,5623,cefr-sp,high,middle,middle
train,5624,cefr-sp,high,high,high
train,5625,cefr-sp,high,high,high
train,5626,cefr-sp,high,middle,middle
train,5627,cefr-sp,high,middle,middle
train,5628,cefr-sp,high,middle,middle
train,5629,cefr-sp,high,middle,middle
train,5630,cefr-sp,high,high,high
train,5631,cefr-sp,high,middle,middle
train,5632,cefr-sp,high,middle,middle
train,5633,cefr-sp,high,high,high
train,5634,cefr-sp,high,middle,middle
train,5635,cefr-sp,high,middle,middle
train,5636,cefr-sp,high,middle,middle
train,5637,cefr-sp,high,middle,middle
train,5638,cefr-sp,high,middle,middle
train,5639,cefr-sp,high,middle,middle
train,5640,cefr-sp,high,high,high
train,5641,cefr-sp,high,middle,middle
train,5642,cefr-sp,high,middle,middle
train,5643,cefr-sp,high,middle,middle
train,5644,cefr-sp,high,middle,middle
train,5645,cefr-sp,high,middle,middle
train,5646,cefr-sp,high,middle,middle
train,5647,cefr-sp,high,middle,middle
train,5648,cefr-sp,high,high,high
train,5649,cefr-sp,high,middle,middle
train,5650,cefr-sp,high,middle,middle
train,5651,cefr-sp,high,middle,middle
train,5652,cefr-sp,high,middle,middle
train,5653,cefr-sp,high,high,high
train,5654,cefr-sp,high,high,high
train,5655,cefr-sp,high,high,high
train,5656,cefr-sp,high,high,high
train,5657,cefr-sp,high,high,high
train,5658,cefr-sp,high,middle,middle
train,5659,cefr-sp,high,middle,middle
train,5660,cefr-sp,high,high,high
train,5661,cefr-sp,high,middle,middle
train,5662,cefr-sp,high,high,high
train,5663,cefr-sp,high,high,high
train,5664,cefr-sp,high,high,high
train,5665,cefr-sp,high,middle,middle
train,5666,cefr-sp,high,middle,middle
train,5667,cefr-sp,high,middle,middle
train,5668,cefr-sp,high,high,high
train,5669,cefr-sp,high,middle,middle
train,5670,cefr-sp,high,middle,middle
train,5671,cefr-sp,high,high,high
train,5672,cefr-sp,high,middle,middle
train,5673,cefr-sp,high,middle,middle
train,5674,cefr-sp,high,middle,middle
train,5675,cefr-sp,high,middle,middle
train,5676,cefr-sp,high,high,high
train,5677,cefr-sp,high,middle,middle
train,5678,cefr-sp,high,middle,middle
train,5679,cefr-sp,high,middle,middle
train,5680,cefr-sp,high,middle,middle
train,5681,cefr-sp,high,middle,middle
train,5682,cefr-sp,high,middle,middle
train,5683,cefr-sp,high,middle,middle
train,5684,cefr-sp,high,middle,middle
train,5685,cefr-sp,high,high,high
train,5686,cefr-sp,high,high,high
train,5687,cefr-sp,high,high,high
train,5688,cefr-sp,high,middle,middle
train,5689,cefr-sp,high,middle,middle
train,5690,cefr-sp,high,middle,middle
train,5691,cefr-sp,high,high,high
train,5692,cefr-sp,high,middle,middle
train,5693,cefr-sp,high,middle,middle
train,5694,cefr-sp,high,middle,middle
train,5695,cefr-sp,high,middle,middle
train,5696,cefr-sp,high,middle,middle
train,5697,cefr-sp,high,high,high
train,5698,cefr-sp,high,middle,middle
train,5699,cefr-sp,high,middle,middle
train,5700,cefr-sp,high,middle,middle
train,5701,cefr-sp,high,middle,middle
train,5702,cefr-sp,high,high,high
train,5703,cefr-sp,high,middle,middle
train,5704,cefr-sp,high,middle,middle
train,5705,cefr-sp,high,middle,middle
train,5706,cefr-sp,high,middle,middle
train,5707,cefr-sp,high,middle,middle
train,5708,cefr-sp,high,middle,middle
train,5709,cefr-sp,high,middle,middle
train,5710,cefr-sp,high,middle,middle
train,5711,cefr-sp,high,high,high
train,5712,cefr-sp,high,high,high
train,5713,cefr-sp,high,middle,middle
train,5714,cefr-sp,high,high,high
train,5715,cefr-sp,high,middle,middle
train,5716,cefr-sp,high,middle,middle
train,5717,cefr-sp,high,high,high
train,5718,cefr-sp,high,high,high
train,5719,cefr-sp,high,high,high
train,5720,cefr-sp,high,middle,middle
train,5721,cefr-sp,high,high,high
train,5722,cefr-sp,high,middle,middle
train,5723,cefr-sp,high,middle,middle
train,5724,cefr-sp,high,middle,middle
train,5725,cefr-sp,high,middle,middle
train,5726,cefr-sp,high,high,high
train,5727,cefr-sp,high,middle,middle
train,5728,cefr-sp,high,middle,middle
train,5729,cefr-sp,high,high,high
train,5730,cefr-sp,high,middle,middle
train,5731,cefr-sp,high,middle,middle
train,5732,cefr-sp,high,middle,middle
train,5733,cefr-sp,high,middle,middle
train,5734,cefr-sp,high,middle,middle
train,5735,cefr-sp,high,middle,middle
train,5736,cefr-sp,high,middle,middle
train,5737,cefr-sp,high,high,high
train,5738,cefr-sp,high,middle,middle
train,5739,cefr-sp,high,high,high
train,5740,cefr-sp,high,middle,middle
train,5741,cefr-sp,high,high,high
train,5742,cefr-sp,high,middle,middle
train,5743,cefr-sp,high,middle,middle
train,5744,cefr-sp,high,high,high
train,5745,cefr-sp,high,high,high
train,5746,cefr-sp,high,middle,middle
train,5747,cefr-sp,high,high,high
train,5748,cefr-sp,high,high,high
train,5749,cefr-sp,high,middle,middle
train,5750,cefr-sp,high,middle,middle
train,5751,cefr-sp,high,middle,middle
train,5752,cefr-sp,high,middle,middle
train,5753,cefr-sp,high,middle,middle
train,5754,cefr-sp,high,high,high
train,5755,cefr-sp,high,middle,middle
train,5756,cefr-sp,high,high,high
train,5757,cefr-sp,high,middle,middle
train,5758,cefr-sp,high,middle,middle
train,5759,cefr-sp,high,high,high
train,5760,cefr-sp,high,middle,middle
train,5761,cefr-sp,high,middle,middle
train,5762,cefr-sp,high,middle,middle
train,5763,cefr-sp,high,high,high
train,5764,cefr-sp,high,high,high
train,5765,cefr-sp,high,high,high
train,5766,cefr-sp,high,middle,middle
train,5767,cefr-sp,high,high,high
train,5768,cefr-sp,high,middle,middle
train,5769,cefr-sp,high,middle,middle
train,5770,cefr-sp,high,middle,middle
train,5771,cefr-sp,high,middle,middle
train,5772,cefr-sp,high,middle,middle
train,5773,cefr-sp,high,middle,middle
train,5774,cefr-sp,high,middle,middle
train,5775,cefr-sp,high,middle,middle
train,5776,cefr-sp,high,high,high
train,5777,cefr-sp,high,middle,middle
train,5778,cefr-sp,high,high,high
train,5779,cefr-sp,high,high,high
train,5780,cefr-sp,high,middle,middle
train,5781,cefr-sp,high,middle,middle
train,5782,cefr-sp,high,middle,middle
train,5783,cefr-sp,high,middle,middle
train,5784,cefr-sp,high,middle,middle
train,5785,cefr-sp,high,middle,middle
train,5786,cefr-sp,high,high,high
train,5787,cefr-sp,high,middle,middle
train,5788,cefr-sp,high,high,high
train,5789,cefr-sp,high,middle,middle
train,5790,cefr-sp,high,middle,middle
train,5791,cefr-sp,high,middle,middle
train,5792,cefr-sp,high,high,high
train,5793,cefr-sp,high,middle,middle
train,5794,cefr-sp,high,high,high
train,5795,cefr-sp,high,high,high
train,5796,cefr-sp,high,middle,middle
train,5797,cefr-sp,high,middle,middle
train,5798,cefr-sp,high,high,high
train,5799,cefr-sp,high,high,high
train,5800,cefr-sp,high,high,high
train,5801,cefr-sp,high,middle,middle
train,5802,cefr-sp,high,high,high
train,5803,cefr-sp,high,high,high
train,5804,cefr-sp,high,middle,middle
train,5805,cefr-sp,high,middle,middle
train,5806,cefr-sp,high,high,high
train,5807,cefr-sp,high,middle,middle
train,5808,cefr-sp,high,middle,middle
train,5809,cefr-sp,high,high,high
train,5810,cefr-sp,high,middle,middle
train,5811,cefr-sp,high,middle,middle
train,5812,cefr-sp,high,middle,middle
train,5813,cefr-sp,high,high,high
train,5814,cefr-sp,high,middle,middle
train,5815,cefr-sp,high,middle,middle
train,5816,cefr-sp,high,elementary,elementary
train,5817,cefr-sp,high,middle,middle
train,5818,cefr-sp,high,middle,middle
train,5819,cefr-sp,high,middle,middle
train,5820,cefr-sp,high,middle,middle
train,5821,cefr-sp,high,middle,middle
train,5822,cefr-sp,high,middle,middle
train,5823,cefr-sp,high,high,high
train,5824,cefr-sp,high,high,high
train,5825,cefr-sp,high,high,high
train,5826,cefr-sp,high,middle,middle
train,5827,cefr-sp,high,middle,middle
train,5828,cefr-sp,high,middle,middle
train,5829,cefr-sp,high,high,high
train,5830,cefr-sp,high,middle,middle
train,5831,cefr-sp,high,middle,middle
train,5832,cefr-sp,high,middle,middle
train,5833,cefr-sp,high,high,high
train,5834,cefr-sp,high,middle,middle
train,5835,cefr-sp,high,middle,middle
train,5836,cefr-sp,high,middle,middle
train,5837,cefr-sp,high,middle,middle
train,5838,cefr-sp,high,middle,middle
train,5839,cefr-sp,high,middle,middle
train,5840,cefr-sp,high,middle,middle
train,5841,cefr-sp,high,middle,middle
train,5842,cefr-sp,high,middle,middle
train,5843,cefr-sp,high,high,high
train,5844,cefr-sp,high,middle,middle
train,5845,cefr-sp,high,high,high
train,5846,cefr-sp,high,middle,middle
train,5847,cefr-sp,high,high,high
train,5848,cefr-sp,high,middle,middle
train,5849,cefr-sp,high,middle,middle
train,5850,cefr-sp,high,high,high
train,5851,cefr-sp,high,middle,middle
train,5852,cefr-sp,high,middle,middle
train,5853,cefr-sp,high,middle,middle
train,5854,cefr-sp,high,high,high
train,5855,cefr-sp,high,middle,middle
train,5856,cefr-sp,high,middle,middle
train,5857,cefr-sp,high,middle,middle
train,5858,cefr-sp,high,middle,middle
train,5859,cefr-sp,high,middle,middle
train,5860,cefr-sp,high,high,high
train,5861,cefr-sp,high,middle,middle
train,5862,cefr-sp,high,high,high
train,5863,cefr-sp,high,middle,middle
train,5864,cefr-sp,high,middle,middle
train,5865,cefr-sp,high,middle,middle
train,5866,cefr-sp,high,middle,middle
train,5867,cefr-sp,high,middle,middle
train,5868,cefr-sp,high,high,high
train,5869,cefr-sp,high,high,high
train,5870,cefr-sp,high,middle,middle
train,5871,cefr-sp,high,middle,middle
train,5872,cefr-sp,high,high,high
train,5873,cefr-sp,high,middle,middle
train,5874,cefr-sp,high,high,high
train,5875,cefr-sp,high,high,high
train,5876,cefr-sp,high,middle,middle
train,5877,cefr-sp,high,middle,middle
train,5878,cefr-sp,high,middle,middle
train,5879,cefr-sp,high,middle,middle
train,5880,cefr-sp,high,middle,middle
train,5881,cefr-sp,high,middle,middle
train,5882,cefr-sp,high,middle,middle
train,5883,cefr-sp,high,middle,middle
train,5884,cefr-sp,high,middle,middle
train,5885,cefr-sp,high,middle,middle
train,5886,cefr-sp,high,middle,middle
train,5887,cefr-sp,high,middle,middle
train,5888,cefr-sp,high,middle,middle
train,5889,cefr-sp,high,middle,middle
train,5890,cefr-sp,high,high,high
train,5891,cefr-sp,high,high,high
train,5892,cefr-sp,high,middle,middle
train,5893,cefr-sp,high,high,high
train,5894,cefr-sp,high,high,high
train,5895,cefr-sp,high,middle,middle
train,5896,cefr-sp,high,middle,middle
train,5897,cefr-sp,high,high,high
train,5898,cefr-sp,high,middle,middle
train,5899,cefr-sp,high,middle,middle
train,5900,cefr-sp,high,middle,middle
train,5901,cefr-sp,high,middle,middle
train,5902,cefr-sp,high,middle,middle
train,5903,cefr-sp,high,high,high
train,5904,cefr-sp,high,middle,middle
train,5905,cefr-sp,high,middle,middle
train,5906,cefr-sp,high,high,high
train,5907,cefr-sp,high,high,high
train,5908,cefr-sp,high,middle,middle
train,5909,cefr-sp,high,high,high
train,5910,cefr-sp,high,middle,middle
train,5911,cefr-sp,high,middle,middle
train,5912,cefr-sp,high,high,high
train,5913,cefr-sp,high,high,high
train,5914,cefr-sp,high,high,high
train,5915,cefr-sp,high,high,high
train,5916,cefr-sp,high,high,high
train,5917,cefr-sp,high,high,high
train,5918,cefr-sp,high,high,high
train,5919,cefr-sp,high,high,high
train,5920,cefr-sp,high,high,high
train,5921,cefr-sp,high,middle,middle
train,5922,cefr-sp,high,middle,middle
train,5923,cefr-sp,high,middle,middle
train,5924,cefr-sp,high,middle,middle
train,5925,cefr-sp,high,high,high
train,5926,cefr-sp,high,high,high
train,5927,cefr-sp,high,middle,middle
train,5928,cefr-sp,high,high,high
train,5929,cefr-sp,high,middle,middle
train,5930,cefr-sp,high,middle,middle
train,5931,cefr-sp,high,middle,middle
train,5932,cefr-sp,high,middle,middle
train,5933,cefr-sp,high,middle,middle
train,5934,cefr-sp,high,middle,middle
train,5935,cefr-sp,high,middle,middle
train,5936,cefr-sp,high,middle,middle
train,5937,cefr-sp,high,middle,middle
train,5938,cefr-sp,high,middle,middle
train,5939,cefr-sp,high,middle,middle
train,5940,cefr-sp,high,middle,middle
train,5941,cefr-sp,high,middle,middle
train,5942,cefr-sp,high,middle,middle
train,5943,cefr-sp,high,middle,middle
train,5944,cefr-sp,high,middle,middle
train,5945,cefr-sp,high,middle,middle
train,5946,cefr-sp,high,middle,middle
train,5947,cefr-sp,high,middle,middle
train,5948,cefr-sp,high,middle,middle
train,5949,cefr-sp,high,middle,middle
train,5950,cefr-sp,high,middle,middle
train,5951,cefr-sp,high,middle,middle
train,5952,cefr-sp,high,middle,middle
train,5953,cefr-sp,high,high,high
train,5954,cefr-sp,high,middle,middle
train,5955,cefr-sp,high,middle,middle
train,5956,cefr-sp,high,middle,middle
train,5957,cefr-sp,high,middle,middle
train,5958,cefr-sp,high,middle,middle
train,5959,cefr-sp,high,middle,middle
train,5960,cefr-sp,high,middle,middle
train,5961,cefr-sp,high,high,high
train,5962,cefr-sp,high,middle,middle
train,5963,cefr-sp,high,middle,middle
train,5964,cefr-sp,high,middle,middle
train,5965,cefr-sp,high,middle,middle
train,5966,cefr-sp,high,middle,middle
train,5967,cefr-sp,high,middle,middle
train,5968,cefr-sp,high,middle,middle
train,5969,cefr-sp,high,high,high
train,5970,cefr-sp,high,middle,middle
train,5971,cefr-sp,high,middle,middle
train,5972,cefr-sp,high,middle,middle
train,5973,cefr-sp,high,middle,middle
train,5974,cefr-sp,high,high,high
train,5975,cefr-sp,high,middle,middle
train,5976,cefr-sp,high,middle,middle
train,5977,cefr-sp,high,middle,middle
train,5978,cefr-sp,high,high,high
train,5979,cefr-sp,high,high,high
train,5980,cefr-sp,high,high,high
train,5981,cefr-sp,high,high,high
train,5982,cefr-sp,high,middle,middle
train,5983,cefr-sp,high,middle,middle
train,5984,cefr-sp,high,high,high
train,5985,cefr-sp,high,middle,middle
train,5986,cefr-sp,high,middle,middle
train,5987,cefr-sp,high,middle,middle
train,5988,cefr-sp,high,high,high
train,5989,cefr-sp,high,middle,middle
train,5990,cefr-sp,high,middle,middle
train,5991,cefr-sp,high,middle,middle
train,5992,cefr-sp,high,middle,middle
train,5993,cefr-sp,high,middle,middle
train,5994,cefr-sp,high,middle,middle
train,5995,cefr-sp,high,high,high
train,5996,cefr-sp,high,middle,middle
train,5997,cefr-sp,high,middle,middle
train,5998,cefr-sp,high,high,high
train,5999,cefr-sp,high,middle,middle
train,6000,cefr-sp,high,middle,middle
train,6001,cefr-sp,high,middle,middle
train,6002,cefr-sp,high,middle,middle
train,6003,cefr-sp,high,middle,middle
train,6004,cefr-sp,high,middle,middle
train,6005,cefr-sp,high,high,high
train,6006,cefr-sp,high,middle,middle
train,6007,cefr-sp,high,high,high
train,6008,cefr-sp,high,high,high
train,6009,cefr-sp,high,high,high
train,6010,cefr-sp,high,middle,middle
train,6011,cefr-sp,high,middle,middle
train,6012,cefr-sp,high,high,high
train,6013,cefr-sp,high,middle,middle
train,6014,cefr-sp,high,middle,middle
train,6015,cefr-sp,high,middle,middle
train,6016,cefr-sp,high,high,high
train,6017,cefr-sp,high,middle,middle
train,6018,cefr-sp,high,middle,middle
train,6019,cefr-sp,high,middle,middle
train,6020,cefr-sp,high,middle,middle
train,6021,cefr-sp,high,middle,middle
train,6022,cefr-sp,high,middle,middle
train,6023,cefr-sp,high,middle,middle
train,6024,cefr-sp,high,middle,middle
train,6025,cefr-sp,high,high,high
train,6026,cefr-sp,high,high,high
train,6027,cefr-sp,high,middle,middle
train,6028,cefr-sp,high,high,high
train,6029,cefr-sp,high,high,high
train,6030,cefr-sp,high,high,high
train,6031,cefr-sp,high,middle,middle
train,6032,cefr-sp,high,middle,middle
train,6033,cefr-sp,high,middle,middle
train,6034,cefr-sp,high,middle,middle
train,6035,cefr-sp,high,middle,middle
train,6036,cefr-sp,high,middle,middle
train,6037,cefr-sp,high,middle,middle
train,6038,cefr-sp,high,high,high
train,6039,cefr-sp,high,high,high
train,6040,cefr-sp,high,high,high
train,6041,cefr-sp,high,high,high
train,6042,cefr-sp,high,middle,middle
train,6043,cefr-sp,high,high,high
train,6044,cefr-sp,high,middle,middle
train,6045,cefr-sp,high,high,high
train,6046,cefr-sp,high,middle,middle
train,6047,cefr-sp,high,middle,middle
train,6048,cefr-sp,high,middle,middle
train,6049,cefr-sp,high,high,high
train,6050,cefr-sp,high,middle,middle
train,6051,cefr-sp,high,middle,middle
train,6052,cefr-sp,high,middle,middle
train,6053,cefr-sp,high,middle,middle
train,6054,cefr-sp,high,middle,middle
train,6055,cefr-sp,high,middle,middle
train,6056,cefr-sp,high,high,high
train,6057,cefr-sp,high,middle,middle
train,6058,cefr-sp,high,high,high
train,6059,cefr-sp,high,middle,middle
train,6060,cefr-sp,high,middle,middle
train,6061,cefr-sp,high,high,high
train,6062,cefr-sp,high,high,high
train,6063,cefr-sp,high,middle,middle
train,6064,cefr-sp,high,high,high
train,6065,cefr-sp,high,high,high
train,6066,cefr-sp,high,high,high
train,6067,cefr-sp,high,middle,middle
train,6068,cefr-sp,high,high,high
train,6069,cefr-sp,high,middle,middle
train,6070,cefr-sp,high,middle,middle
train,6071,cefr-sp,high,middle,middle
train,6072,cefr-sp,high,middle,middle
train,6073,cefr-sp,high,middle,middle
train,6074,cefr-sp,high,middle,middle
train,6075,cefr-sp,high,middle,middle
train,6076,cefr-sp,high,middle,middle
train,6077,cefr-sp,high,middle,middle
train,6078,cefr-sp,high,middle,middle
train,6079,cefr-sp,high,middle,middle
train,6080,cefr-sp,high,middle,middle
train,6081,cefr-sp,high,middle,middle
train,6082,cefr-sp,high,middle,middle
train,6083,cefr-sp,high,high,high
train,6084,cefr-sp,high,middle,middle
train,6085,cefr-sp,high,high,high
train,6086,cefr-sp,high,middle,middle
train,6087,cefr-sp,high,middle,middle
train,6088,cefr-sp,high,high,high
train,6089,cefr-sp,high,middle,middle
train,6090,cefr-sp,high,high,high
train,6091,cefr-sp,high,middle,middle
train,6092,cefr-sp,high,middle,middle
train,6093,cefr-sp,high,middle,middle
train,6094,cefr-sp,high,high,high
train,6095,cefr-sp,high,middle,middle
train,6096,cefr-sp,high,middle,middle
train,6097,cefr-sp,high,middle,middle
train,6098,cefr-sp,high,middle,middle
train,6099,cefr-sp,high,high,high
train,6100,cefr-sp,high,middle,middle
train,6101,cefr-sp,high,middle,middle
train,6102,cefr-sp,high,middle,middle
train,6103,cefr-sp,high,middle,middle
train,6104,cefr-sp,high,middle,middle
train,6105,cefr-sp,high,middle,middle
train,6106,cefr-sp,high,middle,middle
train,6107,cefr-sp,high,middle,middle
train,6108,cefr-sp,high,high,high
train,6109,cefr-sp,high,middle,middle
train,6110,cefr-sp,high,middle,middle
train,6111,cefr-sp,high,middle,middle
train,6112,cefr-sp,high,middle,middle
train,6113,cefr-sp,high,middle,middle
train,6114,cefr-sp,high,high,high
train,6115,cefr-sp,high,middle,middle
train,6116,cefr-sp,high,middle,middle
train,6117,cefr-sp,high,high,high
train,6118,cefr-sp,high,middle,middle
train,6119,cefr-sp,high,middle,middle
train,6120,cefr-sp,high,middle,middle
train,6121,cefr-sp,high,middle,middle
train,6122,cefr-sp,high,middle,middle
train,6123,cefr-sp,high,middle,middle
train,6124,cefr-sp,high,middle,middle
train,6125,cefr-sp,high,middle,middle
train,6126,cefr-sp,high,middle,middle
train,6127,cefr-sp,high,high,high
train,6128,cefr-sp,high,middle,middle
train,6129,cefr-sp,high,middle,middle
train,6130,cefr-sp,high,middle,middle
train,6131,cefr-sp,high,high,high
train,6132,cefr-sp,high,high,high
train,6133,cefr-sp,high,middle,middle
train,6134,cefr-sp,high,middle,middle
train,6135,cefr-sp,high,middle,middle
train,6136,cefr-sp,high,middle,middle
train,6137,cefr-sp,high,middle,middle
train,6138,cefr-sp,high,middle,middle
train,6139,cefr-sp,high,middle,middle
train,6140,cefr-sp,high,middle,middle
train,6141,cefr-sp,high,middle,middle
train,6142,cefr-sp,high,middle,middle
train,6143,cefr-sp,high,high,high
train,6144,cefr-sp,high,high,high
train,6145,cefr-sp,high,high,high
train,6146,cefr-sp,high,middle,middle
train,6147,cefr-sp,high,middle,middle
train,6148,cefr-sp,high,middle,middle
train,6149,cefr-sp,high,middle,middle
train,6150,cefr-sp,high,high,high
train,6151,cefr-sp,high,middle,middle
train,6152,cefr-sp,high,middle,middle
train,6153,cefr-sp,high,high,high
train,6154,cefr-sp,high,middle,middle
train,6155,cefr-sp,high,high,high
train,6156,cefr-sp,high,middle,middle
train,6157,cefr-sp,high,middle,middle
train,6158,cefr-sp,high,middle,middle
train,6159,cefr-sp,high,middle,middle
train,6160,cefr-sp,high,high,high
train,6161,cefr-sp,high,middle,middle
train,6162,cefr-sp,high,middle,middle
train,6163,cefr-sp,high,middle,middle
train,6164,cefr-sp,high,middle,middle
train,6165,cefr-sp,high,middle,middle
train,6166,cefr-sp,high,high,high
train,6167,cefr-sp,high,middle,middle
train,6168,cefr-sp,high,middle,middle
train,6169,cefr-sp,high,middle,middle
train,6170,cefr-sp,high,high,high
train,6171,cefr-sp,high,middle,middle
train,6172,cefr-sp,high,high,high
train,6173,cefr-sp,high,middle,middle
train,6174,cefr-sp,high,middle,middle
train,6175,cefr-sp,high,high,high
train,6176,cefr-sp,high,middle,middle
train,6177,cefr-sp,high,middle,middle
train,6178,cefr-sp,high,middle,middle
train,6179,cefr-sp,high,middle,middle
train,6180,cefr-sp,high,high,high
train,6181,cefr-sp,high,middle,middle
train,6182,cefr-sp,high,high,high
train,6183,cefr-sp,high,high,high
train,6184,cefr-sp,high,middle,middle
train,6185,cefr-sp,high,high,high
train,6186,cefr-sp,high,high,high
train,6187,cefr-sp,high,high,high
train,6188,cefr-sp,high,middle,middle
train,6189,cefr-sp,high,high,high
train,6190,cefr-sp,high,high,high
train,6191,cefr-sp,high,high,high
train,6192,cefr-sp,high,middle,middle
train,6193,cefr-sp,high,middle,middle
train,6194,cefr-sp,high,middle,middle
train,6195,cefr-sp,high,high,high
train,6196,cefr-sp,high,middle,middle
train,6197,cefr-sp,high,middle,middle
train,6198,cefr-sp,high,high,high
train,6199,cefr-sp,high,middle,middle
train,6200,cefr-sp,high,middle,middle
train,6201,cefr-sp,high,middle,middle
train,6202,cefr-sp,high,high,high
train,6203,cefr-sp,high,middle,middle
train,6204,cefr-sp,high,middle,middle
train,6205,cefr-sp,high,high,high
train,6206,cefr-sp,high,middle,middle
train,6207,cefr-sp,high,middle,middle
train,6208,cefr-sp,high,middle,middle
train,6209,cefr-sp,high,middle,middle
train,6210,cefr-sp,high,high,high
train,6211,cefr-sp,high,middle,middle
train,6212,cefr-sp,high,high,high
train,6213,cefr-sp,high,middle,middle
train,6214,cefr-sp,high,middle,middle
train,6215,cefr-sp,high,middle,middle
train,6216,cefr-sp,high,middle,middle
train,6217,cefr-sp,high,middle,middle
train,6218,cefr-sp,high,high,high
train,6219,cefr-sp,high,middle,middle
train,6220,cefr-sp,high,high,high
train,6221,cefr-sp,high,high,high
train,6222,cefr-sp,high,high,high
train,6223,cefr-sp,high,middle,middle
train,6224,cefr-sp,high,high,high
train,6225,cefr-sp,high,middle,middle
train,6226,cefr-sp,high,high,high
train,6227,cefr-sp,high,middle,middle
train,6228,cefr-sp,high,middle,middle
train,6229,cefr-sp,high,middle,middle
train,6230,cefr-sp,high,middle,middle
train,6231,cefr-sp,high,middle,middle
train,6232,cefr-sp,high,middle,middle
train,6233,cefr-sp,high,middle,middle
train,6234,cefr-sp,high,middle,middle
train,6235,cefr-sp,high,high,high
train,6236,cefr-sp,high,middle,middle
train,6237,cefr-sp,high,middle,middle
train,6238,cefr-sp,high,middle,middle
train,6239,cefr-sp,high,high,high
train,6240,cefr-sp,high,middle,middle
train,6241,cefr-sp,high,middle,middle
train,6242,cefr-sp,high,high,high
train,6243,cefr-sp,high,high,high
train,6244,cefr-sp,high,middle,middle
train,6245,cefr-sp,high,middle,middle
train,6246,cefr-sp,high,high,high
train,6247,cefr-sp,high,high,high
train,6248,cefr-sp,high,high,high
train,6249,cefr-sp,high,high,high
train,6250,cefr-sp,high,middle,middle
train,6251,cefr-sp,high,middle,middle
train,6252,cefr-sp,high,middle,middle
train,6253,cefr-sp,high,high,high
train,6254,cefr-sp,high,middle,middle
train,6255,cefr-sp,high,middle,middle
train,6256,cefr-sp,high,middle,middle
train,6257,cefr-sp,high,middle,middle
train,6258,cefr-sp,high,middle,middle
train,6259,cefr-sp,high,middle,middle
train,6260,cefr-sp,high,middle,middle
train,6261,cefr-sp,high,middle,middle
train,6262,cefr-sp,high,high,high
train,6263,cefr-sp,high,high,high
train,6264,cefr-sp,high,middle,middle
train,6265,cefr-sp,high,high,high
train,6266,cefr-sp,high,high,high
train,6267,cefr-sp,high,middle,middle
train,6268,cefr-sp,high,middle,middle
train,6269,cefr-sp,high,high,high
train,6270,cefr-sp,high,middle,middle
train,6271,cefr-sp,high,middle,middle
train,6272,cefr-sp,high,middle,middle
train,6273,cefr-sp,high,middle,middle
train,6274,cefr-sp,high,middle,middle
train,6275,cefr-sp,high,middle,middle
train,6276,cefr-sp,high,middle,middle
train,6277,cefr-sp,high,high,high
train,6278,cefr-sp,high,middle,middle
train,6279,cefr-sp,high,high,high
train,6280,cefr-sp,high,middle,middle
train,6281,cefr-sp,high,middle,middle
train,6282,cefr-sp,high,middle,middle
train,6283,cefr-sp,high,middle,middle
train,6284,cefr-sp,high,middle,middle
train,6285,cefr-sp,high,high,high
train,6286,cefr-sp,high,high,high
train,6287,cefr-sp,high,high,high
train,6288,cefr-sp,high,middle,middle
train,6289,cefr-sp,high,high,high
train,6290,cefr-sp,high,middle,middle
train,6291,cefr-sp,high,high,high
train,6292,cefr-sp,high,elementary,elementary
train,6293,cefr-sp,high,middle,middle
train,6294,cefr-sp,high,high,high
train,6295,cefr-sp,high,high,high
train,6296,cefr-sp,high,middle,middle
train,6297,cefr-sp,high,middle,middle
train,6298,cefr-sp,high,high,high
train,6299,cefr-sp,high,high,high
train,6300,cefr-sp,high,middle,middle
train,6301,cefr-sp,high,middle,middle
train,6302,cefr-sp,high,high,high
train,6303,cefr-sp,high,high,high
train,6304,cefr-sp,high,middle,middle
train,6305,cefr-sp,high,middle,middle
train,6306,cefr-sp,high,middle,middle
train,6307,cefr-sp,high,middle,middle
train,6308,cefr-sp,high,middle,middle
train,6309,cefr-sp,high,middle,middle
train,6310,cefr-sp,high,high,high
train,6311,cefr-sp,high,middle,middle
train,6312,cefr-sp,high,middle,middle
train,6313,cefr-sp,high,middle,middle
train,6314,cefr-sp,high,middle,middle
train,6315,cefr-sp,high,high,high
train,6316,cefr-sp,high,middle,middle
train,6317,cefr-sp,high,high,high
train,6318,cefr-sp,high,middle,middle
train,6319,cefr-sp,high,middle,middle
train,6320,cefr-sp,high,middle,middle
train,6321,cefr-sp,high,middle,middle
train,6322,cefr-sp,high,high,high
train,6323,cefr-sp,high,middle,middle
train,6324,cefr-sp,high,middle,middle
train,6325,cefr-sp,high,middle,middle
train,6326,cefr-sp,high,middle,middle
train,6327,cefr-sp,high,high,high
train,6328,cefr-sp,high,middle,middle
train,6329,cefr-sp,high,high,high
train,6330,cefr-sp,high,high,high
train,6331,cefr-sp,high,middle,middle
train,6332,cefr-sp,high,middle,middle
train,6333,cefr-sp,high,high,high
train,6334,cefr-sp,high,middle,middle
train,6335,cefr-sp,high,high,high
train,6336,cefr-sp,high,middle,middle
train,6337,cefr-sp,high,middle,middle
train,6338,cefr-sp,high,middle,middle
train,6339,cefr-sp,high,high,high
train,6340,cefr-sp,high,high,high
train,6341,cefr-sp,high,middle,middle
train,6342,cefr-sp,high,middle,middle
train,6343,cefr-sp,high,middle,middle
train,6344,cefr-sp,high,high,high
train,6345,cefr-sp,high,middle,middle
train,6346,cefr-sp,high,middle,middle
train,6347,cefr-sp,high,middle,middle
train,6348,cefr-sp,high,middle,middle
train,6349,cefr-sp,high,middle,middle
train,6350,cefr-sp,high,middle,middle
train,6351,cefr-sp,high,middle,middle
train,6352,cefr-sp,high,high,high
train,6353,cefr-sp,high,middle,middle
train,6354,cefr-sp,high,middle,middle
train,6355,cefr-sp,high,middle,middle
train,6356,cefr-sp,high,high,high
train,6357,cefr-sp,high,middle,middle
train,6358,cefr-sp,high,middle,middle
train,6359,cefr-sp,high,middle,middle
train,6360,cefr-sp,high,middle,middle
train,6361,cefr-sp,high,middle,middle
train,6362,cefr-sp,high,middle,middle
train,6363,cefr-sp,high,high,high
train,6364,cefr-sp,high,middle,middle
train,6365,cefr-sp,high,high,high
train,6366,cefr-sp,high,middle,middle
train,6367,cefr-sp,high,middle,middle
train,6368,cefr-sp,high,middle,middle
train,6369,cefr-sp,high,middle,middle
train,6370,cefr-sp,high,middle,middle
train,6371,cefr-sp,high,middle,middle
train,6372,cefr-sp,high,high,high
train,6373,cefr-sp,high,high,high
train,6374,cefr-sp,high,middle,middle
train,6375,cefr-sp,high,high,high
train,6376,cefr-sp,high,high,high
train,6377,cefr-sp,high,high,high
train,6378,cefr-sp,high,middle,middle
train,6379,cefr-sp,high,high,high
train,6380,cefr-sp,high,high,high
train,6381,cefr-sp,high,high,high
train,6382,cefr-sp,high,middle,middle
train,6383,cefr-sp,high,middle,middle
train,6384,cefr-sp,high,middle,middle
train,6385,cefr-sp,high,middle,middle
train,6386,cefr-sp,high,middle,middle
train,6387,cefr-sp,high,high,high
train,6388,cefr-sp,high,middle,middle
train,6389,cefr-sp,high,middle,middle
train,6390,cefr-sp,high,middle,middle
train,6391,cefr-sp,high,middle,middle
train,6392,cefr-sp,high,middle,middle
train,6393,cefr-sp,high,middle,middle
train,6394,cefr-sp,high,middle,middle
train,6395,cefr-sp,high,middle,middle
train,6396,cefr-sp,high,high,high
train,6397,cefr-sp,high,middle,middle
train,6398,cefr-sp,high,high,high
train,6399,cefr-sp,high,middle,middle
train,6400,cefr-sp,high,middle,middle
train,6401,cefr-sp,high,middle,middle
train,6402,cefr-sp,high,high,high
train,6403,cefr-sp,high,middle,middle
train,6404,cefr-sp,high,middle,middle
train,6405,cefr-sp,high,middle,middle
train,6406,cefr-sp,high,high,high
train,6407,cefr-sp,high,high,high
train,6408,cefr-sp,high,high,high
train,6409,cefr-sp,high,middle,middle
train,6410,cefr-sp,high,middle,middle
train,6411,cefr-sp,high,middle,middle
train,6412,cefr-sp,high,high,high
train,6413,cefr-sp,middle,middle,middle
train,6414,cefr-sp,middle,middle,middle
train,6415,cefr-sp,middle,middle,middle
train,6416,cefr-sp,middle,middle,middle
train,6417,cefr-sp,middle,middle,middle
train,6418,cefr-sp,middle,middle,middle
train,6419,cefr-sp,middle,middle,middle
train,6420,cefr-sp,middle,middle,middle
train,6421,cefr-sp,middle,middle,middle
train,6422,cefr-sp,middle,middle,middle
train,6423,cefr-sp,middle,middle,middle
train,6424,cefr-sp,middle,middle,middle
train,6425,cefr-sp,middle,middle,middle
train,6426,cefr-sp,middle,middle,middle
train,6427,cefr-sp,middle,middle,middle
train,6428,cefr-sp,middle,middle,middle
train,6429,cefr-sp,middle,middle,middle
train,6430,cefr-sp,middle,middle,middle
train,6431,cefr-sp,middle,middle,middle
train,6432,cefr-sp,middle,middle,middle
train,6433,cefr-sp,middle,middle,middle
train,6434,cefr-sp,middle,middle,middle
train,6435,cefr-sp,middle,high,high
train,6436,cefr-sp,middle,middle,middle
train,6437,cefr-sp,middle,middle,middle
train,6438,cefr-sp,middle,middle,middle
train,6439,cefr-sp,middle,middle,middle
train,6440,cefr-sp,middle,middle,middle
train,6441,cefr-sp,middle,middle,middle
train,6442,cefr-sp,middle,middle,middle
train,6443,cefr-sp,middle,middle,middle
train,6444,cefr-sp,middle,middle,middle
train,6445,cefr-sp,middle,middle,middle
train,6446,cefr-sp,middle,middle,middle
train,6447,cefr-sp,middle,middle,middle
train,6448,cefr-sp,middle,middle,middle
train,6449,cefr-sp,middle,middle,middle
train,6450,cefr-sp,middle,middle,middle
train,6451,cefr-sp,middle,middle,middle
train,6452,cefr-sp,middle,middle,middle
train,6453,cefr-sp,middle,middle,middle
train,6454,cefr-sp,middle,middle,middle
train,6455,cefr-sp,middle,middle,middle
train,6456,cefr-sp,middle,middle,middle
train,6457,cefr-sp,middle,middle,middle
train,6458,cefr-sp,middle,elementary,elementary
train,6459,cefr-sp,middle,high,high
train,6460,cefr-sp,middle,middle,middle
train,6461,cefr-sp,middle,middle,middle
train,6462,cefr-sp,middle,middle,middle
train,6463,cefr-sp,middle,middle,middle
train,6464,cefr-sp,middle,middle,middle
train,6465,cefr-sp,middle,middle,middle
train,6466,cefr-sp,middle,high,high
train,6467,cefr-sp,middle,middle,middle
train,6468,cefr-sp,middle,middle,middle
train,6469,cefr-sp,middle,middle,middle
train,6470,cefr-sp,middle,middle,middle
train,6471,cefr-sp,middle,elementary,elementary
train,6472,cefr-sp,middle,middle,middle
train,6473,cefr-sp,middle,middle,middle
train,6474,cefr-sp,middle,high,high
train,6475,cefr-sp,middle,high,high
train,6476,cefr-sp,middle,middle,middle
train,6477,cefr-sp,middle,high,high
train,6478,cefr-sp,middle,middle,middle
train,6479,cefr-sp,middle,middle,middle
train,6480,cefr-sp,middle,middle,middle
train,6481,cefr-sp,middle,middle,middle
train,6482,cefr-sp,middle,elementary,elementary
train,6483,cefr-sp,middle,middle,middle
train,6484,cefr-sp,middle,elementary,elementary
train,6485,cefr-sp,middle,middle,middle
train,6486,cefr-sp,middle,middle,middle
train,6487,cefr-sp,middle,high,high
train,6488,cefr-sp,middle,middle,middle
train,6489,cefr-sp,middle,middle,middle
train,6490,cefr-sp,middle,middle,middle
train,6491,cefr-sp,middle,middle,middle
train,6492,cefr-sp,middle,middle,middle
train,6493,cefr-sp,middle,middle,middle
train,6494,cefr-sp,middle,middle,middle
train,6495,cefr-sp,middle,middle,middle
train,6496,cefr-sp,middle,middle,middle
train,6497,cefr-sp,middle,middle,middle
train,6498,cefr-sp,middle,middle,middle
train,6499,cefr-sp,middle,middle,middle
train,6500,cefr-sp,middle,middle,middle
train,6501,cefr-sp,middle,middle,middle
train,6502,cefr-sp,middle,middle,middle
train,6503,cefr-sp,middle,middle,middle
train,6504,cefr-sp,middle,high,high
train,6505,cefr-sp,middle,middle,middle
train,6506,cefr-sp,middle,elementary,elementary
train,6507,cefr-sp,middle,middle,middle
train,6508,cefr-sp,middle,middle,middle
train,6509,cefr-sp,middle,middle,middle
train,6510,cefr-sp,middle,middle,middle
train,6511,cefr-sp,middle,middle,middle
train,6512,cefr-sp,middle,middle,middle
train,6513,cefr-sp,middle,middle,middle
train,6514,cefr-sp,middle,middle,middle
train,6515,cefr-sp,middle,middle,middle
train,6516,cefr-sp,middle,middle,middle
train,6517,cefr-sp,middle,middle,middle
train,6518,cefr-sp,middle,elementary,elementary
train,6519,cefr-sp,middle,middle,middle
train,6520,cefr-sp,middle,elementary,elementary
train,6521,cefr-sp,middle,middle,middle
train,6522,cefr-sp,middle,middle,middle
train,6523,cefr-sp,middle,middle,middle
train,6524,cefr-sp,middle,middle,middle
train,6525,cefr-sp,middle,middle,middle
train,6526,cefr-sp,middle,middle,middle
train,6527,cefr-sp,middle,middle,middle
train,6528,cefr-sp,middle,elementary,elementary
train,6529,cefr-sp,middle,middle,middle
train,6530,cefr-sp,middle,middle,middle
train,6531,cefr-sp,middle,middle,middle
train,6532,cefr-sp,middle,middle,middle
train,6533,cefr-sp,middle,middle,middle
train,6534,cefr-sp,middle,middle,middle
train,6535,cefr-sp,middle,middle,middle
train,6536,cefr-sp,middle,middle,middle
train,6537,cefr-sp,middle,middle,middle
train,6538,cefr-sp,middle,middle,middle
train,6539,cefr-sp,middle,middle,middle
train,6540,cefr-sp,middle,middle,middle
train,6541,cefr-sp,middle,middle,middle
train,6542,cefr-sp,middle,middle,middle
train,6543,cefr-sp,middle,middle,middle
train,6544,cefr-sp,middle,middle,middle
train,6545,cefr-sp,middle,middle,middle
train,6546,cefr-sp,middle,middle,middle
train,6547,cefr-sp,middle,middle,middle
train,6548,cefr-sp,middle,middle,middle
train,6549,cefr-sp,middle,middle,middle
train,6550,cefr-sp,middle,middle,middle
train,6551,cefr-sp,middle,middle,middle
train,6552,cefr-sp,middle,middle,middle
train,6553,cefr-sp,middle,middle,middle
train,6554,cefr-sp,middle,middle,middle
train,6555,cefr-sp,middle,middle,middle
train,6556,cefr-sp,middle,middle,middle
train,6557,cefr-sp,middle,middle,middle
train,6558,cefr-sp,middle,elementary,elementary
train,6559,cefr-sp,middle,middle,middle
train,6560,cefr-sp,middle,elementary,elementary
train,6561,cefr-sp,middle,middle,middle
train,6562,cefr-sp,middle,middle,middle
train,6563,cefr-sp,middle,middle,middle
train,6564,cefr-sp,middle,middle,middle
train,6565,cefr-sp,middle,middle,middle
train,6566,cefr-sp,middle,middle,middle
train,6567,cefr-sp,middle,middle,middle
train,6568,cefr-sp,middle,high,high
train,6569,cefr-sp,middle,middle,middle
train,6570,cefr-sp,middle,middle,middle
train,6571,cefr-sp,middle,middle,middle
train,6572,cefr-sp,middle,middle,middle
train,6573,cefr-sp,middle,middle,middle
train,6574,cefr-sp,middle,middle,middle
train,6575,cefr-sp,middle,middle,middle
train,6576,cefr-sp,middle,middle,middle
train,6577,cefr-sp,middle,middle,middle
train,6578,cefr-sp,middle,middle,middle
train,6579,cefr-sp,middle,elementary,elementary
train,6580,cefr-sp,middle,middle,middle
train,6581,cefr-sp,middle,middle,middle
train,6582,cefr-sp,middle,middle,middle
train,6583,cefr-sp,middle,middle,middle
train,6584,cefr-sp,middle,middle,middle
train,6585,cefr-sp,middle,elementary,elementary
train,6586,cefr-sp,middle,elementary,elementary
train,6587,cefr-sp,middle,high,high
train,6588,cefr-sp,middle,elementary,elementary
train,6589,cefr-sp,middle,middle,middle
train,6590,cefr-sp,middle,middle,middle
train,6591,cefr-sp,middle,middle,middle
train,6592,cefr-sp,middle,middle,middle
train,6593,cefr-sp,middle,middle,middle
train,6594,cefr-sp,middle,high,high
train,6595,cefr-sp,middle,middle,middle
train,6596,cefr-sp,middle,high,high
train,6597,cefr-sp,middle,middle,middle
train,6598,cefr-sp,middle,middle,middle
train,6599,cefr-sp,middle,middle,middle
train,6600,cefr-sp,middle,middle,middle
train,6601,cefr-sp,middle,middle,middle
train,6602,cefr-sp,middle,middle,middle
train,6603,cefr-sp,middle,high,high
train,6604,cefr-sp,middle,middle,middle
train,6605,cefr-sp,middle,middle,middle
train,6606,cefr-sp,middle,middle,middle
train,6607,cefr-sp,middle,middle,middle
train,6608,cefr-sp,middle,high,high
train,6609,cefr-sp,middle,middle,middle
train,6610,cefr-sp,middle,middle,middle
train,6611,cefr-sp,middle,middle,middle
train,6612,cefr-sp,middle,middle,middle
train,6613,cefr-sp,middle,middle,middle
train,6614,cefr-sp,middle,middle,middle
train,6615,cefr-sp,middle,middle,middle
train,6616,cefr-sp,middle,elementary,elementary
train,6617,cefr-sp,middle,middle,middle
train,6618,cefr-sp,middle,middle,middle
train,6619,cefr-sp,middle,middle,middle
train,6620,cefr-sp,middle,middle,middle
train,6621,cefr-sp,middle,middle,middle
train,6622,cefr-sp,middle,middle,middle
train,6623,cefr-sp,middle,middle,middle
train,6624,cefr-sp,middle,middle,middle
train,6625,cefr-sp,middle,middle,middle
train,6626,cefr-sp,middle,middle,middle
train,6627,cefr-sp,middle,elementary,elementary
train,6628,cefr-sp,middle,middle,middle
train,6629,cefr-sp,middle,middle,middle
train,6630,cefr-sp,middle,middle,middle
train,6631,cefr-sp,middle,middle,middle
train,6632,cefr-sp,middle,elementary,elementary
train,6633,cefr-sp,middle,middle,middle
train,6634,cefr-sp,middle,middle,middle
train,6635,cefr-sp,middle,middle,middle
train,6636,cefr-sp,middle,middle,middle
train,6637,cefr-sp,middle,middle,middle
train,6638,cefr-sp,middle,middle,middle
train,6639,cefr-sp,middle,middle,middle
train,6640,cefr-sp,middle,high,high
train,6641,cefr-sp,middle,middle,middle
train,6642,cefr-sp,middle,middle,middle
train,6643,cefr-sp,middle,middle,middle
train,6644,cefr-sp,middle,middle,middle
train,6645,cefr-sp,middle,elementary,elementary
train,6646,cefr-sp,middle,middle,middle
train,6647,cefr-sp,middle,middle,middle
train,6648,cefr-sp,middle,high,high
train,6649,cefr-sp,middle,middle,middle
train,6650,cefr-sp,middle,middle,middle
train,6651,cefr-sp,middle,middle,middle
train,6652,cefr-sp,middle,middle,middle
train,6653,cefr-sp,middle,middle,middle
train,6654,cefr-sp,middle,middle,middle
train,6655,cefr-sp,middle,middle,middle
train,6656,cefr-sp,middle,middle,middle
train,6657,cefr-sp,middle,middle,middle
train,6658,cefr-sp,middle,middle,middle
train,6659,cefr-sp,middle,middle,middle
train,6660,cefr-sp,middle,middle,middle
train,6661,cefr-sp,middle,middle,middle
train,6662,cefr-sp,middle,middle,middle
train,6663,cefr-sp,middle,middle,middle
train,6664,cefr-sp,middle,middle,middle
train,6665,cefr-sp,middle,middle,middle
train,6666,cefr-sp,middle,middle,middle
train,6667,cefr-sp,middle,middle,middle
train,6668,cefr-sp,middle,middle,middle
train,6669,cefr-sp,middle,middle,middle
train,6670,cefr-sp,middle,middle,middle
train,6671,cefr-sp,middle,middle,middle
train,6672,cefr-sp,middle,middle,middle
train,6673,cefr-sp,middle,middle,middle
train,6674,cefr-sp,middle,middle,middle
train,6675,cefr-sp,middle,middle,middle
train,6676,cefr-sp,middle,elementary,elementary
train,6677,cefr-sp,middle,high,high
train,6678,cefr-sp,middle,middle,middle
train,6679,cefr-sp,middle,middle,middle
train,6680,cefr-sp,middle,middle,middle
train,6681,cefr-sp,middle,middle,middle
train,6682,cefr-sp,middle,middle,middle
train,6683,cefr-sp,middle,middle,middle
train,6684,cefr-sp,middle,middle,middle
train,6685,cefr-sp,middle,high,high
train,6686,cefr-sp,middle,elementary,elementary
train,6687,cefr-sp,middle,elementary,elementary
train,6688,cefr-sp,middle,middle,middle
train,6689,cefr-sp,middle,middle,middle
train,6690,cefr-sp,middle,middle,middle
train,6691,cefr-sp,middle,middle,middle
train,6692,cefr-sp,middle,high,high
train,6693,cefr-sp,middle,middle,middle
train,6694,cefr-sp,middle,elementary,elementary
train,6695,cefr-sp,middle,middle,middle
train,6696,cefr-sp,middle,middle,middle
train,6697,cefr-sp,middle,elementary,elementary
train,6698,cefr-sp,middle,middle,middle
train,6699,cefr-sp,middle,elementary,elementary
train,6700,cefr-sp,middle,middle,middle
train,6701,cefr-sp,middle,middle,middle
train,6702,cefr-sp,middle,high,high
train,6703,cefr-sp,middle,middle,middle
train,6704,cefr-sp,middle,middle,middle
train,6705,cefr-sp,middle,middle,middle
train,6706,cefr-sp,middle,middle,middle
train,6707,cefr-sp,middle,middle,middle
train,6708,cefr-sp,middle,middle,middle
train,6709,cefr-sp,middle,middle,middle
train,6710,cefr-sp,middle,elementary,elementary
train,6711,cefr-sp,middle,middle,middle
train,6712,cefr-sp,middle,middle,middle
train,6713,cefr-sp,middle,middle,middle
train,6714,cefr-sp,middle,middle,middle
train,6715,cefr-sp,middle,middle,middle
train,6716,cefr-sp,middle,middle,middle
train,6717,cefr-sp,middle,middle,middle
train,6718,cefr-sp,middle,middle,middle
train,6719,cefr-sp,middle,middle,middle
train,6720,cefr-sp,middle,middle,middle
train,6721,cefr-sp,middle,middle,middle
train,6722,cefr-sp,middle,middle,middle
train,6723,cefr-sp,middle,middle,middle
train,6724,cefr-sp,middle,middle,middle
train,6725,cefr-sp,middle,elementary,elementary
train,6726,cefr-sp,middle,middle,middle
train,6727,cefr-sp,middle,middle,middle
train,6728,cefr-sp,middle,middle,middle
train,6729,cefr-sp,middle,middle,middle
train,6730,cefr-sp,middle,middle,middle
train,6731,cefr-sp,middle,middle,middle
train,6732,cefr-sp,middle,middle,middle
train,6733,cefr-sp,middle,middle,middle
train,6734,cefr-sp,middle,middle,middle
train,6735,cefr-sp,middle,elementary,elementary
train,6736,cefr-sp,middle,middle,middle
train,6737,cefr-sp,middle,middle,middle
train,6738,cefr-sp,middle,middle,middle
train,6739,cefr-sp,middle,middle,middle
train,6740,cefr-sp,middle,middle,middle
train,6741,cefr-sp,middle,middle,middle
train,6742,cefr-sp,middle,middle,middle
train,6743,cefr-sp,middle,middle,middle
train,6744,cefr-sp,middle,middle,middle
train,6745,cefr-sp,middle,middle,middle
train,6746,cefr-sp,middle,middle,middle
train,6747,cefr-sp,middle,middle,middle
train,6748,cefr-sp,middle,middle,middle
train,6749,cefr-sp,middle,middle,middle
train,6750,cefr-sp,middle,middle,middle
train,6751,cefr-sp,middle,middle,middle
train,6752,cefr-sp,middle,middle,middle
train,6753,cefr-sp,middle,middle,middle
train,6754,cefr-sp,middle,middle,middle
train,6755,cefr-sp,middle,middle,middle
train,6756,cefr-sp,middle,middle,middle
train,6757,cefr-sp,middle,middle,middle
train,6758,cefr-sp,middle,middle,middle
train,6759,cefr-sp,middle,middle,middle
train,6760,cefr-sp,middle,middle,middle
train,6761,cefr-sp,middle,middle,middle
train,6762,cefr-sp,middle,middle,middle
train,6763,cefr-sp,middle,middle,middle
train,6764,cefr-sp,middle,middle,middle
train,6765,cefr-sp,middle,middle,middle
train,6766,cefr-sp,middle,middle,middle
train,6767,cefr-sp,middle,middle,middle
train,6768,cefr-sp,middle,middle,middle
train,6769,cefr-sp,middle,elementary,elementary
train,6770,cefr-sp,middle,middle,middle
train,6771,cefr-sp,middle,elementary,elementary
train,6772,cefr-sp,middle,middle,middle
train,6773,cefr-sp,middle,middle,middle
train,6774,cefr-sp,middle,middle,middle
train,6775,cefr-sp,middle,middle,middle
train,6776,cefr-sp,middle,middle,middle
train,6777,cefr-sp,middle,middle,middle
train,6778,cefr-sp,middle,middle,middle
train,6779,cefr-sp,middle,middle,middle
train,6780,cefr-sp,middle,elementary,elementary
train,6781,cefr-sp,middle,elementary,elementary
train,6782,cefr-sp,middle,middle,middle
train,6783,cefr-sp,middle,middle,middle
train,6784,cefr-sp,middle,middle,middle
train,6785,cefr-sp,middle,middle,middle
train,6786,cefr-sp,middle,middle,middle
train,6787,cefr-sp,middle,elementary,elementary
train,6788,cefr-sp,middle,middle,middle
train,6789,cefr-sp,middle,middle,middle
train,6790,cefr-sp,middle,middle,middle
train,6791,cefr-sp,middle,middle,middle
train,6792,cefr-sp,middle,middle,middle
train,6793,cefr-sp,middle,middle,middle
train,6794,cefr-sp,middle,middle,middle
train,6795,cefr-sp,middle,middle,middle
train,6796,cefr-sp,middle,middle,middle
train,6797,cefr-sp,middle,middle,middle
train,6798,cefr-sp,middle,middle,middle
train,6799,cefr-sp,middle,middle,middle
train,6800,cefr-sp,middle,elementary,elementary
train,6801,cefr-sp,middle,high,high
train,6802,cefr-sp,middle,middle,middle
train,6803,cefr-sp,middle,elementary,elementary
train,6804,cefr-sp,middle,middle,middle
train,6805,cefr-sp,middle,middle,middle
train,6806,cefr-sp,middle,elementary,elementary
train,6807,cefr-sp,middle,middle,middle
train,6808,cefr-sp,middle,middle,middle
train,6809,cefr-sp,middle,middle,middle
train,6810,cefr-sp,middle,middle,middle
train,6811,cefr-sp,middle,middle,middle
train,6812,cefr-sp,middle,middle,middle
train,6813,cefr-sp,middle,middle,middle
train,6814,cefr-sp,middle,middle,middle
train,6815,cefr-sp,middle,middle,middle
train,6816,cefr-sp,middle,middle,middle
train,6817,cefr-sp,middle,middle,middle
train,6818,cefr-sp,middle,middle,middle
train,6819,cefr-sp,middle,middle,middle
train,6820,cefr-sp,middle,middle,middle
train,6821,cefr-sp,middle,middle,middle
train,6822,cefr-sp,middle,middle,middle
train,6823,cefr-sp,middle,middle,middle
train,6824,cefr-sp,middle,middle,middle
train,6825,cefr-sp,middle,middle,middle
train,6826,cefr-sp,middle,elementary,elementary
train,6827,cefr-sp,middle,elementary,elementary
train,6828,cefr-sp,middle,middle,middle
train,6829,cefr-sp,middle,middle,middle
train,6830,cefr-sp,middle,middle,middle
train,6831,cefr-sp,middle,middle,middle
train,6832,cefr-sp,middle,middle,middle
train,6833,cefr-sp,middle,middle,middle
train,6834,cefr-sp,middle,middle,middle
train,6835,cefr-sp,middle,middle,middle
train,6836,cefr-sp,middle,middle,middle
train,6837,cefr-sp,middle,middle,middle
train,6838,cefr-sp,middle,middle,middle
train,6839,cefr-sp,middle,middle,middle
train,6840,cefr-sp,middle,elementary,elementary
train,6841,cefr-sp,middle,middle,middle
train,6842,cefr-sp,middle,middle,middle
train,6843,cefr-sp,middle,elementary,elementary
train,6844,cefr-sp,middle,middle,middle
train,6845,cefr-sp,middle,middle,middle
train,6846,cefr-sp,middle,middle,middle
train,6847,cefr-sp,middle,middle,middle
train,6848,cefr-sp,middle,elementary,elementary
train,6849,cefr-sp,middle,middle,middle
train,6850,cefr-sp,middle,middle,middle
train,6851,cefr-sp,middle,middle,middle
train,6852,cefr-sp,middle,high,high
train,6853,cefr-sp,middle,middle,middle
train,6854,cefr-sp,middle,middle,middle
train,6855,cefr-sp,middle,middle,middle
train,6856,cefr-sp,middle,middle,middle
train,6857,cefr-sp,middle,middle,middle
train,6858,cefr-sp,middle,middle,middle
train,6859,cefr-sp,middle,middle,middle
train,6860,cefr-sp,middle,middle,middle
train,6861,cefr-sp,middle,elementary,elementary
train,6862,cefr-sp,middle,middle,middle
train,6863,cefr-sp,middle,middle,middle
train,6864,cefr-sp,middle,middle,middle
train,6865,cefr-sp,middle,high,high
train,6866,cefr-sp,middle,middle,middle
train,6867,cefr-sp,middle,middle,middle
train,6868,cefr-sp,middle,middle,middle
train,6869,cefr-sp,middle,middle,middle
train,6870,cefr-sp,middle,middle,middle
train,6871,cefr-sp,middle,middle,middle
train,6872,cefr-sp,middle,middle,middle
train,6873,cefr-sp,middle,middle,middle
train,6874,cefr-sp,middle,middle,middle
train,6875,cefr-sp,middle,middle,middle
train,6876,cefr-sp,middle,elementary,elementary
train,6877,cefr-sp,middle,middle,middle
train,6878,cefr-sp,middle,middle,middle
train,6879,cefr-sp,middle,middle,middle
train,6880,cefr-sp,middle,middle,middle
train,6881,cefr-sp,middle,middle,middle
train,6882,cefr-sp,middle,middle,middle
train,6883,cefr-sp,middle,middle,middle
train,6884,cefr-sp,middle,middle,middle
train,6885,cefr-sp,middle,middle,middle
train,6886,cefr-sp,middle,middle,middle
train,6887,cefr-sp,middle,middle,middle
train,6888,cefr-sp,middle,middle,middle
train,6889,cefr-sp,middle,middle,middle
train,6890,cefr-sp,middle,middle,middle
train,6891,cefr-sp,middle,middle,middle
train,6892,cefr-sp,middle,middle,middle
train,6893,cefr-sp,middle,middle,middle
train,6894,cefr-sp,middle,middle,middle
train,6895,cefr-sp,middle,middle,middle
train,6896,cefr-sp,middle,middle,middle
train,6897,cefr-sp,middle,middle,middle
train,6898,cefr-sp,middle,middle,middle
train,6899,cefr-sp,middle,middle,middle
train,6900,cefr-sp,middle,high,high
train,6901,cefr-sp,middle,middle,middle
train,6902,cefr-sp,middle,middle,middle
train,6903,cefr-sp,middle,middle,middle
train,6904,cefr-sp,middle,elementary,elementary
train,6905,cefr-sp,middle,middle,middle
train,6906,cefr-sp,middle,middle,middle
train,6907,cefr-sp,middle,middle,middle
train,6908,cefr-sp,middle,middle,middle
train,6909,cefr-sp,middle,middle,middle
train,6910,cefr-sp,middle,middle,middle
train,6911,cefr-sp,middle,middle,middle
train,6912,cefr-sp,middle,middle,middle
train,6913,cefr-sp,middle,middle,middle
train,6914,cefr-sp,middle,middle,middle
train,6915,cefr-sp,middle,elementary,elementary
train,6916,cefr-sp,middle,middle,middle
train,6917,cefr-sp,middle,middle,middle
train,6918,cefr-sp,middle,middle,middle
train,6919,cefr-sp,middle,elementary,elementary
train,6920,cefr-sp,middle,elementary,elementary
train,6921,cefr-sp,middle,middle,middle
train,6922,cefr-sp,middle,middle,middle
train,6923,cefr-sp,middle,middle,middle
train,6924,cefr-sp,middle,middle,middle
train,6925,cefr-sp,middle,middle,middle
train,6926,cefr-sp,middle,middle,middle
train,6927,cefr-sp,middle,middle,middle
train,6928,cefr-sp,middle,middle,middle
train,6929,cefr-sp,middle,middle,middle
train,6930,cefr-sp,middle,elementary,elementary
train,6931,cefr-sp,middle,middle,middle
train,6932,cefr-sp,middle,middle,middle
train,6933,cefr-sp,middle,middle,middle
train,6934,cefr-sp,middle,middle,middle
train,6935,cefr-sp,middle,middle,middle
train,6936,cefr-sp,middle,middle,middle
train,6937,cefr-sp,middle,middle,middle
train,6938,cefr-sp,middle,middle,middle
train,6939,cefr-sp,middle,middle,middle
train,6940,cefr-sp,middle,middle,middle
train,6941,cefr-sp,middle,middle,middle
train,6942,cefr-sp,middle,middle,middle
train,6943,cefr-sp,middle,middle,middle
train,6944,cefr-sp,middle,middle,middle
train,6945,cefr-sp,middle,middle,middle
train,6946,cefr-sp,middle,middle,middle
train,6947,cefr-sp,middle,middle,middle
train,6948,cefr-sp,middle,middle,middle
train,6949,cefr-sp,middle,high,high
train,6950,cefr-sp,middle,middle,middle
train,6951,cefr-sp,middle,middle,middle
train,6952,cefr-sp,middle,elementary,elementary
train,6953,cefr-sp,middle,middle,middle
train,6954,cefr-sp,middle,middle,middle
train,6955,cefr-sp,middle,middle,middle
train,6956,cefr-sp,middle,middle,middle
train,6957,cefr-sp,middle,middle,middle
train,6958,cefr-sp,middle,middle,middle
train,6959,cefr-sp,middle,middle,middle
train,6960,cefr-sp,middle,middle,middle
train,6961,cefr-sp,middle,middle,middle
train,6962,cefr-sp,middle,middle,middle
train,6963,cefr-sp,middle,middle,middle
train,6964,cefr-sp,middle,middle,middle
train,6965,cefr-sp,middle,elementary,elementary
train,6966,cefr-sp,middle,middle,middle
train,6967,cefr-sp,middle,elementary,elementary
train,6968,cefr-sp,middle,high,high
train,6969,cefr-sp,middle,middle,middle
train,6970,cefr-sp,middle,middle,middle
train,6971,cefr-sp,middle,middle,middle
train,6972,cefr-sp,middle,middle,middle
train,6973,cefr-sp,middle,middle,middle
train,6974,cefr-sp,middle,middle,middle
train,6975,cefr-sp,middle,middle,middle
train,6976,cefr-sp,middle,middle,middle
train,6977,cefr-sp,middle,middle,middle
train,6978,cefr-sp,middle,middle,middle
train,6979,cefr-sp,middle,middle,middle
train,6980,cefr-sp,middle,middle,middle
train,6981,cefr-sp,middle,middle,middle
train,6982,cefr-sp,middle,middle,middle
train,6983,cefr-sp,middle,middle,middle
train,6984,cefr-sp,middle,middle,middle
train,6985,cefr-sp,middle,middle,middle
train,6986,cefr-sp,middle,middle,middle
train,6987,cefr-sp,middle,middle,middle
train,6988,cefr-sp,middle,middle,middle
train,6989,cefr-sp,middle,middle,middle
train,6990,cefr-sp,middle,middle,middle
train,6991,cefr-sp,middle,middle,middle
train,6992,cefr-sp,middle,middle,middle
train,6993,cefr-sp,middle,middle,middle
train,6994,cefr-sp,middle,middle,middle
train,6995,cefr-sp,middle,middle,middle
train,6996,cefr-sp,middle,middle,middle
train,6997,cefr-sp,middle,middle,middle
train,6998,cefr-sp,middle,middle,middle
train,6999,cefr-sp,middle,middle,middle
train,7000,cefr-sp,middle,middle,middle
train,7001,cefr-sp,middle,middle,middle
train,7002,cefr-sp,middle,middle,middle
train,7003,cefr-sp,middle,high,high
train,7004,cefr-sp,middle,middle,middle
train,7005,cefr-sp,middle,middle,middle
train,7006,cefr-sp,middle,middle,middle
train,7007,cefr-sp,middle,middle,middle
train,7008,cefr-sp,middle,middle,middle
train,7009,cefr-sp,middle,middle,middle
train,7010,cefr-sp,middle,middle,middle
train,7011,cefr-sp,middle,middle,middle
train,7012,cefr-sp,middle,middle,middle
train,7013,cefr-sp,middle,middle,middle
train,7014,cefr-sp,middle,middle,middle
train,7015,cefr-sp,middle,middle,middle
train,7016,cefr-sp,middle,middle,middle
train,7017,cefr-sp,middle,middle,middle
train,7018,cefr-sp,middle,elementary,elementary
train,7019,cefr-sp,middle,high,high
train,7020,cefr-sp,middle,middle,middle
train,7021,cefr-sp,middle,middle,middle
train,7022,cefr-sp,middle,middle,middle
train,7023,cefr-sp,middle,middle,middle
train,7024,cefr-sp,middle,middle,middle
train,7025,cefr-sp,middle,high,high
train,7026,cefr-sp,middle,middle,middle
train,7027,cefr-sp,middle,middle,middle
train,7028,cefr-sp,middle,middle,middle
train,7029,cefr-sp,middle,middle,middle
train,7030,cefr-sp,middle,middle,middle
train,7031,cefr-sp,middle,middle,middle
train,7032,cefr-sp,middle,elementary,elementary
train,7033,cefr-sp,middle,middle,middle
train,7034,cefr-sp,middle,middle,middle
train,7035,cefr-sp,middle,middle,middle
train,7036,cefr-sp,middle,middle,middle
train,7037,cefr-sp,middle,middle,middle
train,7038,cefr-sp,middle,middle,middle
train,7039,cefr-sp,middle,middle,middle
train,7040,cefr-sp,middle,middle,middle
train,7041,cefr-sp,middle,middle,middle
train,7042,cefr-sp,middle,elementary,elementary
train,7043,cefr-sp,middle,middle,middle
train,7044,cefr-sp,middle,middle,middle
train,7045,cefr-sp,middle,middle,middle
train,7046,cefr-sp,middle,middle,middle
train,7047,cefr-sp,middle,middle,middle
train,7048,cefr-sp,middle,middle,middle
train,7049,cefr-sp,middle,middle,middle
train,7050,cefr-sp,middle,middle,middle
train,7051,cefr-sp,middle,elementary,elementary
train,7052,cefr-sp,middle,middle,middle
train,7053,cefr-sp,middle,middle,middle
train,7054,cefr-sp,middle,middle,middle
train,7055,cefr-sp,middle,middle,middle
train,7056,cefr-sp,middle,elementary,elementary
train,7057,cefr-sp,middle,middle,middle
train,7058,cefr-sp,middle,elementary,elementary
train,7059,cefr-sp,middle,middle,middle
train,7060,cefr-sp,middle,middle,middle
train,7061,cefr-sp,middle,middle,middle
train,7062,cefr-sp,middle,middle,middle
train,7063,cefr-sp,middle,middle,middle
train,7064,cefr-sp,middle,middle,middle
train,7065,cefr-sp,middle,middle,middle
train,7066,cefr-sp,middle,middle,middle
train,7067,cefr-sp,middle,middle,middle
train,7068,cefr-sp,middle,middle,middle
train,7069,cefr-sp,middle,middle,middle
train,7070,cefr-sp,middle,middle,middle
train,7071,cefr-sp,middle,middle,middle
train,7072,cefr-sp,middle,middle,middle
train,7073,cefr-sp,middle,middle,middle
train,7074,cefr-sp,middle,middle,middle
train,7075,cefr-sp,middle,middle,middle
train,7076,cefr-sp,middle,middle,middle
train,7077,cefr-sp,middle,middle,middle
train,7078,cefr-sp,middle,middle,middle
train,7079,cefr-sp,middle,elementary,elementary
train,7080,cefr-sp,middle,middle,middle
train,7081,cefr-sp,middle,middle,middle
train,7082,cefr-sp,middle,middle,middle
train,7083,cefr-sp,middle,middle,middle
train,7084,cefr-sp,middle,middle,middle
train,7085,cefr-sp,middle,middle,middle
train,7086,cefr-sp,middle,middle,middle
train,7087,cefr-sp,middle,middle,middle
train,7088,cefr-sp,middle,middle,middle
train,7089,cefr-sp,middle,middle,middle
train,7090,cefr-sp,middle,middle,middle
train,7091,cefr-sp,middle,middle,middle
train,7092,cefr-sp,middle,middle,middle
train,7093,cefr-sp,middle,middle,middle
train,7094,cefr-sp,middle,middle,middle
train,7095,cefr-sp,middle,middle,middle
train,7096,cefr-sp,middle,middle,middle
train,7097,cefr-sp,middle,middle,middle
train,7098,cefr-sp,middle,middle,middle
train,7099,cefr-sp,middle,middle,middle
train,7100,cefr-sp,middle,elementary,elementary
train,7101,cefr-sp,middle,middle,middle
train,7102,cefr-sp,middle,middle,middle
train,7103,cefr-sp,middle,middle,middle
train,7104,cefr-sp,middle,middle,middle
train,7105,cefr-sp,middle,middle,middle
train,7106,cefr-sp,middle,middle,middle
train,7107,cefr-sp,middle,middle,middle
train,7108,cefr-sp,middle,middle,middle
train,7109,cefr-sp,middle,middle,middle
train,7110,cefr-sp,middle,middle,middle
train,7111,cefr-sp,middle,middle,middle
train,7112,cefr-sp,middle,middle,middle
train,7113,cefr-sp,middle,middle,middle
train,7114,cefr-sp,middle,middle,middle
train,7115,cefr-sp,middle,middle,middle
train,7116,cefr-sp,middle,middle,middle
train,7117,cefr-sp,middle,middle,middle
train,7118,cefr-sp,middle,middle,middle
train,7119,cefr-sp,middle,middle,middle
train,7120,cefr-sp,middle,middle,middle
train,7121,cefr-sp,middle,elementary,elementary
train,7122,cefr-sp,middle,middle,middle
train,7123,cefr-sp,middle,middle,middle
train,7124,cefr-sp,middle,middle,middle
train,7125,cefr-sp,middle,middle,middle
train,7126,cefr-sp,middle,middle,middle
train,7127,cefr-sp,middle,elementary,elementary
train,7128,cefr-sp,middle,elementary,elementary
train,7129,cefr-sp,middle,middle,middle
train,7130,cefr-sp,middle,middle,middle
train,7131,cefr-sp,middle,middle,middle
train,7132,cefr-sp,middle,elementary,elementary
train,7133,cefr-sp,middle,middle,middle
train,7134,cefr-sp,middle,middle,middle
train,7135,cefr-sp,middle,middle,middle
train,7136,cefr-sp,middle,middle,middle
train,7137,cefr-sp,middle,middle,middle
train,7138,cefr-sp,middle,middle,middle
train,7139,cefr-sp,middle,middle,middle
train,7140,cefr-sp,middle,high,high
train,7141,cefr-sp,middle,elementary,elementary
train,7142,cefr-sp,middle,middle,middle
train,7143,cefr-sp,middle,middle,middle
train,7144,cefr-sp,middle,middle,middle
train,7145,cefr-sp,middle,middle,middle
train,7146,cefr-sp,middle,elementary,elementary
train,7147,cefr-sp,middle,middle,middle
train,7148,cefr-sp,middle,middle,middle
train,7149,cefr-sp,middle,middle,middle
train,7150,cefr-sp,middle,middle,middle
train,7151,cefr-sp,middle,middle,middle
train,7152,cefr-sp,middle,middle,middle
train,7153,cefr-sp,middle,middle,middle
train,7154,cefr-sp,middle,middle,middle
train,7155,cefr-sp,middle,middle,middle
train,7156,cefr-sp,middle,middle,middle
train,7157,cefr-sp,middle,middle,middle
train,7158,cefr-sp,middle,middle,middle
train,7159,cefr-sp,middle,middle,middle
train,7160,cefr-sp,middle,elementary,elementary
train,7161,cefr-sp,middle,middle,middle
train,7162,cefr-sp,middle,middle,middle
train,7163,cefr-sp,middle,middle,middle
train,7164,cefr-sp,middle,middle,middle
train,7165,cefr-sp,middle,middle,middle
train,7166,cefr-sp,middle,middle,middle
train,7167,cefr-sp,middle,middle,middle
train,7168,cefr-sp,middle,elementary,elementary
train,7169,cefr-sp,middle,middle,middle
train,7170,cefr-sp,middle,middle,middle
train,7171,cefr-sp,middle,high,high
train,7172,cefr-sp,middle,elementary,elementary
train,7173,cefr-sp,middle,middle,middle
train,7174,cefr-sp,middle,middle,middle
train,7175,cefr-sp,middle,high,high
train,7176,cefr-sp,middle,middle,middle
train,7177,cefr-sp,middle,middle,middle
train,7178,cefr-sp,middle,middle,middle
train,7179,cefr-sp,middle,middle,middle
train,7180,cefr-sp,middle,middle,middle
train,7181,cefr-sp,middle,elementary,elementary
train,7182,cefr-sp,middle,middle,middle
train,7183,cefr-sp,middle,middle,middle
train,7184,cefr-sp,middle,middle,middle
train,7185,cefr-sp,middle,elementary,elementary
train,7186,cefr-sp,middle,middle,middle
train,7187,cefr-sp,middle,middle,middle
train,7188,cefr-sp,middle,middle,middle
train,7189,cefr-sp,middle,middle,middle
train,7190,cefr-sp,middle,middle,middle
train,7191,cefr-sp,middle,middle,middle
train,7192,cefr-sp,middle,middle,middle
train,7193,cefr-sp,middle,middle,middle
train,7194,cefr-sp,middle,middle,middle
train,7195,cefr-sp,middle,middle,middle
train,7196,cefr-sp,middle,middle,middle
train,7197,cefr-sp,middle,middle,middle
train,7198,cefr-sp,middle,middle,middle
train,7199,cefr-sp,middle,middle,middle
train,7200,cefr-sp,middle,middle,middle
train,7201,cefr-sp,middle,elementary,elementary
train,7202,cefr-sp,middle,high,high
train,7203,cefr-sp,middle,elementary,elementary
train,7204,cefr-sp,middle,middle,middle
train,7205,cefr-sp,middle,middle,middle
train,7206,cefr-sp,middle,middle,middle
train,7207,cefr-sp,middle,middle,middle
train,7208,cefr-sp,middle,middle,middle
train,7209,cefr-sp,middle,middle,middle
train,7210,cefr-sp,middle,middle,middle
train,7211,cefr-sp,middle,middle,middle
train,7212,cefr-sp,middle,middle,middle
train,7213,cefr-synthetic,elementary,middle,middle
train,7214,cefr-synthetic,elementary,middle,middle
train,7215,cefr-synthetic,elementary,elementary,elementary
train,7216,cefr-synthetic,elementary,middle,middle
train,7217,cefr-synthetic,elementary,middle,middle
train,7218,cefr-synthetic,elementary,middle,middle
train,7219,cefr-synthetic,elementary,middle,middle
train,7220,cefr-synthetic,elementary,middle,middle
train,7221,cefr-synthetic,elementary,middle,middle
train,7222,cefr-synthetic,elementary,middle,middle
train,7223,cefr-synthetic,elementary,middle,middle
train,7224,cefr-synthetic,elementary,middle,middle
train,7225,cefr-synthetic,elementary,middle,middle
train,7226,cefr-synthetic,elementary,middle,middle
train,7227,cefr-synthetic,elementary,middle,middle
train,7228,cefr-synthetic,elementary,middle,middle
train,7229,cefr-synthetic,elementary,middle,middle
train,7230,cefr-synthetic,elementary,middle,middle
train,7231,cefr-synthetic,elementary,middle,middle
train,7232,cefr-synthetic,elementary,middle,middle
train,7233,cefr-synthetic,elementary,middle,middle
train,7234,cefr-synthetic,elementary,elementary,elementary
train,7235,cefr-synthetic,elementary,middle,middle
train,7236,cefr-synthetic,elementary,middle,middle
train,7237,cefr-synthetic,elementary,middle,middle
train,7238,cefr-synthetic,elementary,middle,middle
train,7239,cefr-synthetic,elementary,middle,middle
train,7240,cefr-synthetic,elementary,middle,middle
train,7241,cefr-synthetic,elementary,middle,middle
train,7242,cefr-synthetic,elementary,middle,middle
train,7243,cefr-synthetic,elementary,elementary,elementary
train,7244,cefr-synthetic,elementary,middle,middle
train,7245,cefr-synthetic,elementary,middle,middle
train,7246,cefr-synthetic,elementary,elementary,elementary
train,7247,cefr-synthetic,elementary,middle,middle
train,7248,cefr-synthetic,elementary,middle,middle
train,7249,cefr-synthetic,elementary,middle,middle
train,7250,cefr-synthetic,elementary,middle,middle
train,7251,cefr-synthetic,elementary,middle,middle
train,7252,cefr-synthetic,elementary,middle,middle
train,7253,cefr-synthetic,elementary,middle,middle
train,7254,cefr-synthetic,elementary,middle,middle
train,7255,cefr-synthetic,elementary,middle,middle
train,7256,cefr-synthetic,elementary,middle,middle
train,7257,cefr-synthetic,elementary,middle,middle
train,7258,cefr-synthetic,elementary,middle,middle
train,7259,cefr-synthetic,elementary,middle,middle
train,7260,cefr-synthetic,elementary,elementary,elementary
train,7261,cefr-synthetic,elementary,elementary,elementary
train,7262,cefr-synthetic,elementary,middle,middle
train,7263,cefr-synthetic,elementary,elementary,elementary
train,7264,cefr-synthetic,elementary,middle,middle
train,7265,cefr-synthetic,elementary,middle,middle
train,7266,cefr-synthetic,elementary,middle,middle
train,7267,cefr-synthetic,elementary,middle,middle
train,7268,cefr-synthetic,elementary,middle,middle
train,7269,cefr-synthetic,elementary,middle,middle
train,7270,cefr-synthetic,elementary,middle,middle
train,7271,cefr-synthetic,elementary,middle,middle
train,7272,cefr-synthetic,elementary,middle,middle
train,7273,cefr-synthetic,elementary,middle,middle
train,7274,cefr-synthetic,elementary,middle,middle
train,7275,cefr-synthetic,elementary,middle,middle
train,7276,cefr-synthetic,elementary,elementary,elementary
train,7277,cefr-synthetic,elementary,middle,middle
train,7278,cefr-synthetic,elementary,elementary,elementary
train,7279,cefr-synthetic,elementary,middle,middle
train,7280,cefr-synthetic,elementary,middle,middle
train,7281,cefr-synthetic,elementary,middle,middle
train,7282,cefr-synthetic,elementary,middle,middle
train,7283,cefr-synthetic,elementary,middle,middle
train,7284,cefr-synthetic,elementary,middle,middle
train,7285,cefr-synthetic,elementary,middle,middle
train,7286,cefr-synthetic,elementary,middle,middle
train,7287,cefr-synthetic,elementary,elementary,elementary
train,7288,cefr-synthetic,elementary,middle,middle
train,7289,cefr-synthetic,elementary,middle,middle
train,7290,cefr-synthetic,elementary,middle,middle
train,7291,cefr-synthetic,elementary,middle,middle
train,7292,cefr-synthetic,elementary,middle,middle
train,7293,cefr-synthetic,high,high,high
train,7294,cefr-synthetic,high,high,high
train,7295,cefr-synthetic,high,high,high
train,7296,cefr-synthetic,high,high,high
train,7297,cefr-synthetic,high,high,high
train,7298,cefr-synthetic,high,high,high
train,7299,cefr-synthetic,high,high,high
train,7300,cefr-synthetic,high,high,high
train,7301,cefr-synthetic,high,high,high
train,7302,cefr-synthetic,high,high,high
train,7303,cefr-synthetic,high,high,high
train,7304,cefr-synthetic,high,high,high
train,7305,cefr-synthetic,high,high,high
train,7306,cefr-synthetic,high,high,high
train,7307,cefr-synthetic,high,high,high
train,7308,cefr-synthetic,high,high,high
train,7309,cefr-synthetic,high,high,high
train,7310,cefr-synthetic,high,high,high
train,7311,cefr-synthetic,high,high,high
train,7312,cefr-synthetic,high,high,high
train,7313,cefr-synthetic,high,high,high
train,7314,cefr-synthetic,high,high,high
train,7315,cefr-synthetic,high,high,high
train,7316,cefr-synthetic,high,high,high
train,7317,cefr-synthetic,high,high,high
train,7318,cefr-synthetic,high,high,high
train,7319,cefr-synthetic,high,high,high
train,7320,cefr-synthetic,high,high,high
train,7321,cefr-synthetic,high,high,high
train,7322,cefr-synthetic,high,high,high
train,7323,cefr-synthetic,high,high,high
train,7324,cefr-synthetic,high,high,high
train,7325,cefr-synthetic,high,high,high
train,7326,cefr-synthetic,high,high,high
train,7327,cefr-synthetic,high,high,high
train,7328,cefr-synthetic,high,high,high
train,7329,cefr-synthetic,high,high,high
train,7330,cefr-synthetic,high,high,high
train,7331,cefr-synthetic,high,high,high
train,7332,cefr-synthetic,high,high,high
train,7333,cefr-synthetic,high,high,high
train,7334,cefr-synthetic,high,high,high
train,7335,cefr-synthetic,high,high,high
train,7336,cefr-synthetic,high,high,high
train,7337,cefr-synthetic,high,high,high
train,7338,cefr-synthetic,high,high,high
train,7339,cefr-synthetic,high,high,high
train,7340,cefr-synthetic,high,high,high
train,7341,cefr-synthetic,high,high,high
train,7342,cefr-synthetic,high,high,high
train,7343,cefr-synthetic,high,high,high
train,7344,cefr-synthetic,high,high,high
train,7345,cefr-synthetic,high,high,high
train,7346,cefr-synthetic,high,high,high
train,7347,cefr-synthetic,high,high,high
train,7348,cefr-synthetic,high,high,high
train,7349,cefr-synthetic,high,high,high
train,7350,cefr-synthetic,high,high,high
train,7351,cefr-synthetic,high,high,high
train,7352,cefr-synthetic,high,high,high
train,7353,cefr-synthetic,high,high,high
train,7354,cefr-synthetic,high,high,high
train,7355,cefr-synthetic,high,high,high
train,7356,cefr-synthetic,high,high,high
train,7357,cefr-synthetic,high,high,high
train,7358,cefr-synthetic,high,high,high
train,7359,cefr-synthetic,high,high,high
train,7360,cefr-synthetic,high,high,high
train,7361,cefr-synthetic,high,high,high
train,7362,cefr-synthetic,high,high,high
train,7363,cefr-synthetic,high,high,high
train,7364,cefr-synthetic,high,high,high
train,7365,cefr-synthetic,high,high,high
train,7366,cefr-synthetic,high,high,high
train,7367,cefr-synthetic,high,high,high
train,7368,cefr-synthetic,high,high,high
train,7369,cefr-synthetic,high,high,high
train,7370,cefr-synthetic,high,high,high
train,7371,cefr-synthetic,high,high,high
train,7372,cefr-synthetic,high,high,high
train,7373,cefr-synthetic,middle,middle,middle
train,7374,cefr-synthetic,middle,high,high
train,7375,cefr-synthetic,middle,middle,middle
train,7376,cefr-synthetic,middle,middle,middle
train,7377,cefr-synthetic,middle,middle,middle
train,7378,cefr-synthetic,middle,high,high
train,7379,cefr-synthetic,middle,high,high
train,7380,cefr-synthetic,middle,middle,middle
train,7381,cefr-synthetic,middle,middle,middle
train,7382,cefr-synthetic,middle,middle,middle
train,7383,cefr-synthetic,middle,high,high
train,7384,cefr-synthetic,middle,middle,middle
train,7385,cefr-synthetic,middle,high,high
train,7386,cefr-synthetic,middle,middle,middle
train,7387,cefr-synthetic,middle,middle,middle
train,7388,cefr-synthetic,middle,middle,middle
train,7389,cefr-synthetic,middle,high,high
train,7390,cefr-synthetic,middle,middle,middle
train,7391,cefr-synthetic,middle,high,high
train,7392,cefr-synthetic,middle,middle,middle
train,7393,cefr-synthetic,middle,middle,middle
train,7394,cefr-synthetic,middle,high,high
train,7395,cefr-synthetic,middle,high,high
train,7396,cefr-synthetic,middle,middle,middle
train,7397,cefr-synthetic,middle,middle,middle
train,7398,cefr-synthetic,middle,middle,middle
train,7399,cefr-synthetic,middle,middle,middle
train,7400,cefr-synthetic,middle,middle,middle
train,7401,cefr-synthetic,middle,high,high
train,7402,cefr-synthetic,middle,high,high
train,7403,cefr-synthetic,middle,middle,middle
train,7404,cefr-synthetic,middle,middle,middle
train,7405,cefr-synthetic,middle,middle,middle
train,7406,cefr-synthetic,middle,high,high
train,7407,cefr-synthetic,middle,high,high
train,7408,cefr-synthetic,middle,high,high
train,7409,cefr-synthetic,middle,middle,middle
train,7410,cefr-synthetic,middle,middle,middle
train,7411,cefr-synthetic,middle,middle,middle
train,7412,cefr-synthetic,middle,middle,middle
train,7413,cefr-synthetic,middle,middle,middle
train,7414,cefr-synthetic,middle,middle,middle
train,7415,cefr-synthetic,middle,middle,middle
train,7416,cefr-synthetic,middle,middle,middle
train,7417,cefr-synthetic,middle,middle,middle
train,7418,cefr-synthetic,middle,middle,middle
train,7419,cefr-synthetic,middle,middle,middle
train,7420,cefr-synthetic,middle,middle,middle
train,7421,cefr-synthetic,middle,middle,middle
train,7422,cefr-synthetic,middle,high,high
train,7423,cefr-synthetic,middle,middle,middle
train,7424,cefr-synthetic,middle,middle,middle
train,7425,cefr-synthetic,middle,high,high
train,7426,cefr-synthetic,middle,middle,middle
train,7427,cefr-synthetic,middle,middle,middle
train,7428,cefr-synthetic,middle,middle,middle
train,7429,cefr-synthetic,middle,middle,middle
train,7430,cefr-synthetic,middle,high,high
train,7431,cefr-synthetic,middle,middle,middle
train,7432,cefr-synthetic,middle,high,high
train,7433,cefr-synthetic,middle,high,high
train,7434,cefr-synthetic,middle,middle,middle
train,7435,cefr-synthetic,middle,middle,middle
train,7436,cefr-synthetic,middle,high,high
train,7437,cefr-synthetic,middle,high,high
train,7438,cefr-synthetic,middle,middle,middle
train,7439,cefr-synthetic,middle,middle,middle
train,7440,cefr-synthetic,middle,high,high
train,7441,cefr-synthetic,middle,middle,middle
train,7442,cefr-synthetic,middle,high,high
train,7443,cefr-synthetic,middle,high,high
train,7444,cefr-synthetic,middle,high,high
train,7445,cefr-synthetic,middle,middle,middle
train,7446,cefr-synthetic,middle,high,high
train,7447,cefr-synthetic,middle,middle,middle
train,7448,cefr-synthetic,middle,middle,middle
train,7449,cefr-synthetic,middle,middle,middle
train,7450,cefr-synthetic,middle,middle,middle
train,7451,cefr-synthetic,middle,middle,middle
train,7452,cefr-synthetic,middle,high,high
train,7453,clear,elementary,middle,middle
train,7454,clear,elementary,elementary,elementary
train,7455,clear,elementary,elementary,elementary
train,7456,clear,elementary,elementary,elementary
train,7457,clear,elementary,elementary,elementary
train,7458,clear,elementary,middle,middle
train,7459,clear,elementary,middle,middle
train,7460,clear,elementary,high,high
train,7461,clear,elementary,high,high
train,7462,clear,elementary,middle,middle
train,7463,clear,elementary,elementary,elementary
train,7464,clear,elementary,middle,middle
train,7465,clear,elementary,elementary,elementary
train,7466,clear,elementary,middle,middle
train,7467,clear,elementary,middle,middle
train,7468,clear,elementary,middle,middle
train,7469,clear,elementary,middle,middle
train,7470,clear,elementary,middle,middle
train,7471,clear,elementary,middle,middle
train,7472,clear,elementary,elementary,elementary
train,7473,clear,elementary,middle,middle
train,7474,clear,elementary,middle,middle
train,7475,clear,elementary,middle,middle
train,7476,clear,elementary,middle,middle
train,7477,clear,elementary,middle,middle
train,7478,clear,elementary,middle,middle
train,7479,clear,elementary,elementary,elementary
train,7480,clear,elementary,middle,middle
train,7481,clear,elementary,elementary,elementary
train,7482,clear,elementary,elementary,elementary
train,7483,clear,elementary,middle,middle
train,7484,clear,elementary,middle,middle
train,7485,clear,elementary,elementary,elementary
train,7486,clear,elementary,middle,middle
train,7487,clear,elementary,middle,middle
train,7488,clear,elementary,elementary,elementary
train,7489,clear,elementary,middle,middle
train,7490,clear,elementary,middle,middle
train,7491,clear,elementary,elementary,elementary
train,7492,clear,elementary,middle,middle
train,7493,clear,elementary,middle,middle
train,7494,clear,elementary,high,high
train,7495,clear,elementary,high,high
train,7496,clear,elementary,middle,middle
train,7497,clear,elementary,middle,middle
train,7498,clear,elementary,elementary,elementary
train,7499,clear,elementary,middle,middle
train,7500,clear,elementary,middle,middle
train,7501,clear,elementary,middle,middle
train,7502,clear,elementary,middle,middle
train,7503,clear,elementary,middle,middle
train,7504,clear,elementary,middle,middle
train,7505,clear,elementary,middle,middle
train,7506,clear,elementary,elementary,elementary
train,7507,clear,elementary,middle,middle
train,7508,clear,elementary,middle,middle
train,7509,clear,elementary,middle,middle
train,7510,clear,elementary,middle,middle
train,7511,clear,elementary,middle,middle
train,7512,clear,elementary,middle,middle
train,7513,clear,elementary,middle,middle
train,7514,clear,elementary,middle,middle
train,7515,clear,elementary,middle,middle
train,7516,clear,elementary,middle,middle
train,7517,clear,elementary,middle,middle
train,7518,clear,elementary,middle,middle
train,7519,clear,elementary,middle,middle
train,7520,clear,elementary,middle,middle
train,7521,clear,elementary,middle,middle
train,7522,clear,elementary,middle,middle
train,7523,clear,elementary,high,high
train,7524,clear,elementary,high,high
train,7525,clear,elementary,middle,middle
train,7526,clear,elementary,middle,middle
train,7527,clear,elementary,middle,middle
train,7528,clear,elementary,middle,middle
train,7529,clear,elementary,elementary,elementary
train,7530,clear,elementary,middle,middle
train,7531,clear,elementary,middle,middle
train,7532,clear,elementary,middle,middle
train,7533,clear,elementary,elementary,elementary
train,7534,clear,elementary,elementary,elementary
train,7535,clear,elementary,high,high
train,7536,clear,elementary,middle,middle
train,7537,clear,elementary,elementary,elementary
train,7538,clear,elementary,middle,middle
train,7539,clear,elementary,middle,middle
train,7540,clear,elementary,middle,middle
train,7541,clear,elementary,middle,middle
train,7542,clear,elementary,elementary,elementary
train,7543,clear,elementary,middle,middle
train,7544,clear,elementary,elementary,elementary
train,7545,clear,elementary,high,high
train,7546,clear,elementary,middle,middle
train,7547,clear,elementary,middle,middle
train,7548,clear,elementary,elementary,elementary
train,7549,clear,elementary,middle,middle
train,7550,clear,elementary,elementary,elementary
train,7551,clear,elementary,middle,middle
train,7552,clear,elementary,high,high
train,7553,clear,elementary,middle,middle
train,7554,clear,elementary,middle,middle
train,7555,clear,elementary,middle,middle
train,7556,clear,elementary,elementary,elementary
train,7557,clear,elementary,middle,middle
train,7558,clear,elementary,middle,middle
train,7559,clear,elementary,middle,middle
train,7560,clear,elementary,middle,middle
train,7561,clear,elementary,elementary,elementary
train,7562,clear,elementary,elementary,elementary
train,7563,clear,elementary,middle,middle
train,7564,clear,elementary,middle,middle
train,7565,clear,elementary,middle,middle
train,7566,clear,elementary,elementary,elementary
train,7567,clear,elementary,high,high
train,7568,clear,elementary,middle,middle
train,7569,clear,elementary,middle,middle
train,7570,clear,elementary,middle,middle
train,7571,clear,elementary,middle,middle
train,7572,clear,elementary,middle,middle
train,7573,clear,elementary,middle,middle
train,7574,clear,elementary,middle,middle
train,7575,clear,elementary,middle,middle
train,7576,clear,elementary,middle,middle
train,7577,clear,elementary,high,high
train,7578,clear,elementary,middle,middle
train,7579,clear,elementary,middle,middle
train,7580,clear,elementary,middle,middle
train,7581,clear,elementary,middle,middle
train,7582,clear,elementary,middle,middle
train,7583,clear,elementary,middle,middle
train,7584,clear,elementary,middle,middle
train,7585,clear,elementary,elementary,elementary
train,7586,clear,elementary,middle,middle
train,7587,clear,elementary,middle,middle
train,7588,clear,elementary,middle,middle
train,7589,clear,elementary,elementary,elementary
train,7590,clear,elementary,middle,middle
train,7591,clear,elementary,middle,middle
train,7592,clear,elementary,high,high
train,7593,clear,elementary,elementary,elementary
train,7594,clear,elementary,elementary,elementary
train,7595,clear,elementary,middle,middle
train,7596,clear,elementary,middle,middle
train,7597,clear,elementary,middle,middle
train,7598,clear,elementary,middle,middle
train,7599,clear,elementary,middle,middle
train,7600,clear,elementary,middle,middle
train,7601,clear,elementary,middle,middle
train,7602,clear,elementary,middle,middle
train,7603,clear,elementary,high,high
train,7604,clear,elementary,elementary,elementary
train,7605,clear,elementary,middle,middle
train,7606,clear,elementary,middle,middle
train,7607,clear,elementary,middle,middle
train,7608,clear,elementary,middle,middle
train,7609,clear,elementary,middle,middle
train,7610,clear,elementary,middle,middle
train,7611,clear,elementary,middle,middle
train,7612,clear,elementary,high,high
train,7613,clear,elementary,high,high
train,7614,clear,elementary,middle,middle
train,7615,clear,elementary,middle,middle
train,7616,clear,elementary,middle,middle
train,7617,clear,elementary,middle,middle
train,7618,clear,elementary,high,high
train,7619,clear,elementary,middle,middle
train,7620,clear,elementary,elementary,elementary
train,7621,clear,elementary,middle,middle
train,7622,clear,elementary,elementary,elementary
train,7623,clear,elementary,middle,middle
train,7624,clear,elementary,middle,middle
train,7625,clear,elementary,middle,middle
train,7626,clear,elementary,middle,middle
train,7627,clear,elementary,middle,middle
train,7628,clear,elementary,middle,middle
train,7629,clear,elementary,middle,middle
train,7630,clear,elementary,elementary,elementary
train,7631,clear,elementary,middle,middle
train,7632,clear,elementary,middle,middle
train,7633,clear,elementary,middle,middle
train,7634,clear,elementary,middle,middle
train,7635,clear,elementary,middle,middle
train,7636,clear,elementary,middle,middle
train,7637,clear,elementary,middle,middle
train,7638,clear,elementary,middle,middle
train,7639,clear,elementary,middle,middle
train,7640,clear,elementary,middle,middle
train,7641,clear,elementary,high,high
train,7642,clear,elementary,middle,middle
train,7643,clear,elementary,elementary,elementary
train,7644,clear,elementary,middle,middle
train,7645,clear,elementary,middle,middle
train,7646,clear,elementary,high,high
train,7647,clear,elementary,middle,middle
train,7648,clear,elementary,middle,middle
train,7649,clear,elementary,middle,middle
train,7650,clear,elementary,middle,middle
train,7651,clear,elementary,middle,middle
train,7652,clear,elementary,middle,middle
train,7653,clear,elementary,middle,middle
train,7654,clear,elementary,high,high
train,7655,clear,elementary,high,high
train,7656,clear,elementary,middle,middle
train,7657,clear,elementary,middle,middle
train,7658,clear,elementary,middle,middle
train,7659,clear,elementary,middle,middle
train,7660,clear,elementary,middle,middle
train,7661,clear,elementary,middle,middle
train,7662,clear,elementary,elementary,elementary
train,7663,clear,elementary,middle,middle
train,7664,clear,elementary,middle,middle
train,7665,clear,elementary,middle,middle
train,7666,clear,elementary,middle,middle
train,7667,clear,elementary,elementary,elementary
train,7668,clear,elementary,elementary,elementary
train,7669,clear,elementary,high,high
train,7670,clear,elementary,middle,middle
train,7671,clear,elementary,middle,middle
train,7672,clear,elementary,middle,middle
train,7673,clear,elementary,middle,middle
train,7674,clear,elementary,middle,middle
train,7675,clear,elementary,middle,middle
train,7676,clear,elementary,middle,middle
train,7677,clear,elementary,middle,middle
train,7678,clear,elementary,middle,middle
train,7679,clear,elementary,elementary,elementary
train,7680,clear,elementary,high,high
train,7681,clear,elementary,middle,middle
train,7682,clear,elementary,high,high
train,7683,clear,elementary,middle,middle
train,7684,clear,elementary,high,high
train,7685,clear,elementary,elementary,elementary
train,7686,clear,elementary,middle,middle
train,7687,clear,elementary,middle,middle
train,7688,clear,elementary,middle,middle
train,7689,clear,elementary,middle,middle
train,7690,clear,elementary,middle,middle
train,7691,clear,elementary,high,high
train,7692,clear,elementary,middle,middle
train,7693,clear,elementary,middle,middle
train,7694,clear,elementary,middle,middle
train,7695,clear,elementary,middle,middle
train,7696,clear,elementary,middle,middle
train,7697,clear,elementary,middle,middle
train,7698,clear,elementary,elementary,elementary
train,7699,clear,elementary,middle,middle
train,7700,clear,elementary,middle,middle
train,7701,clear,elementary,elementary,elementary
train,7702,clear,elementary,middle,middle
train,7703,clear,elementary,elementary,elementary
train,7704,clear,elementary,middle,middle
train,7705,clear,elementary,middle,middle
train,7706,clear,elementary,middle,middle
train,7707,clear,elementary,middle,middle
train,7708,clear,elementary,elementary,elementary
train,7709,clear,elementary,middle,middle
train,7710,clear,elementary,elementary,elementary
train,7711,clear,elementary,middle,middle
train,7712,clear,elementary,middle,middle
train,7713,clear,elementary,middle,middle
train,7714,clear,elementary,middle,middle
train,7715,clear,elementary,high,high
train,7716,clear,elementary,middle,middle
train,7717,clear,elementary,middle,middle
train,7718,clear,elementary,middle,middle
train,7719,clear,elementary,high,high
train,7720,clear,elementary,middle,middle
train,7721,clear,elementary,middle,middle
train,7722,clear,elementary,middle,middle
train,7723,clear,elementary,middle,middle
train,7724,clear,elementary,middle,middle
train,7725,clear,elementary,middle,middle
train,7726,clear,elementary,elementary,elementary
train,7727,clear,elementary,middle,middle
train,7728,clear,elementary,middle,middle
train,7729,clear,elementary,middle,middle
train,7730,clear,elementary,middle,middle
train,7731,clear,elementary,middle,middle
train,7732,clear,elementary,middle,middle
train,7733,clear,elementary,middle,middle
train,7734,clear,elementary,middle,middle
train,7735,clear,elementary,middle,middle
train,7736,clear,elementary,high,high
train,7737,clear,elementary,elementary,elementary
train,7738,clear,elementary,middle,middle
train,7739,clear,elementary,middle,middle
train,7740,clear,elementary,elementary,elementary
train,7741,clear,elementary,high,high
train,7742,clear,elementary,middle,middle
train,7743,clear,elementary,middle,middle
train,7744,clear,elementary,middle,middle
train,7745,clear,elementary,middle,middle
train,7746,clear,elementary,elementary,elementary
train,7747,clear,elementary,middle,middle
train,7748,clear,elementary,middle,middle
train,7749,clear,elementary,elementary,elementary
train,7750,clear,elementary,middle,middle
train,7751,clear,elementary,high,high
train,7752,clear,elementary,middle,middle
train,7753,clear,elementary,elementary,elementary
train,7754,clear,elementary,elementary,elementary
train,7755,clear,elementary,middle,middle
train,7756,clear,elementary,high,high
train,7757,clear,elementary,elementary,elementary
train,7758,clear,elementary,middle,middle
train,7759,clear,elementary,middle,middle
train,7760,clear,elementary,middle,middle
train,7761,clear,elementary,elementary,elementary
train,7762,clear,elementary,middle,middle
train,7763,clear,elementary,middle,middle
train,7764,clear,elementary,middle,middle
train,7765,clear,elementary,elementary,elementary
train,7766,clear,elementary,middle,middle
train,7767,clear,elementary,middle,middle
train,7768,clear,elementary,middle,middle
train,7769,clear,elementary,middle,middle
train,7770,clear,elementary,elementary,elementary
train,7771,clear,elementary,elementary,elementary
train,7772,clear,elementary,middle,middle
train,7773,clear,elementary,middle,middle
train,7774,clear,elementary,middle,middle
train,7775,clear,elementary,elementary,elementary
train,7776,clear,elementary,middle,middle
train,7777,clear,elementary,high,high
train,7778,clear,elementary,elementary,elementary
train,7779,clear,elementary,middle,middle
train,7780,clear,elementary,middle,middle
train,7781,clear,elementary,middle,middle
train,7782,clear,elementary,middle,middle
train,7783,clear,elementary,middle,middle
train,7784,clear,elementary,middle,middle
train,7785,clear,elementary,middle,middle
train,7786,clear,elementary,middle,middle
train,7787,clear,elementary,middle,middle
train,7788,clear,elementary,middle,middle
train,7789,clear,elementary,middle,middle
train,7790,clear,elementary,middle,middle
train,7791,clear,elementary,middle,middle
train,7792,clear,elementary,middle,middle
train,7793,clear,elementary,elementary,elementary
train,7794,clear,elementary,middle,middle
train,7795,clear,elementary,high,high
train,7796,clear,elementary,middle,middle
train,7797,clear,elementary,middle,middle
train,7798,clear,elementary,middle,middle
train,7799,clear,elementary,middle,middle
train,7800,clear,elementary,middle,middle
train,7801,clear,elementary,middle,middle
train,7802,clear,elementary,middle,middle
train,7803,clear,elementary,middle,middle
train,7804,clear,elementary,middle,middle
train,7805,clear,elementary,middle,middle
train,7806,clear,elementary,elementary,elementary
train,7807,clear,elementary,middle,middle
train,7808,clear,elementary,middle,middle
train,7809,clear,elementary,middle,middle
train,7810,clear,elementary,high,high
train,7811,clear,elementary,middle,middle
train,7812,clear,elementary,middle,middle
train,7813,clear,elementary,middle,middle
train,7814,clear,elementary,middle,middle
train,7815,clear,elementary,middle,middle
train,7816,clear,elementary,middle,middle
train,7817,clear,elementary,middle,middle
train,7818,clear,elementary,middle,middle
train,7819,clear,elementary,high,high
train,7820,clear,elementary,middle,middle
train,7821,clear,elementary,middle,middle
train,7822,clear,elementary,middle,middle
train,7823,clear,elementary,middle,middle
train,7824,clear,elementary,middle,middle
train,7825,clear,elementary,middle,middle
train,7826,clear,elementary,middle,middle
train,7827,clear,elementary,middle,middle
train,7828,clear,elementary,middle,middle
train,7829,clear,elementary,middle,middle
train,7830,clear,elementary,elementary,elementary
train,7831,clear,elementary,elementary,elementary
train,7832,clear,elementary,middle,middle
train,7833,clear,elementary,elementary,elementary
train,7834,clear,elementary,middle,middle
train,7835,clear,elementary,elementary,elementary
train,7836,clear,elementary,middle,middle
train,7837,clear,elementary,middle,middle
train,7838,clear,elementary,middle,middle
train,7839,clear,elementary,middle,middle
train,7840,clear,elementary,elementary,elementary
train,7841,clear,elementary,middle,middle
train,7842,clear,elementary,middle,middle
train,7843,clear,elementary,middle,middle
train,7844,clear,elementary,middle,middle
train,7845,clear,elementary,middle,middle
train,7846,clear,elementary,middle,middle
train,7847,clear,elementary,elementary,elementary
train,7848,clear,elementary,middle,middle
train,7849,clear,elementary,middle,middle
train,7850,clear,elementary,middle,middle
train,7851,clear,elementary,middle,middle
train,7852,clear,elementary,high,high
train,7853,clear,elementary,middle,middle
train,7854,clear,elementary,middle,middle
train,7855,clear,elementary,middle,middle
train,7856,clear,elementary,middle,middle
train,7857,clear,elementary,middle,middle
train,7858,clear,elementary,elementary,elementary
train,7859,clear,elementary,middle,middle
train,7860,clear,elementary,high,high
train,7861,clear,elementary,middle,middle
train,7862,clear,elementary,elementary,elementary
train,7863,clear,elementary,middle,middle
train,7864,clear,elementary,middle,middle
train,7865,clear,elementary,middle,middle
train,7866,clear,elementary,middle,middle
train,7867,clear,elementary,middle,middle
train,7868,clear,elementary,middle,middle
train,7869,clear,elementary,middle,middle
train,7870,clear,elementary,middle,middle
train,7871,clear,elementary,middle,middle
train,7872,clear,elementary,middle,middle
train,7873,clear,elementary,middle,middle
train,7874,clear,elementary,middle,middle
train,7875,clear,elementary,middle,middle
train,7876,clear,elementary,middle,middle
train,7877,clear,elementary,middle,middle
train,7878,clear,elementary,middle,middle
train,7879,clear,elementary,middle,middle
train,7880,clear,elementary,elementary,elementary
train,7881,clear,elementary,middle,middle
train,7882,clear,elementary,high,high
train,7883,clear,elementary,middle,middle
train,7884,clear,elementary,middle,middle
train,7885,clear,elementary,middle,middle
train,7886,clear,elementary,middle,middle
train,7887,clear,elementary,middle,middle
train,7888,clear,elementary,middle,middle
train,7889,clear,elementary,middle,middle
train,7890,clear,elementary,middle,middle
train,7891,clear,elementary,elementary,elementary
train,7892,clear,elementary,elementary,elementary
train,7893,clear,elementary,middle,middle
train,7894,clear,elementary,middle,middle
train,7895,clear,elementary,middle,middle
train,7896,clear,elementary,middle,middle
train,7897,clear,elementary,elementary,elementary
train,7898,clear,elementary,middle,middle
train,7899,clear,elementary,elementary,elementary
train,7900,clear,elementary,high,high
train,7901,clear,elementary,middle,middle
train,7902,clear,elementary,high,high
train,7903,clear,elementary,middle,middle
train,7904,clear,elementary,middle,middle
train,7905,clear,elementary,middle,middle
train,7906,clear,elementary,middle,middle
train,7907,clear,elementary,middle,middle
train,7908,clear,elementary,middle,middle
train,7909,clear,elementary,high,high
train,7910,clear,elementary,middle,middle
train,7911,clear,elementary,middle,middle
train,7912,clear,elementary,middle,middle
train,7913,clear,elementary,middle,middle
train,7914,clear,elementary,elementary,elementary
train,7915,clear,elementary,middle,middle
train,7916,clear,elementary,middle,middle
train,7917,clear,elementary,middle,middle
train,7918,clear,elementary,middle,middle
train,7919,clear,elementary,elementary,elementary
train,7920,clear,elementary,middle,middle
train,7921,clear,elementary,middle,middle
train,7922,clear,elementary,high,high
train,7923,clear,elementary,middle,middle
train,7924,clear,elementary,elementary,elementary
train,7925,clear,elementary,middle,middle
train,7926,clear,elementary,middle,middle
train,7927,clear,elementary,middle,middle
train,7928,clear,elementary,middle,middle
train,7929,clear,elementary,middle,middle
train,7930,clear,elementary,middle,middle
train,7931,clear,elementary,elementary,elementary
train,7932,clear,elementary,middle,middle
train,7933,clear,elementary,elementary,elementary
train,7934,clear,elementary,middle,middle
train,7935,clear,elementary,high,high
train,7936,clear,elementary,elementary,elementary
train,7937,clear,elementary,middle,middle
train,7938,clear,elementary,middle,middle
train,7939,clear,elementary,middle,middle
train,7940,clear,elementary,high,high
train,7941,clear,elementary,middle,middle
train,7942,clear,elementary,middle,middle
train,7943,clear,elementary,middle,middle
train,7944,clear,elementary,middle,middle
train,7945,clear,elementary,middle,middle
train,7946,clear,elementary,elementary,elementary
train,7947,clear,elementary,middle,middle
train,7948,clear,elementary,middle,middle
train,7949,clear,elementary,elementary,elementary
train,7950,clear,elementary,middle,middle
train,7951,clear,elementary,middle,middle
train,7952,clear,elementary,middle,middle
train,7953,clear,elementary,middle,middle
train,7954,clear,elementary,middle,middle
train,7955,clear,elementary,middle,middle
train,7956,clear,elementary,middle,middle
train,7957,clear,elementary,middle,middle
train,7958,clear,elementary,middle,middle
train,7959,clear,elementary,middle,middle
train,7960,clear,elementary,elementary,elementary
train,7961,clear,elementary,elementary,elementary
train,7962,clear,elementary,middle,middle
train,7963,clear,elementary,middle,middle
train,7964,clear,elementary,middle,middle
train,7965,clear,elementary,middle,middle
train,7966,clear,elementary,middle,middle
train,7967,clear,elementary,middle,middle
train,7968,clear,elementary,middle,middle
train,7969,clear,elementary,middle,middle
train,7970,clear,elementary,middle,middle
train,7971,clear,elementary,middle,middle
train,7972,clear,elementary,middle,middle
train,7973,clear,elementary,high,high
train,7974,clear,elementary,middle,middle
train,7975,clear,elementary,high,high
train,7976,clear,elementary,elementary,elementary
train,7977,clear,elementary,middle,middle
train,7978,clear,elementary,middle,middle
train,7979,clear,elementary,middle,middle
train,7980,clear,elementary,middle,middle
train,7981,clear,elementary,elementary,elementary
train,7982,clear,elementary,middle,middle
train,7983,clear,elementary,middle,middle
train,7984,clear,elementary,middle,middle
train,7985,clear,elementary,elementary,elementary
train,7986,clear,elementary,middle,middle
train,7987,clear,elementary,middle,middle
train,7988,clear,elementary,middle,middle
train,7989,clear,elementary,middle,middle
train,7990,clear,elementary,middle,middle
train,7991,clear,elementary,high,high
train,7992,clear,elementary,middle,middle
train,7993,clear,elementary,middle,middle
train,7994,clear,elementary,middle,middle
train,7995,clear,elementary,middle,middle
train,7996,clear,elementary,elementary,elementary
train,7997,clear,elementary,middle,middle
train,7998,clear,elementary,middle,middle
train,7999,clear,elementary,middle,middle
train,8000,clear,elementary,middle,middle
train,8001,clear,elementary,elementary,elementary
train,8002,clear,elementary,middle,middle
train,8003,clear,elementary,middle,middle
train,8004,clear,elementary,middle,middle
train,8005,clear,elementary,middle,middle
train,8006,clear,elementary,elementary,elementary
train,8007,clear,elementary,middle,middle
train,8008,clear,elementary,middle,middle
train,8009,clear,elementary,middle,middle
train,8010,clear,elementary,middle,middle
train,8011,clear,elementary,high,high
train,8012,clear,elementary,middle,middle
train,8013,clear,elementary,middle,middle
train,8014,clear,elementary,elementary,elementary
train,8015,clear,elementary,middle,middle
train,8016,clear,elementary,middle,middle
train,8017,clear,elementary,middle,middle
train,8018,clear,elementary,middle,middle
train,8019,clear,elementary,middle,middle
train,8020,clear,elementary,middle,middle
train,8021,clear,elementary,middle,middle
train,8022,clear,elementary,middle,middle
train,8023,clear,elementary,elementary,elementary
train,8024,clear,elementary,middle,middle
train,8025,clear,elementary,high,high
train,8026,clear,elementary,middle,middle
train,8027,clear,elementary,middle,middle
train,8028,clear,elementary,middle,middle
train,8029,clear,elementary,middle,middle
train,8030,clear,elementary,middle,middle
train,8031,clear,elementary,elementary,elementary
train,8032,clear,elementary,middle,middle
train,8033,clear,elementary,middle,middle
train,8034,clear,elementary,elementary,elementary
train,8035,clear,elementary,elementary,elementary
train,8036,clear,elementary,high,high
train,8037,clear,elementary,middle,middle
train,8038,clear,elementary,high,high
train,8039,clear,elementary,middle,middle
train,8040,clear,elementary,middle,middle
train,8041,clear,elementary,middle,middle
train,8042,clear,elementary,elementary,elementary
train,8043,clear,elementary,middle,middle
train,8044,clear,elementary,middle,middle
train,8045,clear,elementary,middle,middle
train,8046,clear,elementary,middle,middle
train,8047,clear,elementary,elementary,elementary
train,8048,clear,elementary,middle,middle
train,8049,clear,elementary,high,high
train,8050,clear,elementary,middle,middle
train,8051,clear,elementary,elementary,elementary
train,8052,clear,elementary,middle,middle
train,8053,clear,elementary,high,high
train,8054,clear,elementary,middle,middle
train,8055,clear,elementary,middle,middle
train,8056,clear,elementary,elementary,elementary
train,8057,clear,elementary,elementary,elementary
train,8058,clear,elementary,middle,middle
train,8059,clear,elementary,middle,middle
train,8060,clear,elementary,elementary,elementary
train,8061,clear,elementary,middle,middle
train,8062,clear,elementary,middle,middle
train,8063,clear,elementary,middle,middle
train,8064,clear,elementary,elementary,elementary
train,8065,clear,elementary,elementary,elementary
train,8066,clear,elementary,middle,middle
train,8067,clear,elementary,middle,middle
train,8068,clear,elementary,elementary,elementary
train,8069,clear,elementary,middle,middle
train,8070,clear,elementary,middle,middle
train,8071,clear,elementary,middle,middle
train,8072,clear,elementary,middle,middle
train,8073,clear,elementary,elementary,elementary
train,8074,clear,elementary,middle,middle
train,8075,clear,elementary,high,high
train,8076,clear,elementary,middle,middle
train,8077,clear,elementary,middle,middle
train,8078,clear,elementary,middle,middle
train,8079,clear,elementary,high,high
train,8080,clear,elementary,middle,middle
train,8081,clear,elementary,elementary,elementary
train,8082,clear,elementary,middle,middle
train,8083,clear,elementary,middle,middle
train,8084,clear,elementary,middle,middle
train,8085,clear,elementary,middle,middle
train,8086,clear,elementary,middle,middle
train,8087,clear,elementary,middle,middle
train,8088,clear,elementary,middle,middle
train,8089,clear,elementary,elementary,elementary
train,8090,clear,elementary,middle,middle
train,8091,clear,elementary,middle,middle
train,8092,clear,elementary,middle,middle
train,8093,clear,elementary,middle,middle
train,8094,clear,elementary,middle,middle
train,8095,clear,elementary,middle,middle
train,8096,clear,elementary,elementary,elementary
train,8097,clear,elementary,middle,middle
train,8098,clear,elementary,middle,middle
train,8099,clear,elementary,elementary,elementary
train,8100,clear,elementary,middle,middle
train,8101,clear,elementary,middle,middle
train,8102,clear,elementary,middle,middle
train,8103,clear,elementary,middle,middle
train,8104,clear,elementary,middle,middle
train,8105,clear,elementary,middle,middle
train,8106,clear,elementary,middle,middle
train,8107,clear,elementary,middle,middle
train,8108,clear,elementary,middle,middle
train,8109,clear,elementary,middle,middle
train,8110,clear,elementary,middle,middle
train,8111,clear,elementary,elementary,elementary
train,8112,clear,elementary,middle,middle
train,8113,clear,elementary,middle,middle
train,8114,clear,elementary,middle,middle
train,8115,clear,elementary,high,high
train,8116,clear,elementary,middle,middle
train,8117,clear,high,middle,middle
train,8118,clear,high,high,high
train,8119,clear,high,middle,middle
train,8120,clear,high,middle,middle
train,8121,clear,high,high,high
train,8122,clear,high,high,high
train,8123,clear,high,high,high
train,8124,clear,high,middle,middle
train,8125,clear,high,high,high
train,8126,clear,high,middle,middle
train,8127,clear,high,high,high
train,8128,clear,high,high,high
train,8129,clear,high,middle,middle
train,8130,clear,high,high,high
train,8131,clear,high,middle,middle
train,8132,clear,high,high,high
train,8133,clear,high,middle,middle
train,8134,clear,high,high,high
train,8135,clear,high,middle,middle
train,8136,clear,high,high,high
train,8137,clear,high,middle,middle
train,8138,clear,high,high,high
train,8139,clear,high,high,high
train,8140,clear,high,middle,middle
train,8141,clear,high,middle,middle
train,8142,clear,high,middle,middle
train,8143,clear,high,high,high
train,8144,clear,high,high,high
train,8145,clear,high,middle,middle
train,8146,clear,high,middle,middle
train,8147,clear,high,high,high
train,8148,clear,high,high,high
train,8149,clear,high,high,high
train,8150,clear,high,high,high
train,8151,clear,high,high,high
train,8152,clear,high,high,high
train,8153,clear,high,high,high
train,8154,clear,high,high,high
train,8155,clear,high,middle,middle
train,8156,clear,high,high,high
train,8157,clear,high,middle,middle
train,8158,clear,high,high,high
train,8159,clear,high,middle,middle
train,8160,clear,high,middle,middle
train,8161,clear,high,middle,middle
train,8162,clear,high,high,high
train,8163,clear,high,high,high
train,8164,clear,high,high,high
train,8165,clear,high,middle,middle
train,8166,clear,high,high,high
train,8167,clear,high,high,high
train,8168,clear,high,high,high
train,8169,clear,high,middle,middle
train,8170,clear,high,high,high
train,8171,clear,high,high,high
train,8172,clear,high,high,high
train,8173,clear,high,middle,middle
train,8174,clear,high,high,high
train,8175,clear,high,middle,middle
train,8176,clear,high,high,high
train,8177,clear,high,high,high
train,8178,clear,high,high,high
train,8179,clear,high,middle,middle
train,8180,clear,high,middle,middle
train,8181,clear,high,middle,middle
train,8182,clear,high,middle,middle
train,8183,clear,high,high,high
train,8184,clear,high,high,high
train,8185,clear,high,middle,middle
train,8186,clear,high,high,high
train,8187,clear,high,high,high
train,8188,clear,high,middle,middle
train,8189,clear,high,high,high
train,8190,clear,high,middle,middle
train,8191,clear,high,high,high
train,8192,clear,high,middle,middle
train,8193,clear,high,high,high
train,8194,clear,high,middle,middle
train,8195,clear,high,high,high
train,8196,clear,high,high,high
train,8197,clear,high,high,high
train,8198,clear,high,high,high
train,8199,clear,high,high,high
train,8200,clear,high,middle,middle
train,8201,clear,high,high,high
train,8202,clear,high,high,high
train,8203,clear,high,high,high
train,8204,clear,high,high,high
train,8205,clear,high,high,high
train,8206,clear,high,middle,middle
train,8207,clear,high,high,high
train,8208,clear,high,high,high
train,8209,clear,high,high,high
train,8210,clear,high,middle,middle
train,8211,clear,high,middle,middle
train,8212,clear,high,high,high
train,8213,clear,high,high,high
train,8214,clear,high,middle,middle
train,8215,clear,high,middle,middle
train,8216,clear,high,high,high
train,8217,clear,high,high,high
train,8218,clear,high,high,high
train,8219,clear,high,middle,middle
train,8220,clear,high,middle,middle
train,8221,clear,high,middle,middle
train,8222,clear,high,high,high
train,8223,clear,high,high,high
train,8224,clear,high,middle,middle
train,8225,clear,high,middle,middle
train,8226,clear,high,middle,middle
train,8227,clear,high,high,high
train,8228,clear,high,middle,middle
train,8229,clear,high,high,high
train,8230,clear,high,high,high
train,8231,clear,high,middle,middle
train,8232,clear,high,high,high
train,8233,clear,high,high,high
train,8234,clear,high,high,high
train,8235,clear,high,middle,middle
train,8236,clear,high,middle,middle
train,8237,clear,high,middle,middle
train,8238,clear,high,high,high
train,8239,clear,high,middle,middle
train,8240,clear,high,middle,middle
train,8241,clear,high,high,high
train,8242,clear,high,high,high
train,8243,clear,high,high,high
train,8244,clear,high,high,high
train,8245,clear,high,middle,middle
train,8246,clear,high,high,high
train,8247,clear,high,high,high
train,8248,clear,high,middle,middle
train,8249,clear,high,high,high
train,8250,clear,high,high,high
train,8251,clear,high,high,high
train,8252,clear,high,high,high
train,8253,clear,high,middle,middle
train,8254,clear,high,middle,middle
train,8255,clear,high,middle,middle
train,8256,clear,high,high,high
train,8257,clear,high,middle,middle
train,8258,clear,high,high,high
train,8259,clear,high,high,high
train,8260,clear,high,high,high
train,8261,clear,high,high,high
train,8262,clear,high,high,high
train,8263,clear,high,middle,middle
train,8264,clear,high,high,high
train,8265,clear,high,middle,middle
train,8266,clear,high,high,high
train,8267,clear,high,middle,middle
train,8268,clear,high,high,high
train,8269,clear,high,middle,middle
train,8270,clear,high,high,high
train,8271,clear,high,middle,middle
train,8272,clear,high,high,high
train,8273,clear,high,middle,middle
train,8274,clear,high,middle,middle
train,8275,clear,high,high,high
train,8276,clear,high,high,high
train,8277,clear,high,high,high
train,8278,clear,high,high,high
train,8279,clear,high,high,high
train,8280,clear,high,middle,middle
train,8281,clear,high,high,high
train,8282,clear,high,high,high
train,8283,clear,high,high,high
train,8284,clear,high,high,high
train,8285,clear,high,high,high
train,8286,clear,high,elementary,elementary
train,8287,clear,high,high,high
train,8288,clear,high,middle,middle
train,8289,clear,high,middle,middle
train,8290,clear,high,high,high
train,8291,clear,high,middle,middle
train,8292,clear,high,middle,middle
train,8293,clear,high,high,high
train,8294,clear,high,middle,middle
train,8295,clear,high,middle,middle
train,8296,clear,high,middle,middle
train,8297,clear,high,high,high
train,8298,clear,high,high,high
train,8299,clear,high,high,high
train,8300,clear,high,high,high
train,8301,clear,high,high,high
train,8302,clear,high,middle,middle
train,8303,clear,high,middle,middle
train,8304,clear,high,high,high
train,8305,clear,high,middle,middle
train,8306,clear,high,middle,middle
train,8307,clear,high,middle,middle
train,8308,clear,high,high,high
train,8309,clear,high,middle,middle
train,8310,clear,high,middle,middle
train,8311,clear,high,high,high
train,8312,clear,high,high,high
train,8313,clear,high,middle,middle
train,8314,clear,high,high,high
train,8315,clear,high,middle,middle
train,8316,clear,high,middle,middle
train,8317,clear,high,middle,middle
train,8318,clear,high,high,high
train,8319,clear,high,high,high
train,8320,clear,high,high,high
train,8321,clear,high,high,high
train,8322,clear,high,middle,middle
train,8323,clear,high,high,high
train,8324,clear,high,middle,middle
train,8325,clear,high,middle,middle
train,8326,clear,high,high,high
train,8327,clear,high,high,high
train,8328,clear,high,high,high
train,8329,clear,high,high,high
train,8330,clear,high,high,high
train,8331,clear,high,middle,middle
train,8332,clear,high,high,high
train,8333,clear,high,high,high
train,8334,clear,high,high,high
train,8335,clear,high,middle,middle
train,8336,clear,high,high,high
train,8337,clear,high,high,high
train,8338,clear,high,high,high
train,8339,clear,high,middle,middle
train,8340,clear,high,high,high
train,8341,clear,high,middle,middle
train,8342,clear,high,high,high
train,8343,clear,high,high,high
train,8344,clear,high,high,high
train,8345,clear,high,middle,middle
train,8346,clear,high,high,high
train,8347,clear,high,high,high
train,8348,clear,high,middle,middle
train,8349,clear,high,high,high
train,8350,clear,high,high,high
train,8351,clear,high,high,high
train,8352,clear,high,middle,middle
train,8353,clear,high,middle,middle
train,8354,clear,high,high,high
train,8355,clear,high,middle,middle
train,8356,clear,high,middle,middle
train,8357,clear,high,high,high
train,8358,clear,high,high,high
train,8359,clear,high,high,high
train,8360,clear,high,middle,middle
train,8361,clear,high,high,high
train,8362,clear,high,middle,middle
train,8363,clear,high,high,high
train,8364,clear,high,high,high
train,8365,clear,high,high,high
train,8366,clear,high,middle,middle
train,8367,clear,high,middle,middle
train,8368,clear,high,middle,middle
train,8369,clear,high,middle,middle
train,8370,clear,high,high,high
train,8371,clear,high,high,high
train,8372,clear,high,middle,middle
train,8373,clear,high,high,high
train,8374,clear,high,high,high
train,8375,clear,high,middle,middle
train,8376,clear,high,middle,middle
train,8377,clear,high,high,high
train,8378,clear,high,high,high
train,8379,clear,high,high,high
train,8380,clear,high,middle,middle
train,8381,clear,high,high,high
train,8382,clear,high,middle,middle
train,8383,clear,high,high,high
train,8384,clear,high,middle,middle
train,8385,clear,high,middle,middle
train,8386,clear,high,high,high
train,8387,clear,high,middle,middle
train,8388,clear,high,high,high
train,8389,clear,high,middle,middle
train,8390,clear,high,high,high
train,8391,clear,high,high,high
train,8392,clear,high,middle,middle
train,8393,clear,high,high,high
train,8394,clear,high,high,high
train,8395,clear,high,high,high
train,8396,clear,high,high,high
train,8397,clear,high,middle,middle
train,8398,clear,high,high,high
train,8399,clear,high,high,high
train,8400,clear,high,middle,middle
train,8401,clear,high,high,high
train,8402,clear,high,middle,middle
train,8403,clear,high,middle,middle
train,8404,clear,high,middle,middle
train,8405,clear,high,high,high
train,8406,clear,high,high,high
train,8407,clear,high,high,high
train,8408,clear,high,high,high
train,8409,clear,high,high,high
train,8410,clear,high,middle,middle
train,8411,clear,high,middle,middle
train,8412,clear,high,high,high
train,8413,clear,high,high,high
train,8414,clear,high,high,high
train,8415,clear,high,high,high
train,8416,clear,high,high,high
train,8417,clear,high,high,high
train,8418,clear,high,middle,middle
train,8419,clear,high,middle,middle
train,8420,clear,high,high,high
train,8421,clear,high,high,high
train,8422,clear,high,middle,middle
train,8423,clear,high,high,high
train,8424,clear,high,high,high
train,8425,clear,high,high,high
train,8426,clear,high,high,high
train,8427,clear,high,high,high
train,8428,clear,high,high,high
train,8429,clear,high,high,high
train,8430,clear,high,middle,middle
train,8431,clear,high,high,high
train,8432,clear,high,high,high
train,8433,clear,high,middle,middle
train,8434,clear,high,middle,middle
train,8435,clear,high,middle,middle
train,8436,clear,high,middle,middle
train,8437,clear,high,middle,middle
train,8438,clear,high,high,high
train,8439,clear,high,elementary,elementary
train,8440,clear,high,high,high
train,8441,clear,high,high,high
train,8442,clear,high,high,high
train,8443,clear,high,middle,middle
train,8444,clear,high,middle,middle
train,8445,clear,high,high,high
train,8446,clear,high,middle,middle
train,8447,clear,high,high,high
train,8448,clear,high,high,high
train,8449,clear,high,high,high
train,8450,clear,high,high,high
train,8451,clear,high,high,high
train,8452,clear,high,middle,middle
train,8453,clear,high,middle,middle
train,8454,clear,high,high,high
train,8455,clear,high,high,high
train,8456,clear,high,high,high
train,8457,clear,high,middle,middle
train,8458,clear,high,high,high
train,8459,clear,high,middle,middle
train,8460,clear,high,middle,middle
train,8461,clear,high,high,high
train,8462,clear,high,high,high
train,8463,clear,high,high,high
train,8464,clear,high,high,high
train,8465,clear,high,high,high
train,8466,clear,high,middle,middle
train,8467,clear,high,middle,middle
train,8468,clear,high,middle,middle
train,8469,clear,high,high,high
train,8470,clear,high,high,high
train,8471,clear,high,high,high
train,8472,clear,high,high,high
train,8473,clear,high,high,high
train,8474,clear,high,high,high
train,8475,clear,high,high,high
train,8476,clear,high,high,high
train,8477,clear,high,high,high
train,8478,clear,high,high,high
train,8479,clear,high,high,high
train,8480,clear,high,middle,middle
train,8481,clear,high,high,high
train,8482,clear,high,high,high
train,8483,clear,high,high,high
train,8484,clear,high,middle,middle
train,8485,clear,high,middle,middle
train,8486,clear,high,middle,middle
train,8487,clear,high,middle,middle
train,8488,clear,high,high,high
train,8489,clear,high,high,high
train,8490,clear,high,middle,middle
train,8491,clear,high,high,high
train,8492,clear,high,middle,middle
train,8493,clear,high,middle,middle
train,8494,clear,high,high,high
train,8495,clear,high,high,high
train,8496,clear,high,middle,middle
train,8497,clear,high,high,high
train,8498,clear,high,high,high
train,8499,clear,high,middle,middle
train,8500,clear,high,high,high
train,8501,clear,high,middle,middle
train,8502,clear,high,middle,middle
train,8503,clear,high,high,high
train,8504,clear,high,high,high
train,8505,clear,high,high,high
train,8506,clear,high,high,high
train,8507,clear,high,high,high
train,8508,clear,high,high,high
train,8509,clear,high,middle,middle
train,8510,clear,high,high,high
train,8511,clear,high,middle,middle
train,8512,clear,high,middle,middle
train,8513,clear,high,high,high
train,8514,clear,high,high,high
train,8515,clear,high,high,high
train,8516,clear,high,middle,middle
train,8517,clear,high,middle,middle
train,8518,clear,high,middle,middle
train,8519,clear,high,high,high
train,8520,clear,high,middle,middle
train,8521,clear,high,high,high
train,8522,clear,high,middle,middle
train,8523,clear,high,high,high
train,8524,clear,high,middle,middle
train,8525,clear,high,high,high
train,8526,clear,high,high,high
train,8527,clear,high,middle,middle
train,8528,clear,high,high,high
train,8529,clear,high,middle,middle
train,8530,clear,high,high,high
train,8531,clear,high,high,high
train,8532,clear,high,high,high
train,8533,clear,high,high,high
train,8534,clear,high,high,high
train,8535,clear,high,middle,middle
train,8536,clear,high,high,high
train,8537,clear,high,middle,middle
train,8538,clear,high,high,high
train,8539,clear,high,high,high
train,8540,clear,high,high,high
train,8541,clear,high,middle,middle
train,8542,clear,high,high,high
train,8543,clear,high,high,high
train,8544,clear,high,high,high
train,8545,clear,high,high,high
train,8546,clear,high,middle,middle
train,8547,clear,high,high,high
train,8548,clear,high,high,high
train,8549,clear,high,high,high
train,8550,clear,high,high,high
train,8551,clear,high,middle,middle
train,8552,clear,high,high,high
train,8553,clear,high,middle,middle
train,8554,clear,high,high,high
train,8555,clear,high,high,high
train,8556,clear,high,high,high
train,8557,clear,high,middle,middle
train,8558,clear,high,high,high
train,8559,clear,high,high,high
train,8560,clear,high,high,high
train,8561,clear,high,high,high
train,8562,clear,high,middle,middle
train,8563,clear,high,high,high
train,8564,clear,high,high,high
train,8565,clear,high,middle,middle
train,8566,clear,high,middle,middle
train,8567,clear,high,middle,middle
train,8568,clear,high,middle,middle
train,8569,clear,high,high,high
train,8570,clear,high,middle,middle
train,8571,clear,high,high,high
train,8572,clear,high,middle,middle
train,8573,clear,high,high,high
train,8574,clear,high,high,high
train,8575,clear,high,middle,middle
train,8576,clear,high,high,high
train,8577,clear,high,high,high
train,8578,clear,high,high,high
train,8579,clear,high,high,high
train,8580,clear,high,high,high
train,8581,clear,high,high,high
train,8582,clear,high,middle,middle
train,8583,clear,high,high,high
train,8584,clear,high,middle,middle
train,8585,clear,high,high,high
train,8586,clear,high,middle,middle
train,8587,clear,high,middle,middle
train,8588,clear,high,middle,middle
train,8589,clear,high,high,high
train,8590,clear,high,high,high
train,8591,clear,high,high,high
train,8592,clear,high,high,high
train,8593,clear,high,middle,middle
train,8594,clear,high,high,high
train,8595,clear,high,middle,middle
train,8596,clear,high,high,high
train,8597,clear,high,middle,middle
train,8598,clear,high,middle,middle
train,8599,clear,high,high,high
train,8600,clear,high,high,high
train,8601,clear,high,high,high
train,8602,clear,high,middle,middle
train,8603,clear,high,high,high
train,8604,clear,high,high,high
train,8605,clear,high,high,high
train,8606,clear,high,middle,middle
train,8607,clear,high,high,high
train,8608,clear,high,high,high
train,8609,clear,high,middle,middle
train,8610,clear,high,middle,middle
train,8611,clear,high,middle,middle
train,8612,clear,high,high,high
train,8613,clear,high,middle,middle
train,8614,clear,high,high,high
train,8615,clear,high,high,high
train,8616,clear,high,high,high
train,8617,clear,high,middle,middle
train,8618,clear,high,high,high
train,8619,clear,high,high,high
train,8620,clear,high,high,high
train,8621,clear,high,middle,middle
train,8622,clear,high,high,high
train,8623,clear,high,middle,middle
train,8624,clear,high,middle,middle
train,8625,clear,high,high,high
train,8626,clear,high,middle,middle
train,8627,clear,high,high,high
train,8628,clear,high,middle,middle
train,8629,clear,high,middle,middle
train,8630,clear,high,middle,middle
train,8631,clear,high,middle,middle
train,8632,clear,high,high,high
train,8633,clear,high,high,high
train,8634,clear,high,high,high
train,8635,clear,high,high,high
train,8636,clear,high,high,high
train,8637,clear,high,high,high
train,8638,clear,high,high,high
train,8639,clear,high,middle,middle
train,8640,clear,high,high,high
train,8641,clear,high,middle,middle
train,8642,clear,high,high,high
train,8643,clear,high,high,high
train,8644,clear,high,middle,middle
train,8645,clear,high,high,high
train,8646,clear,high,high,high
train,8647,clear,high,middle,middle
train,8648,clear,high,high,high
train,8649,clear,high,middle,middle
train,8650,clear,high,high,high
train,8651,clear,high,high,high
train,8652,clear,high,high,high
train,8653,clear,high,high,high
train,8654,clear,high,middle,middle
train,8655,clear,high,middle,middle
train,8656,clear,high,middle,middle
train,8657,clear,high,middle,middle
train,8658,clear,high,high,high
train,8659,clear,high,middle,middle
train,8660,clear,high,high,high
train,8661,clear,high,high,high
train,8662,clear,high,middle,middle
train,8663,clear,high,high,high
train,8664,clear,high,middle,middle
train,8665,clear,high,high,high
train,8666,clear,high,high,high
train,8667,clear,high,middle,middle
train,8668,clear,high,middle,middle
train,8669,clear,high,high,high
train,8670,clear,high,high,high
train,8671,clear,high,middle,middle
train,8672,clear,high,middle,middle
train,8673,clear,high,high,high
train,8674,clear,high,high,high
train,8675,clear,high,middle,middle
train,8676,clear,high,high,high
train,8677,clear,high,high,high
train,8678,clear,high,middle,middle
train,8679,clear,high,high,high
train,8680,clear,high,middle,middle
train,8681,clear,high,middle,middle
train,8682,clear,high,high,high
train,8683,clear,high,high,high
train,8684,clear,high,high,high
train,8685,clear,high,middle,middle
train,8686,clear,high,high,high
train,8687,clear,high,high,high
train,8688,clear,high,high,high
train,8689,clear,high,high,high
train,8690,clear,high,middle,middle
train,8691,clear,high,middle,middle
train,8692,clear,high,middle,middle
train,8693,clear,high,middle,middle
train,8694,clear,high,high,high
train,8695,clear,high,high,high
train,8696,clear,high,middle,middle
train,8697,clear,high,high,high
train,8698,clear,high,middle,middle
train,8699,clear,high,high,high
train,8700,clear,high,high,high
train,8701,clear,high,middle,middle
train,8702,clear,high,high,high
train,8703,clear,high,middle,middle
train,8704,clear,high,high,high
train,8705,clear,high,high,high
train,8706,clear,high,middle,middle
train,8707,clear,high,high,high
train,8708,clear,high,middle,middle
train,8709,clear,high,high,high
train,8710,clear,high,high,high
train,8711,clear,high,high,high
train,8712,clear,high,high,high
train,8713,clear,high,high,high
train,8714,clear,high,middle,middle
train,8715,clear,high,middle,middle
train,8716,clear,high,middle,middle
train,8717,clear,high,middle,middle
train,8718,clear,high,high,high
train,8719,clear,high,middle,middle
train,8720,clear,high,middle,middle
train,8721,clear,high,high,high
train,8722,clear,high,high,high
train,8723,clear,high,high,high
train,8724,clear,high,middle,middle
train,8725,clear,high,high,high
train,8726,clear,high,high,high
train,8727,clear,high,middle,middle
train,8728,clear,high,high,high
train,8729,clear,high,high,high
train,8730,clear,high,high,high
train,8731,clear,high,high,high
train,8732,clear,high,middle,middle
train,8733,clear,high,high,high
train,8734,clear,high,middle,middle
train,8735,clear,high,high,high
train,8736,clear,high,high,high
train,8737,clear,high,middle,middle
train,8738,clear,high,high,high
train,8739,clear,high,high,high
train,8740,clear,high,high,high
train,8741,clear,high,middle,middle
train,8742,clear,high,high,high
train,8743,clear,high,middle,middle
train,8744,clear,high,high,high
train,8745,clear,high,high,high
train,8746,clear,high,high,high
train,8747,clear,high,high,high
train,8748,clear,high,middle,middle
train,8749,clear,high,high,high
train,8750,clear,high,middle,middle
train,8751,clear,high,high,high
train,8752,clear,high,high,high
train,8753,clear,high,high,high
train,8754,clear,high,middle,middle
train,8755,clear,high,middle,middle
train,8756,clear,high,high,high
train,8757,clear,high,high,high
train,8758,clear,high,middle,middle
train,8759,clear,high,high,high
train,8760,clear,high,middle,middle
train,8761,clear,high,middle,middle
train,8762,clear,high,high,high
train,8763,clear,high,middle,middle
train,8764,clear,high,high,high
train,8765,clear,high,middle,middle
train,8766,clear,high,high,high
train,8767,clear,high,middle,middle
train,8768,clear,high,middle,middle
train,8769,clear,high,high,high
train,8770,clear,high,middle,middle
train,8771,clear,high,middle,middle
train,8772,clear,high,high,high
train,8773,clear,high,middle,middle
train,8774,clear,high,high,high
train,8775,clear,high,high,high
train,8776,clear,high,high,high
train,8777,clear,high,high,high
train,8778,clear,high,high,high
train,8779,clear,high,high,high
train,8780,clear,high,high,high
train,8781,clear,high,high,high
train,8782,clear,high,high,high
train,8783,clear,high,high,high
train,8784,clear,high,high,high
train,8785,clear,high,high,high
train,8786,clear,high,middle,middle
train,8787,clear,high,middle,middle
train,8788,clear,high,middle,middle
train,8789,clear,high,high,high
train,8790,clear,high,middle,middle
train,8791,clear,high,high,high
train,8792,clear,high,middle,middle
train,8793,clear,high,high,high
train,8794,clear,high,middle,middle
train,8795,clear,high,high,high
train,8796,clear,high,high,high
train,8797,clear,high,middle,middle
train,8798,clear,high,high,high
train,8799,clear,high,middle,middle
train,8800,clear,high,high,high
train,8801,clear,high,middle,middle
train,8802,clear,high,high,high
train,8803,clear,high,high,high
train,8804,clear,high,high,high
train,8805,clear,high,middle,middle
train,8806,clear,high,high,high
train,8807,clear,high,middle,middle
train,8808,clear,high,middle,middle
train,8809,clear,high,middle,middle
train,8810,clear,high,high,high
train,8811,clear,high,high,high
train,8812,clear,high,high,high
train,8813,clear,high,middle,middle
train,8814,clear,high,high,high
train,8815,clear,high,high,high
train,8816,clear,high,middle,middle
train,8817,clear,high,high,high
train,8818,clear,high,middle,middle
train,8819,clear,high,high,high
train,8820,clear,high,high,high
train,8821,clear,high,high,high
train,8822,clear,high,high,high
train,8823,clear,high,middle,middle
train,8824,clear,high,elementary,elementary
train,8825,clear,high,middle,middle
train,8826,clear,high,high,high
train,8827,clear,high,high,high
train,8828,clear,high,high,high
train,8829,clear,high,middle,middle
train,8830,clear,high,high,high
train,8831,clear,high,high,high
train,8832,clear,high,middle,middle
train,8833,clear,high,high,high
train,8834,clear,high,high,high
train,8835,clear,high,high,high
train,8836,clear,high,high,high
train,8837,clear,high,high,high
train,8838,clear,high,middle,middle
train,8839,clear,high,high,high
train,8840,clear,high,high,high
train,8841,clear,high,high,high
train,8842,clear,high,middle,middle
train,8843,clear,high,high,high
train,8844,clear,high,middle,middle
train,8845,clear,high,high,high
train,8846,clear,high,high,high
train,8847,clear,high,high,high
train,8848,clear,high,high,high
train,8849,clear,high,middle,middle
train,8850,clear,high,high,high
train,8851,clear,high,high,high
train,8852,clear,high,high,high
train,8853,clear,high,high,high
train,8854,clear,high,high,high
train,8855,clear,high,high,high
train,8856,clear,high,middle,middle
train,8857,clear,high,high,high
train,8858,clear,high,high,high
train,8859,clear,high,middle,middle
train,8860,clear,high,high,high
train,8861,clear,high,high,high
train,8862,clear,high,middle,middle
train,8863,clear,high,high,high
train,8864,clear,high,high,high
train,8865,clear,high,high,high
train,8866,clear,high,high,high
train,8867,clear,high,middle,middle
train,8868,clear,high,high,high
train,8869,clear,high,high,high
train,8870,clear,high,high,high
train,8871,clear,high,high,high
train,8872,clear,high,middle,middle
train,8873,clear,high,middle,middle
train,8874,clear,high,high,high
train,8875,clear,high,high,high
train,8876,clear,high,middle,middle
train,8877,clear,high,middle,middle
train,8878,clear,high,middle,middle
train,8879,clear,high,high,high
train,8880,clear,high,high,high
train,8881,clear,high,high,high
train,8882,clear,high,high,high
train,8883,clear,high,high,high
train,8884,clear,high,middle,middle
train,8885,clear,high,middle,middle
train,8886,clear,high,middle,middle
train,8887,clear,high,middle,middle
train,8888,clear,high,high,high
train,8889,clear,high,high,high
train,8890,clear,high,high,high
train,8891,clear,high,high,high
train,8892,clear,high,high,high
train,8893,clear,high,high,high
train,8894,clear,high,middle,middle
train,8895,clear,high,high,high
train,8896,clear,high,middle,middle
train,8897,clear,high,high,high
train,8898,clear,high,high,high
train,8899,clear,high,high,high
train,8900,clear,high,high,high
train,8901,clear,high,high,high
train,8902,clear,high,middle,middle
train,8903,clear,high,high,high
train,8904,clear,high,high,high
train,8905,clear,high,middle,middle
train,8906,clear,high,high,high
train,8907,clear,high,middle,middle
train,8908,clear,high,high,high
train,8909,clear,high,high,high
train,8910,clear,high,middle,middle
train,8911,clear,high,high,high
train,8912,clear,high,high,high
train,8913,clear,high,high,high
train,8914,clear,high,middle,middle
train,8915,clear,high,high,high
train,8916,clear,high,middle,middle
train,8917,clear,high,high,high
train,8918,clear,high,high,high
train,8919,clear,high,high,high
train,8920,clear,high,middle,middle
train,8921,clear,high,high,high
train,8922,clear,high,elementary,elementary
train,8923,clear,high,high,high
train,8924,clear,high,middle,middle
train,8925,clear,high,high,high
train,8926,clear,high,middle,middle
train,8927,clear,high,high,high
train,8928,clear,high,middle,middle
train,8929,clear,high,high,high
train,8930,clear,high,middle,middle
train,8931,clear,high,middle,middle
train,8932,clear,high,middle,middle
train,8933,clear,high,high,high
train,8934,clear,high,high,high
train,8935,clear,high,middle,middle
train,8936,clear,high,high,high
train,8937,clear,high,middle,middle
train,8938,clear,high,middle,middle
train,8939,clear,high,high,high
train,8940,clear,high,high,high
train,8941,clear,high,middle,middle
train,8942,clear,high,middle,middle
train,8943,clear,high,high,high
train,8944,clear,high,high,high
train,8945,clear,high,middle,middle
train,8946,clear,high,middle,middle
train,8947,clear,high,middle,middle
train,8948,clear,high,high,high
train,8949,clear,high,high,high
train,8950,clear,high,middle,middle
train,8951,clear,high,high,high
train,8952,clear,high,high,high
train,8953,clear,high,high,high
train,8954,clear,high,high,high
train,8955,clear,high,middle,middle
train,8956,clear,high,middle,middle
train,8957,clear,high,high,high
train,8958,clear,high,middle,middle
train,8959,clear,high,high,high
train,8960,clear,high,middle,middle
train,8961,clear,high,high,high
train,8962,clear,high,high,high
train,8963,clear,high,high,high
train,8964,clear,high,high,high
train,8965,clear,high,high,high
train,8966,clear,high,middle,middle
train,8967,clear,high,high,high
train,8968,clear,high,high,high
train,8969,clear,high,high,high
train,8970,clear,high,high,high
train,8971,clear,high,high,high
train,8972,clear,high,high,high
train,8973,clear,high,high,high
train,8974,clear,high,middle,middle
train,8975,clear,high,middle,middle
train,8976,clear,high,high,high
train,8977,clear,high,high,high
train,8978,clear,high,high,high
train,8979,clear,high,middle,middle
train,8980,clear,high,high,high
train,8981,clear,high,high,high
train,8982,clear,high,middle,middle
train,8983,clear,high,middle,middle
train,8984,clear,high,middle,middle
train,8985,clear,high,high,high
train,8986,clear,high,high,high
train,8987,clear,high,middle,middle
train,8988,clear,high,middle,middle
train,8989,clear,high,middle,middle
train,8990,clear,high,high,high
train,8991,clear,high,middle,middle
train,8992,clear,high,high,high
train,8993,clear,high,middle,middle
train,8994,clear,high,middle,middle
train,8995,clear,high,middle,middle
train,8996,clear,high,middle,middle
train,8997,clear,high,middle,middle
train,8998,clear,high,high,high
train,8999,clear,high,high,high
train,9000,clear,high,high,high
train,9001,clear,high,high,high
train,9002,clear,high,high,high
train,9003,clear,high,high,high
train,9004,clear,high,high,high
train,9005,clear,high,high,high
train,9006,clear,high,high,high
train,9007,clear,high,middle,middle
train,9008,clear,high,middle,middle
train,9009,clear,high,middle,middle
train,9010,clear,high,high,high
train,9011,clear,high,high,high
train,9012,clear,high,high,high
train,9013,clear,high,high,high
train,9014,clear,high,high,high
train,9015,clear,high,middle,middle
train,9016,clear,high,high,high
train,9017,clear,high,middle,middle
train,9018,clear,high,middle,middle
train,9019,clear,high,high,high
train,9020,clear,high,middle,middle
train,9021,clear,high,middle,middle
train,9022,clear,high,high,high
train,9023,clear,high,high,high
train,9024,clear,high,middle,middle
train,9025,clear,high,high,high
train,9026,clear,high,high,high
train,9027,clear,high,high,high
train,9028,clear,high,high,high
train,9029,clear,high,high,high
train,9030,clear,high,high,high
train,9031,clear,high,high,high
train,9032,clear,high,high,high
train,9033,clear,high,high,high
train,9034,clear,high,high,high
train,9035,clear,high,high,high
train,9036,clear,high,high,high
train,9037,clear,high,high,high
train,9038,clear,high,middle,middle
train,9039,clear,high,high,high
train,9040,clear,high,high,high
train,9041,clear,high,middle,middle
train,9042,clear,high,middle,middle
train,9043,clear,high,high,high
train,9044,clear,high,high,high
train,9045,clear,high,middle,middle
train,9046,clear,high,high,high
train,9047,clear,high,middle,middle
train,9048,clear,high,middle,middle
train,9049,clear,high,high,high
train,9050,clear,high,high,high
train,9051,clear,high,middle,middle
train,9052,clear,high,high,high
train,9053,clear,high,middle,middle
train,9054,clear,high,middle,middle
train,9055,clear,high,high,high
train,9056,clear,high,high,high
train,9057,clear,high,middle,middle
train,9058,clear,high,middle,middle
train,9059,clear,high,high,high
train,9060,clear,high,high,high
train,9061,clear,high,high,high
train,9062,clear,high,middle,middle
train,9063,clear,high,high,high
train,9064,clear,high,high,high
train,9065,clear,high,middle,middle
train,9066,clear,high,high,high
train,9067,clear,high,middle,middle
train,9068,clear,high,middle,middle
train,9069,clear,high,high,high
train,9070,clear,high,middle,middle
train,9071,clear,high,high,high
train,9072,clear,high,middle,middle
train,9073,clear,high,middle,middle
train,9074,clear,high,middle,middle
train,9075,clear,high,high,high
train,9076,clear,high,middle,middle
train,9077,clear,high,high,high
train,9078,clear,high,high,high
train,9079,clear,high,high,high
train,9080,clear,high,middle,middle
train,9081,clear,high,high,high
train,9082,clear,high,middle,middle
train,9083,clear,high,middle,middle
train,9084,clear,high,high,high
train,9085,clear,high,high,high
train,9086,clear,high,middle,middle
train,9087,clear,high,high,high
train,9088,clear,high,middle,middle
train,9089,clear,high,high,high
train,9090,clear,high,middle,middle
train,9091,clear,high,middle,middle
train,9092,clear,high,high,high
train,9093,clear,high,high,high
train,9094,clear,high,high,high
train,9095,clear,high,high,high
train,9096,clear,high,middle,middle
train,9097,clear,high,high,high
train,9098,clear,high,high,high
train,9099,clear,high,high,high
train,9100,clear,high,high,high
train,9101,clear,high,high,high
train,9102,clear,high,high,high
train,9103,clear,high,high,high
train,9104,clear,high,middle,middle
train,9105,clear,high,high,high
train,9106,clear,high,high,high
train,9107,clear,high,high,high
train,9108,clear,high,high,high
train,9109,clear,high,middle,middle
train,9110,clear,high,middle,middle
train,9111,clear,high,high,high
train,9112,clear,high,middle,middle
train,9113,clear,high,high,high
train,9114,clear,high,middle,middle
train,9115,clear,high,high,high
train,9116,clear,high,high,high
train,9117,clear,high,high,high
train,9118,clear,high,high,high
train,9119,clear,high,high,high
train,9120,clear,high,high,high
train,9121,clear,high,high,high
train,9122,clear,high,high,high
train,9123,clear,high,high,high
train,9124,clear,high,high,high
train,9125,clear,high,high,high
train,9126,clear,high,high,high
train,9127,clear,high,middle,middle
train,9128,clear,high,middle,middle
train,9129,clear,high,middle,middle
train,9130,clear,high,middle,middle
train,9131,clear,high,high,high
train,9132,clear,high,middle,middle
train,9133,clear,high,high,high
train,9134,clear,high,middle,middle
train,9135,clear,high,high,high
train,9136,clear,high,high,high
train,9137,clear,high,high,high
train,9138,clear,high,high,high
train,9139,clear,high,high,high
train,9140,clear,high,high,high
train,9141,clear,high,high,high
train,9142,clear,high,high,high
train,9143,clear,high,high,high
train,9144,clear,high,high,high
train,9145,clear,high,high,high
train,9146,clear,high,middle,middle
train,9147,clear,high,high,high
train,9148,clear,high,high,high
train,9149,clear,high,high,high
train,9150,clear,high,middle,middle
train,9151,clear,high,middle,middle
train,9152,clear,high,middle,middle
train,9153,clear,high,high,high
train,9154,clear,high,middle,middle
train,9155,clear,high,middle,middle
train,9156,clear,high,middle,middle
train,9157,clear,high,middle,middle
train,9158,clear,high,high,high
train,9159,clear,high,middle,middle
train,9160,clear,high,middle,middle
train,9161,clear,high,high,high
train,9162,clear,high,middle,middle
train,9163,clear,high,high,high
train,9164,clear,high,middle,middle
train,9165,clear,high,middle,middle
train,9166,clear,high,high,high
train,9167,clear,high,high,high
train,9168,clear,high,high,high
train,9169,clear,high,middle,middle
train,9170,clear,high,high,high
train,9171,clear,high,high,high
train,9172,clear,high,high,high
train,9173,clear,high,middle,middle
train,9174,clear,high,high,high
train,9175,clear,high,high,high
train,9176,clear,high,middle,middle
train,9177,clear,high,middle,middle
train,9178,clear,high,middle,middle
train,9179,clear,high,high,high
train,9180,clear,high,high,high
train,9181,clear,high,high,high
train,9182,clear,high,middle,middle
train,9183,clear,high,middle,middle
train,9184,clear,high,high,high
train,9185,clear,high,middle,middle
train,9186,clear,high,middle,middle
train,9187,clear,high,middle,middle
train,9188,clear,high,high,high
train,9189,clear,high,middle,middle
train,9190,clear,high,middle,middle
train,9191,clear,high,high,high
train,9192,clear,high,high,high
train,9193,clear,high,middle,middle
train,9194,clear,high,high,high
train,9195,clear,high,high,high
train,9196,clear,high,middle,middle
train,9197,clear,high,high,high
train,9198,clear,high,high,high
train,9199,clear,high,high,high
train,9200,clear,high,middle,middle
train,9201,clear,high,high,high
train,9202,clear,high,high,high
train,9203,clear,high,high,high
train,9204,clear,high,high,high
train,9205,clear,high,high,high
train,9206,clear,high,high,high
train,9207,clear,high,middle,middle
train,9208,clear,high,middle,middle
train,9209,clear,high,high,high
train,9210,clear,high,middle,middle
train,9211,clear,high,high,high
train,9212,clear,high,middle,middle
train,9213,clear,high,high,high
train,9214,clear,high,high,high
train,9215,clear,high,high,high
train,9216,clear,high,high,high
train,9217,clear,high,high,high
train,9218,clear,high,high,high
train,9219,clear,high,high,high
train,9220,clear,high,middle,middle
train,9221,clear,high,high,high
train,9222,clear,high,middle,middle
train,9223,clear,high,high,high
train,9224,clear,high,high,high
train,9225,clear,high,high,high
train,9226,clear,high,high,high
train,9227,clear,high,high,high
train,9228,clear,high,high,high
train,9229,clear,high,middle,middle
train,9230,clear,high,high,high
train,9231,clear,high,middle,middle
train,9232,clear,high,high,high
train,9233,clear,high,high,high
train,9234,clear,high,middle,middle
train,9235,clear,high,high,high
train,9236,clear,high,high,high
train,9237,clear,high,high,high
train,9238,clear,high,high,high
train,9239,clear,high,middle,middle
train,9240,clear,high,middle,middle
train,9241,clear,high,high,high
train,9242,clear,high,middle,middle
train,9243,clear,high,middle,middle
train,9244,clear,high,high,high
train,9245,clear,high,high,high
train,9246,clear,high,high,high
train,9247,clear,high,middle,middle
train,9248,clear,high,middle,middle
train,9249,clear,high,high,high
train,9250,clear,high,high,high
train,9251,clear,high,high,high
train,9252,clear,high,middle,middle
train,9253,clear,high,high,high
train,9254,clear,high,high,high
train,9255,clear,high,high,high
train,9256,clear,high,high,high
train,9257,clear,high,middle,middle
train,9258,clear,high,high,high
train,9259,clear,high,middle,middle
train,9260,clear,high,high,high
train,9261,clear,high,high,high
train,9262,clear,high,high,high
train,9263,clear,high,high,high
train,9264,clear,high,middle,middle
train,9265,clear,high,high,high
train,9266,clear,high,middle,middle
train,9267,clear,high,high,high
train,9268,clear,high,middle,middle
train,9269,clear,high,high,high
train,9270,clear,high,high,high
train,9271,clear,high,high,high
train,9272,clear,high,middle,middle
train,9273,clear,high,high,high
train,9274,clear,high,middle,middle
train,9275,clear,high,middle,middle
train,9276,clear,high,high,high
train,9277,clear,high,high,high
train,9278,clear,high,middle,middle
train,9279,clear,high,middle,middle
train,9280,clear,high,high,high
train,9281,clear,high,middle,middle
train,9282,clear,high,high,high
train,9283,clear,high,middle,middle
train,9284,clear,high,high,high
train,9285,clear,high,high,high
train,9286,clear,high,high,high
train,9287,clear,high,high,high
train,9288,clear,high,high,high
train,9289,clear,high,high,high
train,9290,clear,high,high,high
train,9291,clear,high,middle,middle
train,9292,clear,high,high,high
train,9293,clear,high,middle,middle
train,9294,clear,high,high,high
train,9295,clear,high,high,high
train,9296,clear,high,high,high
train,9297,clear,high,middle,middle
train,9298,clear,high,high,high
train,9299,clear,high,middle,middle
train,9300,clear,high,high,high
train,9301,clear,high,high,high
train,9302,clear,high,high,high
train,9303,clear,high,high,high
train,9304,clear,high,middle,middle
train,9305,clear,high,high,high
train,9306,clear,high,high,high
train,9307,clear,high,high,high
train,9308,clear,high,middle,middle
train,9309,clear,high,middle,middle
train,9310,clear,high,high,high
train,9311,clear,high,high,high
train,9312,clear,high,high,high
train,9313,clear,high,high,high
train,9314,clear,high,middle,middle
train,9315,clear,high,middle,middle
train,9316,clear,high,high,high
train,9317,clear,middle,high,high
train,9318,clear,middle,middle,middle
train,9319,clear,middle,middle,middle
train,9320,clear,middle,high,high
train,9321,clear,middle,high,high
train,9322,clear,middle,high,high
train,9323,clear,middle,middle,middle
train,9324,clear,middle,high,high
train,9325,clear,middle,middle,middle
train,9326,clear,middle,middle,middle
train,9327,clear,middle,elementary,elementary
train,9328,clear,middle,middle,middle
train,9329,clear,middle,middle,middle
train,9330,clear,middle,middle,middle
train,9331,clear,middle,high,high
train,9332,clear,middle,middle,middle
train,9333,clear,middle,high,high
train,9334,clear,middle,high,high
train,9335,clear,middle,middle,middle
train,9336,clear,middle,middle,middle
train,9337,clear,middle,middle,middle
train,9338,clear,middle,middle,middle
train,9339,clear,middle,elementary,elementary
train,9340,clear,middle,middle,middle
train,9341,clear,middle,middle,middle
train,9342,clear,middle,middle,middle
train,9343,clear,middle,middle,middle
train,9344,clear,middle,middle,middle
train,9345,clear,middle,middle,middle
train,9346,clear,middle,middle,middle
train,9347,clear,middle,high,high
train,9348,clear,middle,middle,middle
train,9349,clear,middle,high,high
train,9350,clear,middle,high,high
train,9351,clear,middle,middle,middle
train,9352,clear,middle,high,high
train,9353,clear,middle,middle,middle
train,9354,clear,middle,high,high
train,9355,clear,middle,middle,middle
train,9356,clear,middle,middle,middle
train,9357,clear,middle,middle,middle
train,9358,clear,middle,high,high
train,9359,clear,middle,middle,middle
train,9360,clear,middle,high,high
train,9361,clear,middle,middle,middle
train,9362,clear,middle,middle,middle
train,9363,clear,middle,middle,middle
train,9364,clear,middle,high,high
train,9365,clear,middle,middle,middle
train,9366,clear,middle,elementary,elementary
train,9367,clear,middle,high,high
train,9368,clear,middle,middle,middle
train,9369,clear,middle,high,high
train,9370,clear,middle,middle,middle
train,9371,clear,middle,high,high
train,9372,clear,middle,middle,middle
train,9373,clear,middle,high,high
train,9374,clear,middle,high,high
train,9375,clear,middle,high,high
train,9376,clear,middle,high,high
train,9377,clear,middle,high,high
train,9378,clear,middle,middle,middle
train,9379,clear,middle,elementary,elementary
train,9380,clear,middle,middle,middle
train,9381,clear,middle,middle,middle
train,9382,clear,middle,middle,middle
train,9383,clear,middle,middle,middle
train,9384,clear,middle,middle,middle
train,9385,clear,middle,middle,middle
train,9386,clear,middle,middle,middle
train,9387,clear,middle,middle,middle
train,9388,clear,middle,middle,middle
train,9389,clear,middle,middle,middle
train,9390,clear,middle,middle,middle
train,9391,clear,middle,high,high
train,9392,clear,middle,high,high
train,9393,clear,middle,middle,middle
train,9394,clear,middle,high,high
train,9395,clear,middle,elementary,elementary
train,9396,clear,middle,high,high
train,9397,clear,middle,middle,middle
train,9398,clear,middle,middle,middle
train,9399,clear,middle,middle,middle
train,9400,clear,middle,middle,middle
train,9401,clear,middle,middle,middle
train,9402,clear,middle,high,high
train,9403,clear,middle,high,high
train,9404,clear,middle,middle,middle
train,9405,clear,middle,high,high
train,9406,clear,middle,middle,middle
train,9407,clear,middle,middle,middle
train,9408,clear,middle,middle,middle
train,9409,clear,middle,middle,middle
train,9410,clear,middle,high,high
train,9411,clear,middle,high,high
train,9412,clear,middle,high,high
train,9413,clear,middle,middle,middle
train,9414,clear,middle,middle,middle
train,9415,clear,middle,middle,middle
train,9416,clear,middle,middle,middle
train,9417,clear,middle,middle,middle
train,9418,clear,middle,middle,middle
train,9419,clear,middle,middle,middle
train,9420,clear,middle,high,high
train,9421,clear,middle,high,high
train,9422,clear,middle,middle,middle
train,9423,clear,middle,middle,middle
train,9424,clear,middle,high,high
train,9425,clear,middle,high,high
train,9426,clear,middle,middle,middle
train,9427,clear,middle,high,high
train,9428,clear,middle,high,high
train,9429,clear,middle,high,high
train,9430,clear,middle,middle,middle
train,9431,clear,middle,high,high
train,9432,clear,middle,middle,middle
train,9433,clear,middle,middle,middle
train,9434,clear,middle,middle,middle
train,9435,clear,middle,middle,middle
train,9436,clear,middle,high,high
train,9437,clear,middle,high,high
train,9438,clear,middle,middle,middle
train,9439,clear,middle,middle,middle
train,9440,clear,middle,middle,middle
train,9441,clear,middle,high,high
train,9442,clear,middle,middle,middle
train,9443,clear,middle,middle,middle
train,9444,clear,middle,high,high
train,9445,clear,middle,middle,middle
train,9446,clear,middle,middle,middle
train,9447,clear,middle,high,high
train,9448,clear,middle,middle,middle
train,9449,clear,middle,high,high
train,9450,clear,middle,middle,middle
train,9451,clear,middle,middle,middle
train,9452,clear,middle,middle,middle
train,9453,clear,middle,elementary,elementary
train,9454,clear,middle,middle,middle
train,9455,clear,middle,middle,middle
train,9456,clear,middle,middle,middle
train,9457,clear,middle,middle,middle
train,9458,clear,middle,middle,middle
train,9459,clear,middle,middle,middle
train,9460,clear,middle,middle,middle
train,9461,clear,middle,middle,middle
train,9462,clear,middle,middle,middle
train,9463,clear,middle,high,high
train,9464,clear,middle,middle,middle
train,9465,clear,middle,middle,middle
train,9466,clear,middle,high,high
train,9467,clear,middle,middle,middle
train,9468,clear,middle,middle,middle
train,9469,clear,middle,high,high
train,9470,clear,middle,high,high
train,9471,clear,middle,high,high
train,9472,clear,middle,middle,middle
train,9473,clear,middle,middle,middle
train,9474,clear,middle,high,high
train,9475,clear,middle,high,high
train,9476,clear,middle,middle,middle
train,9477,clear,middle,middle,middle
train,9478,clear,middle,elementary,elementary
train,9479,clear,middle,middle,middle
train,9480,clear,middle,middle,middle
train,9481,clear,middle,high,high
train,9482,clear,middle,middle,middle
train,9483,clear,middle,high,high
train,9484,clear,middle,high,high
train,9485,clear,middle,middle,middle
train,9486,clear,middle,middle,middle
train,9487,clear,middle,middle,middle
train,9488,clear,middle,middle,middle
train,9489,clear,middle,high,high
train,9490,clear,middle,high,high
train,9491,clear,middle,high,high
train,9492,clear,middle,middle,middle
train,9493,clear,middle,high,high
train,9494,clear,middle,high,high
train,9495,clear,middle,middle,middle
train,9496,clear,middle,middle,middle
train,9497,clear,middle,middle,middle
train,9498,clear,middle,middle,middle
train,9499,clear,middle,high,high
train,9500,clear,middle,high,high
train,9501,clear,middle,middle,middle
train,9502,clear,middle,middle,middle
train,9503,clear,middle,high,high
train,9504,clear,middle,middle,middle
train,9505,clear,middle,middle,middle
train,9506,clear,middle,middle,middle
train,9507,clear,middle,middle,middle
train,9508,clear,middle,middle,middle
train,9509,clear,middle,middle,middle
train,9510,clear,middle,high,high
train,9511,clear,middle,middle,middle
train,9512,clear,middle,high,high
train,9513,clear,middle,middle,middle
train,9514,clear,middle,middle,middle
train,9515,clear,middle,middle,middle
train,9516,clear,middle,high,high
train,9517,clear,middle,high,high
train,9518,clear,middle,middle,middle
train,9519,clear,middle,middle,middle
train,9520,clear,middle,middle,middle
train,9521,clear,middle,middle,middle
train,9522,clear,middle,high,high
train,9523,clear,middle,middle,middle
train,9524,clear,middle,high,high
train,9525,clear,middle,middle,middle
train,9526,clear,middle,middle,middle
train,9527,clear,middle,high,high
train,9528,clear,middle,high,high
train,9529,clear,middle,middle,middle
train,9530,clear,middle,middle,middle
train,9531,clear,middle,middle,middle
train,9532,clear,middle,middle,middle
train,9533,clear,middle,middle,middle
train,9534,clear,middle,high,high
train,9535,clear,middle,middle,middle
train,9536,clear,middle,middle,middle
train,9537,clear,middle,middle,middle
train,9538,clear,middle,high,high
train,9539,clear,middle,middle,middle
train,9540,clear,middle,middle,middle
train,9541,clear,middle,middle,middle
train,9542,clear,middle,high,high
train,9543,clear,middle,middle,middle
train,9544,clear,middle,middle,middle
train,9545,clear,middle,middle,middle
train,9546,clear,middle,middle,middle
train,9547,clear,middle,middle,middle
train,9548,clear,middle,middle,middle
train,9549,clear,middle,middle,middle
train,9550,clear,middle,high,high
train,9551,clear,middle,high,high
train,9552,clear,middle,middle,middle
train,9553,clear,middle,middle,middle
train,9554,clear,middle,middle,middle
train,9555,clear,middle,middle,middle
train,9556,clear,middle,high,high
train,9557,clear,middle,high,high
train,9558,clear,middle,middle,middle
train,9559,clear,middle,middle,middle
train,9560,clear,middle,middle,middle
train,9561,clear,middle,high,high
train,9562,clear,middle,middle,middle
train,9563,clear,middle,middle,middle
train,9564,clear,middle,middle,middle
train,9565,clear,middle,middle,middle
train,9566,clear,middle,middle,middle
train,9567,clear,middle,high,high
train,9568,clear,middle,middle,middle
train,9569,clear,middle,high,high
train,9570,clear,middle,middle,middle
train,9571,clear,middle,high,high
train,9572,clear,middle,high,high
train,9573,clear,middle,middle,middle
train,9574,clear,middle,high,high
train,9575,clear,middle,middle,middle
train,9576,clear,middle,middle,middle
train,9577,clear,middle,high,high
train,9578,clear,middle,middle,middle
train,9579,clear,middle,elementary,elementary
train,9580,clear,middle,high,high
train,9581,clear,middle,middle,middle
train,9582,clear,middle,middle,middle
train,9583,clear,middle,high,high
train,9584,clear,middle,middle,middle
train,9585,clear,middle,high,high
train,9586,clear,middle,middle,middle
train,9587,clear,middle,high,high
train,9588,clear,middle,high,high
train,9589,clear,middle,middle,middle
train,9590,clear,middle,high,high
train,9591,clear,middle,high,high
train,9592,clear,middle,middle,middle
train,9593,clear,middle,middle,middle
train,9594,clear,middle,high,high
train,9595,clear,middle,high,high
train,9596,clear,middle,high,high
train,9597,clear,middle,high,high
train,9598,clear,middle,elementary,elementary
train,9599,clear,middle,middle,middle
train,9600,clear,middle,middle,middle
train,9601,clear,middle,high,high
train,9602,clear,middle,middle,middle
train,9603,clear,middle,elementary,elementary
train,9604,clear,middle,middle,middle
train,9605,clear,middle,high,high
train,9606,clear,middle,high,high
train,9607,clear,middle,middle,middle
train,9608,clear,middle,high,high
train,9609,clear,middle,high,high
train,9610,clear,middle,middle,middle
train,9611,clear,middle,middle,middle
train,9612,clear,middle,middle,middle
train,9613,clear,middle,middle,middle
train,9614,clear,middle,middle,middle
train,9615,clear,middle,middle,middle
train,9616,clear,middle,middle,middle
train,9617,clear,middle,middle,middle
train,9618,clear,middle,middle,middle
train,9619,clear,middle,high,high
train,9620,clear,middle,middle,middle
train,9621,clear,middle,middle,middle
train,9622,clear,middle,middle,middle
train,9623,clear,middle,high,high
train,9624,clear,middle,middle,middle
train,9625,clear,middle,middle,middle
train,9626,clear,middle,middle,middle
train,9627,clear,middle,high,high
train,9628,clear,middle,middle,middle
train,9629,clear,middle,middle,middle
train,9630,clear,middle,high,high
train,9631,clear,middle,middle,middle
train,9632,clear,middle,middle,middle
train,9633,clear,middle,high,high
train,9634,clear,middle,middle,middle
train,9635,clear,middle,middle,middle
train,9636,clear,middle,middle,middle
train,9637,clear,middle,middle,middle
train,9638,clear,middle,middle,middle
train,9639,clear,middle,elementary,elementary
train,9640,clear,middle,middle,middle
train,9641,clear,middle,middle,middle
train,9642,clear,middle,high,high
train,9643,clear,middle,middle,middle
train,9644,clear,middle,high,high
train,9645,clear,middle,high,high
train,9646,clear,middle,high,high
train,9647,clear,middle,middle,middle
train,9648,clear,middle,middle,middle
train,9649,clear,middle,high,high
train,9650,clear,middle,high,high
train,9651,clear,middle,middle,middle
train,9652,clear,middle,middle,middle
train,9653,clear,middle,middle,middle
train,9654,clear,middle,high,high
train,9655,clear,middle,middle,middle
train,9656,clear,middle,middle,middle
train,9657,clear,middle,high,high
train,9658,clear,middle,middle,middle
train,9659,clear,middle,high,high
train,9660,clear,middle,middle,middle
train,9661,clear,middle,high,high
train,9662,clear,middle,middle,middle
train,9663,clear,middle,middle,middle
train,9664,clear,middle,high,high
train,9665,clear,middle,middle,middle
train,9666,clear,middle,middle,middle
train,9667,clear,middle,high,high
train,9668,clear,middle,middle,middle
train,9669,clear,middle,high,high
train,9670,clear,middle,middle,middle
train,9671,clear,middle,middle,middle
train,9672,clear,middle,high,high
train,9673,clear,middle,middle,middle
train,9674,clear,middle,high,high
train,9675,clear,middle,middle,middle
train,9676,clear,middle,middle,middle
train,9677,clear,middle,middle,middle
train,9678,clear,middle,middle,middle
train,9679,clear,middle,middle,middle
train,9680,clear,middle,middle,middle
train,9681,clear,middle,high,high
train,9682,clear,middle,middle,middle
train,9683,clear,middle,middle,middle
train,9684,clear,middle,middle,middle
train,9685,clear,middle,middle,middle
train,9686,clear,middle,high,high
train,9687,clear,middle,middle,middle
train,9688,clear,middle,middle,middle
train,9689,clear,middle,high,high
train,9690,clear,middle,middle,middle
train,9691,clear,middle,middle,middle
train,9692,clear,middle,middle,middle
train,9693,clear,middle,high,high
train,9694,clear,middle,high,high
train,9695,clear,middle,high,high
train,9696,clear,middle,middle,middle
train,9697,clear,middle,middle,middle
train,9698,clear,middle,middle,middle
train,9699,clear,middle,middle,middle
train,9700,clear,middle,high,high
train,9701,clear,middle,middle,middle
train,9702,clear,middle,middle,middle
train,9703,clear,middle,elementary,elementary
train,9704,clear,middle,middle,middle
train,9705,clear,middle,high,high
train,9706,clear,middle,middle,middle
train,9707,clear,middle,middle,middle
train,9708,clear,middle,high,high
train,9709,clear,middle,middle,middle
train,9710,clear,middle,middle,middle
train,9711,clear,middle,middle,middle
train,9712,clear,middle,middle,middle
train,9713,clear,middle,high,high
train,9714,clear,middle,middle,middle
train,9715,clear,middle,middle,middle
train,9716,clear,middle,high,high
train,9717,clear,middle,middle,middle
train,9718,clear,middle,middle,middle
train,9719,clear,middle,middle,middle
train,9720,clear,middle,middle,middle
train,9721,clear,middle,high,high
train,9722,clear,middle,middle,middle
train,9723,clear,middle,middle,middle
train,9724,clear,middle,middle,middle
train,9725,clear,middle,high,high
train,9726,clear,middle,middle,middle
train,9727,clear,middle,high,high
train,9728,clear,middle,middle,middle
train,9729,clear,middle,middle,middle
train,9730,clear,middle,middle,middle
train,9731,clear,middle,middle,middle
train,9732,clear,middle,high,high
train,9733,clear,middle,middle,middle
train,9734,clear,middle,middle,middle
train,9735,clear,middle,middle,middle
train,9736,clear,middle,high,high
train,9737,clear,middle,middle,middle
train,9738,clear,middle,middle,middle
train,9739,clear,middle,middle,middle
train,9740,clear,middle,middle,middle
train,9741,clear,middle,middle,middle
train,9742,clear,middle,middle,middle
train,9743,clear,middle,middle,middle
train,9744,clear,middle,high,high
train,9745,clear,middle,high,high
train,9746,clear,middle,middle,middle
train,9747,clear,middle,middle,middle
train,9748,clear,middle,high,high
train,9749,clear,middle,middle,middle
train,9750,clear,middle,high,high
train,9751,clear,middle,middle,middle
train,9752,clear,middle,middle,middle
train,9753,clear,middle,middle,middle
train,9754,clear,middle,middle,middle
train,9755,clear,middle,middle,middle
train,9756,clear,middle,middle,middle
train,9757,clear,middle,middle,middle
train,9758,clear,middle,middle,middle
train,9759,clear,middle,middle,middle
train,9760,clear,middle,high,high
train,9761,clear,middle,middle,middle
train,9762,clear,middle,middle,middle
train,9763,clear,middle,middle,middle
train,9764,clear,middle,middle,middle
train,9765,clear,middle,middle,middle
train,9766,clear,middle,middle,middle
train,9767,clear,middle,middle,middle
train,9768,clear,middle,high,high
train,9769,clear,middle,middle,middle
train,9770,clear,middle,middle,middle
train,9771,clear,middle,high,high
train,9772,clear,middle,middle,middle
train,9773,clear,middle,high,high
train,9774,clear,middle,high,high
train,9775,clear,middle,middle,middle
train,9776,clear,middle,middle,middle
train,9777,clear,middle,middle,middle
train,9778,clear,middle,high,high
train,9779,clear,middle,high,high
train,9780,clear,middle,middle,middle
train,9781,clear,middle,middle,middle
train,9782,clear,middle,middle,middle
train,9783,clear,middle,middle,middle
train,9784,clear,middle,high,high
train,9785,clear,middle,middle,middle
train,9786,clear,middle,high,high
train,9787,clear,middle,middle,middle
train,9788,clear,middle,middle,middle
train,9789,clear,middle,middle,middle
train,9790,clear,middle,middle,middle
train,9791,clear,middle,middle,middle
train,9792,clear,middle,middle,middle
train,9793,clear,middle,high,high
train,9794,clear,middle,middle,middle
train,9795,clear,middle,high,high
train,9796,clear,middle,high,high
train,9797,clear,middle,high,high
train,9798,clear,middle,middle,middle
train,9799,clear,middle,middle,middle
train,9800,clear,middle,middle,middle
train,9801,clear,middle,high,high
train,9802,clear,middle,high,high
train,9803,clear,middle,middle,middle
train,9804,clear,middle,middle,middle
train,9805,clear,middle,middle,middle
train,9806,clear,middle,middle,middle
train,9807,clear,middle,high,high
train,9808,clear,middle,middle,middle
train,9809,clear,middle,middle,middle
train,9810,clear,middle,middle,middle
train,9811,clear,middle,middle,middle
train,9812,clear,middle,middle,middle
train,9813,clear,middle,high,high
train,9814,clear,middle,middle,middle
train,9815,clear,middle,middle,middle
train,9816,clear,middle,high,high
train,9817,clear,middle,high,high
train,9818,clear,middle,middle,middle
train,9819,clear,middle,middle,middle
train,9820,clear,middle,high,high
train,9821,clear,middle,middle,middle
train,9822,clear,middle,middle,middle
train,9823,clear,middle,middle,middle
train,9824,clear,middle,middle,middle
train,9825,clear,middle,middle,middle
train,9826,clear,middle,middle,middle
train,9827,clear,middle,middle,middle
train,9828,clear,middle,middle,middle
train,9829,clear,middle,high,high
train,9830,clear,middle,high,high
train,9831,clear,middle,high,high
train,9832,clear,middle,middle,middle
train,9833,clear,middle,middle,middle
train,9834,clear,middle,high,high
train,9835,clear,middle,middle,middle
train,9836,clear,middle,high,high
train,9837,clear,middle,high,high
train,9838,clear,middle,high,high
train,9839,clear,middle,high,high
train,9840,clear,middle,middle,middle
train,9841,clear,middle,middle,middle
train,9842,clear,middle,middle,middle
train,9843,clear,middle,middle,middle
train,9844,clear,middle,high,high
train,9845,clear,middle,middle,middle
train,9846,clear,middle,high,high
train,9847,clear,middle,high,high
train,9848,clear,middle,high,high
train,9849,clear,middle,high,high
train,9850,clear,middle,high,high
train,9851,clear,middle,middle,middle
train,9852,clear,middle,middle,middle
train,9853,clear,middle,middle,middle
train,9854,clear,middle,high,high
train,9855,clear,middle,middle,middle
train,9856,clear,middle,elementary,elementary
train,9857,clear,middle,high,high
train,9858,clear,middle,middle,middle
train,9859,clear,middle,high,high
train,9860,clear,middle,high,high
train,9861,clear,middle,middle,middle
train,9862,clear,middle,high,high
train,9863,clear,middle,high,high
train,9864,clear,middle,high,high
train,9865,clear,middle,middle,middle
train,9866,clear,middle,high,high
train,9867,clear,middle,middle,middle
train,9868,clear,middle,high,high
train,9869,clear,middle,middle,middle
train,9870,clear,middle,high,high
train,9871,clear,middle,high,high
train,9872,clear,middle,middle,middle
train,9873,clear,middle,middle,middle
train,9874,clear,middle,middle,middle
train,9875,clear,middle,middle,middle
train,9876,clear,middle,high,high
train,9877,clear,middle,middle,middle
train,9878,clear,middle,middle,middle
train,9879,clear,middle,middle,middle
train,9880,clear,middle,high,high
train,9881,clear,middle,middle,middle
train,9882,clear,middle,middle,middle
train,9883,clear,middle,high,high
train,9884,clear,middle,high,high
train,9885,clear,middle,middle,middle
train,9886,clear,middle,high,high
train,9887,clear,middle,middle,middle
train,9888,clear,middle,middle,middle
train,9889,clear,middle,middle,middle
train,9890,clear,middle,middle,middle
train,9891,clear,middle,middle,middle
train,9892,clear,middle,high,high
train,9893,clear,middle,middle,middle
train,9894,clear,middle,middle,middle
train,9895,clear,middle,high,high
train,9896,clear,middle,middle,middle
train,9897,clear,middle,middle,middle
train,9898,clear,middle,middle,middle
train,9899,clear,middle,middle,middle
train,9900,clear,middle,middle,middle
train,9901,clear,middle,elementary,elementary
train,9902,clear,middle,middle,middle
train,9903,clear,middle,middle,middle
train,9904,clear,middle,high,high
train,9905,clear,middle,high,high
train,9906,clear,middle,middle,middle
train,9907,clear,middle,high,high
train,9908,clear,middle,middle,middle
train,9909,clear,middle,middle,middle
train,9910,clear,middle,middle,middle
train,9911,clear,middle,high,high
train,9912,clear,middle,high,high
train,9913,clear,middle,middle,middle
train,9914,clear,middle,middle,middle
train,9915,clear,middle,middle,middle
train,9916,clear,middle,middle,middle
train,9917,clear,middle,high,high
train,9918,clear,middle,middle,middle
train,9919,clear,middle,high,high
train,9920,clear,middle,middle,middle
train,9921,clear,middle,middle,middle
train,9922,clear,middle,middle,middle
train,9923,clear,middle,middle,middle
train,9924,clear,middle,middle,middle
train,9925,clear,middle,middle,middle
train,9926,clear,middle,middle,middle
train,9927,clear,middle,middle,middle
train,9928,clear,middle,middle,middle
train,9929,clear,middle,middle,middle
train,9930,clear,middle,high,high
train,9931,clear,middle,middle,middle
train,9932,clear,middle,high,high
train,9933,clear,middle,high,high
train,9934,clear,middle,middle,middle
train,9935,clear,middle,high,high
train,9936,clear,middle,middle,middle
train,9937,clear,middle,middle,middle
train,9938,clear,middle,middle,middle
train,9939,clear,middle,middle,middle
train,9940,clear,middle,middle,middle
train,9941,clear,middle,middle,middle
train,9942,clear,middle,middle,middle
train,9943,clear,middle,middle,middle
train,9944,clear,middle,middle,middle
train,9945,clear,middle,middle,middle
train,9946,clear,middle,elementary,elementary
train,9947,clear,middle,middle,middle
train,9948,clear,middle,middle,middle
train,9949,clear,middle,high,high
train,9950,clear,middle,middle,middle
train,9951,clear,middle,middle,middle
train,9952,clear,middle,high,high
train,9953,clear,middle,middle,middle
train,9954,clear,middle,high,high
train,9955,clear,middle,middle,middle
train,9956,clear,middle,elementary,elementary
train,9957,clear,middle,high,high
train,9958,clear,middle,middle,middle
train,9959,clear,middle,high,high
train,9960,clear,middle,middle,middle
train,9961,clear,middle,middle,middle
train,9962,clear,middle,middle,middle
train,9963,clear,middle,middle,middle
train,9964,clear,middle,high,high
train,9965,clear,middle,high,high
train,9966,clear,middle,high,high
train,9967,clear,middle,middle,middle
train,9968,clear,middle,middle,middle
train,9969,clear,middle,middle,middle
train,9970,clear,middle,middle,middle
train,9971,clear,middle,middle,middle
train,9972,clear,middle,middle,middle
train,9973,clear,middle,elementary,elementary
train,9974,clear,middle,middle,middle
train,9975,clear,middle,elementary,elementary
train,9976,clear,middle,middle,middle
train,9977,clear,middle,middle,middle
train,9978,clear,middle,middle,middle
train,9979,clear,middle,high,high
train,9980,clear,middle,high,high
train,9981,clear,middle,middle,middle
train,9982,clear,middle,high,high
train,9983,clear,middle,high,high
train,9984,clear,middle,middle,middle
train,9985,clear,middle,middle,middle
train,9986,clear,middle,high,high
train,9987,clear,middle,middle,middle
train,9988,clear,middle,middle,middle
train,9989,clear,middle,middle,middle
train,9990,clear,middle,middle,middle
train,9991,clear,middle,high,high
train,9992,clear,middle,high,high
train,9993,clear,middle,middle,middle
train,9994,clear,middle,middle,middle
train,9995,clear,middle,middle,middle
train,9996,clear,middle,middle,middle
train,9997,clear,middle,middle,middle
train,9998,clear,middle,high,high
train,9999,clear,middle,middle,middle
train,10000,clear,middle,middle,middle
train,10001,clear,middle,high,high
train,10002,clear,middle,elementary,elementary
train,10003,clear,middle,middle,middle
train,10004,clear,middle,middle,middle
train,10005,clear,middle,high,high
train,10006,clear,middle,high,high
train,10007,clear,middle,middle,middle
train,10008,clear,middle,middle,middle
train,10009,clear,middle,middle,middle
train,10010,clear,middle,middle,middle
train,10011,clear,middle,middle,middle
train,10012,clear,middle,middle,middle
train,10013,clear,middle,middle,middle
train,10014,clear,middle,high,high
train,10015,clear,middle,high,high
train,10016,clear,middle,middle,middle
train,10017,clear,middle,middle,middle
train,10018,clear,middle,high,high
train,10019,clear,middle,middle,middle
train,10020,clear,middle,middle,middle
train,10021,clear,middle,high,high
train,10022,clear,middle,middle,middle
train,10023,clear,middle,middle,middle
train,10024,clear,middle,middle,middle
train,10025,clear,middle,high,high
train,10026,clear,middle,middle,middle
train,10027,clear,middle,high,high
train,10028,clear,middle,middle,middle
train,10029,clear,middle,middle,middle
train,10030,clear,middle,middle,middle
train,10031,clear,middle,high,high
train,10032,clear,middle,middle,middle
train,10033,clear,middle,middle,middle
train,10034,clear,middle,high,high
train,10035,clear,middle,middle,middle
train,10036,clear,middle,middle,middle
train,10037,clear,middle,middle,middle
train,10038,clear,middle,middle,middle
train,10039,clear,middle,middle,middle
train,10040,clear,middle,high,high
train,10041,clear,middle,middle,middle
train,10042,clear,middle,middle,middle
train,10043,clear,middle,middle,middle
train,10044,clear,middle,middle,middle
train,10045,clear,middle,middle,middle
train,10046,clear,middle,middle,middle
train,10047,clear,middle,middle,middle
train,10048,clear,middle,middle,middle
train,10049,clear,middle,middle,middle
train,10050,clear,middle,middle,middle
train,10051,clear,middle,middle,middle
train,10052,clear,middle,middle,middle
train,10053,clear,middle,high,high
train,10054,clear,middle,middle,middle
train,10055,clear,middle,middle,middle
train,10056,clear,middle,high,high
train,10057,clear,middle,middle,middle
train,10058,clear,middle,middle,middle
train,10059,clear,middle,middle,middle
train,10060,clear,middle,middle,middle
train,10061,clear,middle,middle,middle
train,10062,clear,middle,middle,middle
train,10063,clear,middle,middle,middle
train,10064,clear,middle,middle,middle
train,10065,clear,middle,middle,middle
train,10066,clear,middle,middle,middle
train,10067,clear,middle,middle,middle
train,10068,clear,middle,middle,middle
train,10069,clear,middle,middle,middle
train,10070,clear,middle,middle,middle
train,10071,clear,middle,high,high
train,10072,clear,middle,middle,middle
train,10073,clear,middle,high,high
train,10074,clear,middle,middle,middle
train,10075,clear,middle,middle,middle
train,10076,clear,middle,middle,middle
train,10077,clear,middle,middle,middle
train,10078,clear,middle,middle,middle
train,10079,clear,middle,middle,middle
train,10080,clear,middle,middle,middle
train,10081,clear,middle,middle,middle
train,10082,clear,middle,middle,middle
train,10083,clear,middle,middle,middle
train,10084,clear,middle,middle,middle
train,10085,clear,middle,high,high
train,10086,clear,middle,middle,middle
train,10087,clear,middle,middle,middle
train,10088,clear,middle,high,high
train,10089,clear,middle,high,high
train,10090,clear,middle,middle,middle
train,10091,clear,middle,middle,middle
train,10092,clear,middle,middle,middle
train,10093,clear,middle,elementary,elementary
train,10094,clear,middle,middle,middle
train,10095,clear,middle,high,high
train,10096,clear,middle,middle,middle
train,10097,clear,middle,high,high
train,10098,clear,middle,high,high
train,10099,clear,middle,middle,middle
train,10100,clear,middle,high,high
train,10101,clear,middle,middle,middle
train,10102,clear,middle,high,high
train,10103,clear,middle,middle,middle
train,10104,clear,middle,middle,middle
train,10105,clear,middle,middle,middle
train,10106,clear,middle,middle,middle
train,10107,clear,middle,high,high
train,10108,clear,middle,middle,middle
train,10109,clear,middle,middle,middle
train,10110,clear,middle,middle,middle
train,10111,clear,middle,middle,middle
train,10112,clear,middle,middle,middle
train,10113,clear,middle,middle,middle
train,10114,clear,middle,high,high
train,10115,clear,middle,middle,middle
train,10116,clear,middle,middle,middle
train,10117,clear,middle,middle,middle
train,10118,clear,middle,high,high
train,10119,clear,middle,middle,middle
train,10120,clear,middle,high,high
train,10121,clear,middle,middle,middle
train,10122,clear,middle,middle,middle
train,10123,clear,middle,middle,middle
train,10124,clear,middle,elementary,elementary
train,10125,clear,middle,high,high
train,10126,clear,middle,high,high
train,10127,clear,middle,middle,middle
train,10128,clear,middle,high,high
train,10129,clear,middle,middle,middle
train,10130,clear,middle,high,high
train,10131,clear,middle,middle,middle
train,10132,clear,middle,middle,middle
train,10133,clear,middle,middle,middle
train,10134,clear,middle,middle,middle
train,10135,clear,middle,middle,middle
train,10136,clear,middle,middle,middle
train,10137,clear,middle,middle,middle
train,10138,clear,middle,middle,middle
train,10139,clear,middle,middle,middle
train,10140,clear,middle,middle,middle
train,10141,clear,middle,middle,middle
train,10142,clear,middle,middle,middle
train,10143,clear,middle,middle,middle
train,10144,clear,middle,high,high
train,10145,clear,middle,middle,middle
train,10146,clear,middle,high,high
train,10147,clear,middle,high,high
train,10148,clear,middle,middle,middle
train,10149,clear,middle,middle,middle
train,10150,clear,middle,high,high
train,10151,clear,middle,middle,middle
train,10152,clear,middle,high,high
train,10153,clear,middle,middle,middle
train,10154,clear,middle,middle,middle
train,10155,clear,middle,high,high
train,10156,clear,middle,middle,middle
train,10157,clear,middle,middle,middle
train,10158,clear,middle,high,high
train,10159,clear,middle,high,high
train,10160,clear,middle,high,high
train,10161,clear,middle,middle,middle
train,10162,clear,middle,middle,middle
train,10163,clear,middle,middle,middle
train,10164,clear,middle,middle,middle
train,10165,clear,middle,middle,middle
train,10166,clear,middle,middle,middle
train,10167,clear,middle,high,high
train,10168,clear,middle,middle,middle
train,10169,clear,middle,high,high
train,10170,clear,middle,middle,middle
train,10171,clear,middle,high,high
train,10172,clear,middle,middle,middle
train,10173,clear,middle,middle,middle
train,10174,clear,middle,high,high
train,10175,clear,middle,middle,middle
train,10176,clear,middle,middle,middle
train,10177,clear,middle,elementary,elementary
train,10178,clear,middle,middle,middle
train,10179,clear,middle,middle,middle
train,10180,clear,middle,high,high
train,10181,clear,middle,middle,middle
train,10182,clear,middle,middle,middle
train,10183,clear,middle,high,high
train,10184,clear,middle,middle,middle
train,10185,clear,middle,middle,middle
train,10186,clear,middle,high,high
train,10187,clear,middle,middle,middle
train,10188,clear,middle,high,high
train,10189,clear,middle,high,high
train,10190,clear,middle,middle,middle
train,10191,clear,middle,high,high
train,10192,clear,middle,middle,middle
train,10193,clear,middle,high,high
train,10194,clear,middle,middle,middle
train,10195,clear,middle,high,high
train,10196,clear,middle,high,high
train,10197,clear,middle,middle,middle
train,10198,clear,middle,middle,middle
train,10199,clear,middle,middle,middle
train,10200,clear,middle,middle,middle
train,10201,clear,middle,high,high
train,10202,clear,middle,middle,middle
train,10203,clear,middle,middle,middle
train,10204,clear,middle,middle,middle
train,10205,clear,middle,middle,middle
train,10206,clear,middle,high,high
train,10207,clear,middle,high,high
train,10208,clear,middle,middle,middle
train,10209,clear,middle,middle,middle
train,10210,clear,middle,middle,middle
train,10211,clear,middle,middle,middle
train,10212,clear,middle,middle,middle
train,10213,clear,middle,high,high
train,10214,clear,middle,high,high
train,10215,clear,middle,middle,middle
train,10216,clear,middle,middle,middle
train,10217,clear,middle,high,high
train,10218,clear,middle,high,high
train,10219,clear,middle,middle,middle
train,10220,clear,middle,middle,middle
train,10221,clear,middle,high,high
train,10222,clear,middle,high,high
train,10223,clear,middle,middle,middle
train,10224,english-cefr-explorer,elementary,middle,middle
train,10225,english-cefr-explorer,elementary,middle,middle
train,10226,english-cefr-explorer,elementary,middle,middle
train,10227,english-cefr-explorer,elementary,middle,middle
train,10228,english-cefr-explorer,elementary,middle,middle
train,10229,english-cefr-explorer,elementary,elementary,elementary
train,10230,english-cefr-explorer,elementary,elementary,elementary
train,10231,english-cefr-explorer,elementary,elementary,elementary
train,10232,english-cefr-explorer,elementary,middle,middle
train,10233,english-cefr-explorer,elementary,middle,middle
train,10234,english-cefr-explorer,elementary,elementary,elementary
train,10235,english-cefr-explorer,elementary,middle,middle
train,10236,english-cefr-explorer,elementary,elementary,elementary
train,10237,english-cefr-explorer,elementary,middle,middle
train,10238,english-cefr-explorer,elementary,middle,middle
train,10239,english-cefr-explorer,elementary,elementary,elementary
train,10240,english-cefr-explorer,elementary,middle,middle
train,10241,english-cefr-explorer,elementary,middle,middle
train,10242,english-cefr-explorer,elementary,elementary,elementary
train,10243,english-cefr-explorer,elementary,middle,middle
train,10244,english-cefr-explorer,elementary,middle,middle
train,10245,english-cefr-explorer,elementary,middle,middle
train,10246,english-cefr-explorer,elementary,elementary,elementary
train,10247,english-cefr-explorer,elementary,elementary,elementary
train,10248,english-cefr-explorer,elementary,middle,middle
train,10249,english-cefr-explorer,elementary,middle,middle
train,10250,english-cefr-explorer,elementary,middle,middle
train,10251,english-cefr-explorer,elementary,middle,middle
train,10252,english-cefr-explorer,elementary,elementary,elementary
train,10253,english-cefr-explorer,elementary,middle,middle
train,10254,english-cefr-explorer,elementary,middle,middle
train,10255,english-cefr-explorer,elementary,middle,middle
train,10256,english-cefr-explorer,elementary,middle,middle
train,10257,english-cefr-explorer,elementary,elementary,elementary
train,10258,english-cefr-explorer,elementary,middle,middle
train,10259,english-cefr-explorer,elementary,middle,middle
train,10260,english-cefr-explorer,elementary,middle,middle
train,10261,english-cefr-explorer,elementary,middle,middle
train,10262,english-cefr-explorer,elementary,middle,middle
train,10263,english-cefr-explorer,elementary,elementary,elementary
train,10264,english-cefr-explorer,elementary,elementary,elementary
train,10265,english-cefr-explorer,elementary,elementary,elementary
train,10266,english-cefr-explorer,elementary,elementary,elementary
train,10267,english-cefr-explorer,elementary,elementary,elementary
train,10268,english-cefr-explorer,elementary,middle,middle
train,10269,english-cefr-explorer,elementary,elementary,elementary
train,10270,english-cefr-explorer,elementary,middle,middle
train,10271,english-cefr-explorer,elementary,middle,middle
train,10272,english-cefr-explorer,elementary,elementary,elementary
train,10273,english-cefr-explorer,elementary,middle,middle
train,10274,english-cefr-explorer,elementary,elementary,elementary
train,10275,english-cefr-explorer,elementary,elementary,elementary
train,10276,english-cefr-explorer,elementary,middle,middle
train,10277,english-cefr-explorer,elementary,elementary,elementary
train,10278,english-cefr-explorer,elementary,elementary,elementary
train,10279,english-cefr-explorer,elementary,middle,middle
train,10280,english-cefr-explorer,elementary,elementary,elementary
train,10281,english-cefr-explorer,elementary,middle,middle
train,10282,english-cefr-explorer,elementary,elementary,elementary
train,10283,english-cefr-explorer,elementary,elementary,elementary
train,10284,english-cefr-explorer,elementary,elementary,elementary
train,10285,english-cefr-explorer,elementary,elementary,elementary
train,10286,english-cefr-explorer,elementary,middle,middle
train,10287,english-cefr-explorer,elementary,elementary,elementary
train,10288,english-cefr-explorer,elementary,elementary,elementary
train,10289,english-cefr-explorer,elementary,middle,middle
train,10290,english-cefr-explorer,elementary,elementary,elementary
train,10291,english-cefr-explorer,elementary,elementary,elementary
train,10292,english-cefr-explorer,elementary,middle,middle
train,10293,english-cefr-explorer,elementary,middle,middle
train,10294,english-cefr-explorer,elementary,middle,middle
train,10295,english-cefr-explorer,elementary,elementary,elementary
train,10296,english-cefr-explorer,elementary,middle,middle
train,10297,english-cefr-explorer,elementary,middle,middle
train,10298,english-cefr-explorer,elementary,elementary,elementary
train,10299,english-cefr-explorer,elementary,elementary,elementary
train,10300,english-cefr-explorer,elementary,elementary,elementary
train,10301,english-cefr-explorer,elementary,middle,middle
train,10302,english-cefr-explorer,elementary,middle,middle
train,10303,english-cefr-explorer,elementary,middle,middle
train,10304,english-cefr-explorer,elementary,elementary,elementary
train,10305,english-cefr-explorer,elementary,middle,middle
train,10306,english-cefr-explorer,elementary,elementary,elementary
train,10307,english-cefr-explorer,elementary,elementary,elementary
train,10308,english-cefr-explorer,elementary,middle,middle
train,10309,english-cefr-explorer,elementary,elementary,elementary
train,10310,english-cefr-explorer,elementary,elementary,elementary
train,10311,english-cefr-explorer,elementary,middle,middle
train,10312,english-cefr-explorer,elementary,elementary,elementary
train,10313,english-cefr-explorer,elementary,middle,middle
train,10314,english-cefr-explorer,elementary,elementary,elementary
train,10315,english-cefr-explorer,elementary,elementary,elementary
train,10316,english-cefr-explorer,elementary,elementary,elementary
train,10317,english-cefr-explorer,elementary,middle,middle
train,10318,english-cefr-explorer,elementary,elementary,elementary
train,10319,english-cefr-explorer,elementary,middle,middle
train,10320,english-cefr-explorer,elementary,elementary,elementary
train,10321,english-cefr-explorer,elementary,elementary,elementary
train,10322,english-cefr-explorer,elementary,middle,middle
train,10323,english-cefr-explorer,elementary,middle,middle
train,10324,english-cefr-explorer,elementary,middle,middle
train,10325,english-cefr-explorer,elementary,elementary,elementary
train,10326,english-cefr-explorer,elementary,middle,middle
train,10327,english-cefr-explorer,elementary,middle,middle
train,10328,english-cefr-explorer,elementary,middle,middle
train,10329,english-cefr-explorer,elementary,middle,middle
train,10330,english-cefr-explorer,elementary,middle,middle
train,10331,english-cefr-explorer,elementary,elementary,elementary
train,10332,english-cefr-explorer,elementary,elementary,elementary
train,10333,english-cefr-explorer,elementary,middle,middle
train,10334,english-cefr-explorer,elementary,middle,middle
train,10335,english-cefr-explorer,elementary,middle,middle
train,10336,english-cefr-explorer,elementary,middle,middle
train,10337,english-cefr-explorer,elementary,middle,middle
train,10338,english-cefr-explorer,elementary,elementary,elementary
train,10339,english-cefr-explorer,elementary,middle,middle
train,10340,english-cefr-explorer,elementary,elementary,elementary
train,10341,english-cefr-explorer,elementary,middle,middle
train,10342,english-cefr-explorer,elementary,elementary,elementary
train,10343,english-cefr-explorer,elementary,elementary,elementary
train,10344,english-cefr-explorer,elementary,middle,middle
train,10345,english-cefr-explorer,elementary,elementary,elementary
train,10346,english-cefr-explorer,elementary,middle,middle
train,10347,english-cefr-explorer,elementary,middle,middle
train,10348,english-cefr-explorer,elementary,elementary,elementary
train,10349,english-cefr-explorer,elementary,middle,middle
train,10350,english-cefr-explorer,elementary,elementary,elementary
train,10351,english-cefr-explorer,elementary,middle,middle
train,10352,english-cefr-explorer,elementary,middle,middle
train,10353,english-cefr-explorer,elementary,elementary,elementary
train,10354,english-cefr-explorer,elementary,elementary,elementary
train,10355,english-cefr-explorer,elementary,middle,middle
train,10356,english-cefr-explorer,elementary,middle,middle
train,10357,english-cefr-explorer,elementary,middle,middle
train,10358,english-cefr-explorer,elementary,elementary,elementary
train,10359,english-cefr-explorer,elementary,middle,middle
train,10360,english-cefr-explorer,elementary,middle,middle
train,10361,english-cefr-explorer,elementary,elementary,elementary
train,10362,english-cefr-explorer,elementary,middle,middle
train,10363,english-cefr-explorer,elementary,elementary,elementary
train,10364,english-cefr-explorer,elementary,middle,middle
train,10365,english-cefr-explorer,elementary,elementary,elementary
train,10366,english-cefr-explorer,elementary,elementary,elementary
train,10367,english-cefr-explorer,elementary,elementary,elementary
train,10368,english-cefr-explorer,elementary,elementary,elementary
train,10369,english-cefr-explorer,elementary,middle,middle
train,10370,english-cefr-explorer,elementary,middle,middle
train,10371,english-cefr-explorer,elementary,elementary,elementary
train,10372,english-cefr-explorer,elementary,middle,middle
train,10373,english-cefr-explorer,elementary,elementary,elementary
train,10374,english-cefr-explorer,elementary,middle,middle
train,10375,english-cefr-explorer,elementary,elementary,elementary
train,10376,english-cefr-explorer,elementary,middle,middle
train,10377,english-cefr-explorer,elementary,middle,middle
train,10378,english-cefr-explorer,elementary,elementary,elementary
train,10379,english-cefr-explorer,elementary,middle,middle
train,10380,english-cefr-explorer,elementary,middle,middle
train,10381,english-cefr-explorer,elementary,elementary,elementary
train,10382,english-cefr-explorer,elementary,elementary,elementary
train,10383,english-cefr-explorer,elementary,elementary,elementary
train,10384,english-cefr-explorer,elementary,elementary,elementary
train,10385,english-cefr-explorer,elementary,middle,middle
train,10386,english-cefr-explorer,elementary,elementary,elementary
train,10387,english-cefr-explorer,elementary,middle,middle
train,10388,english-cefr-explorer,elementary,middle,middle
train,10389,english-cefr-explorer,elementary,elementary,elementary
train,10390,english-cefr-explorer,elementary,middle,middle
train,10391,english-cefr-explorer,elementary,middle,middle
train,10392,english-cefr-explorer,elementary,middle,middle
train,10393,english-cefr-explorer,elementary,middle,middle
train,10394,english-cefr-explorer,elementary,elementary,elementary
train,10395,english-cefr-explorer,elementary,middle,middle
train,10396,english-cefr-explorer,elementary,middle,middle
train,10397,english-cefr-explorer,elementary,middle,middle
train,10398,english-cefr-explorer,elementary,elementary,elementary
train,10399,english-cefr-explorer,elementary,middle,middle
train,10400,english-cefr-explorer,elementary,elementary,elementary
train,10401,english-cefr-explorer,elementary,middle,middle
train,10402,english-cefr-explorer,elementary,middle,middle
train,10403,english-cefr-explorer,elementary,elementary,elementary
train,10404,english-cefr-explorer,elementary,middle,middle
train,10405,english-cefr-explorer,elementary,middle,middle
train,10406,english-cefr-explorer,elementary,elementary,elementary
train,10407,english-cefr-explorer,elementary,middle,middle
train,10408,english-cefr-explorer,elementary,middle,middle
train,10409,english-cefr-explorer,elementary,elementary,elementary
train,10410,english-cefr-explorer,elementary,elementary,elementary
train,10411,english-cefr-explorer,elementary,middle,middle
train,10412,english-cefr-explorer,elementary,middle,middle
train,10413,english-cefr-explorer,elementary,elementary,elementary
train,10414,english-cefr-explorer,elementary,elementary,elementary
train,10415,english-cefr-explorer,elementary,middle,middle
train,10416,english-cefr-explorer,elementary,elementary,elementary
train,10417,english-cefr-explorer,elementary,middle,middle
train,10418,english-cefr-explorer,elementary,elementary,elementary
train,10419,english-cefr-explorer,elementary,middle,middle
train,10420,english-cefr-explorer,elementary,middle,middle
train,10421,english-cefr-explorer,elementary,middle,middle
train,10422,english-cefr-explorer,elementary,elementary,elementary
train,10423,english-cefr-explorer,elementary,middle,middle
train,10424,english-cefr-explorer,elementary,middle,middle
train,10425,english-cefr-explorer,elementary,middle,middle
train,10426,english-cefr-explorer,elementary,middle,middle
train,10427,english-cefr-explorer,elementary,elementary,elementary
train,10428,english-cefr-explorer,elementary,middle,middle
train,10429,english-cefr-explorer,elementary,middle,middle
train,10430,english-cefr-explorer,elementary,elementary,elementary
train,10431,english-cefr-explorer,elementary,middle,middle
train,10432,english-cefr-explorer,elementary,middle,middle
train,10433,english-cefr-explorer,elementary,middle,middle
train,10434,english-cefr-explorer,elementary,elementary,elementary
train,10435,english-cefr-explorer,elementary,elementary,elementary
train,10436,english-cefr-explorer,elementary,elementary,elementary
train,10437,english-cefr-explorer,elementary,middle,middle
train,10438,english-cefr-explorer,elementary,middle,middle
train,10439,english-cefr-explorer,elementary,middle,middle
train,10440,english-cefr-explorer,elementary,elementary,elementary
train,10441,english-cefr-explorer,elementary,middle,middle
train,10442,english-cefr-explorer,elementary,middle,middle
train,10443,english-cefr-explorer,elementary,middle,middle
train,10444,english-cefr-explorer,elementary,middle,middle
train,10445,english-cefr-explorer,elementary,elementary,elementary
train,10446,english-cefr-explorer,elementary,elementary,elementary
train,10447,english-cefr-explorer,elementary,middle,middle
train,10448,english-cefr-explorer,elementary,elementary,elementary
train,10449,english-cefr-explorer,elementary,middle,middle
train,10450,english-cefr-explorer,elementary,elementary,elementary
train,10451,english-cefr-explorer,elementary,middle,middle
train,10452,english-cefr-explorer,elementary,middle,middle
train,10453,english-cefr-explorer,elementary,middle,middle
train,10454,english-cefr-explorer,elementary,middle,middle
train,10455,english-cefr-explorer,elementary,elementary,elementary
train,10456,english-cefr-explorer,elementary,elementary,elementary
train,10457,english-cefr-explorer,elementary,elementary,elementary
train,10458,english-cefr-explorer,elementary,elementary,elementary
train,10459,english-cefr-explorer,elementary,middle,middle
train,10460,english-cefr-explorer,elementary,middle,middle
train,10461,english-cefr-explorer,elementary,elementary,elementary
train,10462,english-cefr-explorer,elementary,elementary,elementary
train,10463,english-cefr-explorer,elementary,middle,middle
train,10464,english-cefr-explorer,elementary,middle,middle
train,10465,english-cefr-explorer,elementary,elementary,elementary
train,10466,english-cefr-explorer,elementary,middle,middle
train,10467,english-cefr-explorer,elementary,middle,middle
train,10468,english-cefr-explorer,elementary,middle,middle
train,10469,english-cefr-explorer,elementary,middle,middle
train,10470,english-cefr-explorer,elementary,middle,middle
train,10471,english-cefr-explorer,elementary,middle,middle
train,10472,english-cefr-explorer,elementary,middle,middle
train,10473,english-cefr-explorer,elementary,elementary,elementary
train,10474,english-cefr-explorer,elementary,middle,middle
train,10475,english-cefr-explorer,elementary,elementary,elementary
train,10476,english-cefr-explorer,elementary,middle,middle
train,10477,english-cefr-explorer,elementary,middle,middle
train,10478,english-cefr-explorer,elementary,middle,middle
train,10479,english-cefr-explorer,elementary,middle,middle
train,10480,english-cefr-explorer,elementary,middle,middle
train,10481,english-cefr-explorer,elementary,middle,middle
train,10482,english-cefr-explorer,elementary,middle,middle
train,10483,english-cefr-explorer,elementary,elementary,elementary
train,10484,english-cefr-explorer,elementary,elementary,elementary
train,10485,english-cefr-explorer,elementary,elementary,elementary
train,10486,english-cefr-explorer,elementary,elementary,elementary
train,10487,english-cefr-explorer,elementary,middle,middle
train,10488,english-cefr-explorer,elementary,elementary,elementary
train,10489,english-cefr-explorer,elementary,middle,middle
train,10490,english-cefr-explorer,elementary,middle,middle
train,10491,english-cefr-explorer,elementary,middle,middle
train,10492,english-cefr-explorer,elementary,elementary,elementary
train,10493,english-cefr-explorer,elementary,middle,middle
train,10494,english-cefr-explorer,elementary,elementary,elementary
train,10495,english-cefr-explorer,elementary,elementary,elementary
train,10496,english-cefr-explorer,elementary,middle,middle
train,10497,english-cefr-explorer,elementary,middle,middle
train,10498,english-cefr-explorer,elementary,elementary,elementary
train,10499,english-cefr-explorer,elementary,elementary,elementary
train,10500,english-cefr-explorer,elementary,middle,middle
train,10501,english-cefr-explorer,elementary,middle,middle
train,10502,english-cefr-explorer,elementary,middle,middle
train,10503,english-cefr-explorer,elementary,elementary,elementary
train,10504,english-cefr-explorer,elementary,elementary,elementary
train,10505,english-cefr-explorer,elementary,middle,middle
train,10506,english-cefr-explorer,elementary,elementary,elementary
train,10507,english-cefr-explorer,elementary,elementary,elementary
train,10508,english-cefr-explorer,elementary,middle,middle
train,10509,english-cefr-explorer,elementary,middle,middle
train,10510,english-cefr-explorer,elementary,elementary,elementary
train,10511,english-cefr-explorer,elementary,middle,middle
train,10512,english-cefr-explorer,elementary,middle,middle
train,10513,english-cefr-explorer,elementary,middle,middle
train,10514,english-cefr-explorer,elementary,middle,middle
train,10515,english-cefr-explorer,elementary,middle,middle
train,10516,english-cefr-explorer,elementary,elementary,elementary
train,10517,english-cefr-explorer,elementary,middle,middle
train,10518,english-cefr-explorer,elementary,elementary,elementary
train,10519,english-cefr-explorer,elementary,elementary,elementary
train,10520,english-cefr-explorer,elementary,middle,middle
train,10521,english-cefr-explorer,elementary,middle,middle
train,10522,english-cefr-explorer,elementary,middle,middle
train,10523,english-cefr-explorer,elementary,elementary,elementary
train,10524,english-cefr-explorer,elementary,elementary,elementary
train,10525,english-cefr-explorer,elementary,middle,middle
train,10526,english-cefr-explorer,elementary,middle,middle
train,10527,english-cefr-explorer,elementary,middle,middle
train,10528,english-cefr-explorer,elementary,middle,middle
train,10529,english-cefr-explorer,elementary,elementary,elementary
train,10530,english-cefr-explorer,elementary,middle,middle
train,10531,english-cefr-explorer,elementary,middle,middle
train,10532,english-cefr-explorer,elementary,elementary,elementary
train,10533,english-cefr-explorer,elementary,elementary,elementary
train,10534,english-cefr-explorer,elementary,elementary,elementary
train,10535,english-cefr-explorer,elementary,elementary,elementary
train,10536,english-cefr-explorer,elementary,middle,middle
train,10537,english-cefr-explorer,elementary,elementary,elementary
train,10538,english-cefr-explorer,elementary,middle,middle
train,10539,english-cefr-explorer,elementary,middle,middle
train,10540,english-cefr-explorer,elementary,middle,middle
train,10541,english-cefr-explorer,elementary,elementary,elementary
train,10542,english-cefr-explorer,elementary,elementary,elementary
train,10543,english-cefr-explorer,elementary,middle,middle
train,10544,english-cefr-explorer,elementary,middle,middle
train,10545,english-cefr-explorer,elementary,middle,middle
train,10546,english-cefr-explorer,elementary,middle,middle
train,10547,english-cefr-explorer,elementary,elementary,elementary
train,10548,english-cefr-explorer,elementary,middle,middle
train,10549,english-cefr-explorer,elementary,middle,middle
train,10550,english-cefr-explorer,elementary,elementary,elementary
train,10551,english-cefr-explorer,elementary,middle,middle
train,10552,english-cefr-explorer,elementary,middle,middle
train,10553,english-cefr-explorer,elementary,elementary,elementary
train,10554,english-cefr-explorer,elementary,elementary,elementary
train,10555,english-cefr-explorer,elementary,middle,middle
train,10556,english-cefr-explorer,elementary,middle,middle
train,10557,english-cefr-explorer,elementary,elementary,elementary
train,10558,english-cefr-explorer,elementary,middle,middle
train,10559,english-cefr-explorer,elementary,elementary,elementary
train,10560,english-cefr-explorer,elementary,elementary,elementary
train,10561,english-cefr-explorer,elementary,elementary,elementary
train,10562,english-cefr-explorer,elementary,elementary,elementary
train,10563,english-cefr-explorer,elementary,middle,middle
train,10564,english-cefr-explorer,elementary,elementary,elementary
train,10565,english-cefr-explorer,elementary,middle,middle
train,10566,english-cefr-explorer,elementary,elementary,elementary
train,10567,english-cefr-explorer,elementary,elementary,elementary
train,10568,english-cefr-explorer,elementary,elementary,elementary
train,10569,english-cefr-explorer,elementary,elementary,elementary
train,10570,english-cefr-explorer,elementary,elementary,elementary
train,10571,english-cefr-explorer,elementary,middle,middle
train,10572,english-cefr-explorer,elementary,middle,middle
train,10573,english-cefr-explorer,elementary,middle,middle
train,10574,english-cefr-explorer,elementary,middle,middle
train,10575,english-cefr-explorer,elementary,middle,middle
train,10576,english-cefr-explorer,elementary,middle,middle
train,10577,english-cefr-explorer,elementary,elementary,elementary
train,10578,english-cefr-explorer,elementary,elementary,elementary
train,10579,english-cefr-explorer,elementary,middle,middle
train,10580,english-cefr-explorer,elementary,middle,middle
train,10581,english-cefr-explorer,elementary,elementary,elementary
train,10582,english-cefr-explorer,elementary,elementary,elementary
train,10583,english-cefr-explorer,elementary,middle,middle
train,10584,english-cefr-explorer,elementary,elementary,elementary
train,10585,english-cefr-explorer,elementary,elementary,elementary
train,10586,english-cefr-explorer,elementary,middle,middle
train,10587,english-cefr-explorer,elementary,elementary,elementary
train,10588,english-cefr-explorer,elementary,middle,middle
train,10589,english-cefr-explorer,elementary,middle,middle
train,10590,english-cefr-explorer,elementary,middle,middle
train,10591,english-cefr-explorer,elementary,middle,middle
train,10592,english-cefr-explorer,elementary,elementary,elementary
train,10593,english-cefr-explorer,elementary,middle,middle
train,10594,english-cefr-explorer,elementary,elementary,elementary
train,10595,english-cefr-explorer,elementary,middle,middle
train,10596,english-cefr-explorer,elementary,middle,middle
train,10597,english-cefr-explorer,elementary,middle,middle
train,10598,english-cefr-explorer,elementary,middle,middle
train,10599,english-cefr-explorer,elementary,middle,middle
train,10600,english-cefr-explorer,elementary,elementary,elementary
train,10601,english-cefr-explorer,elementary,middle,middle
train,10602,english-cefr-explorer,elementary,middle,middle
train,10603,english-cefr-explorer,elementary,elementary,elementary
train,10604,english-cefr-explorer,elementary,middle,middle
train,10605,english-cefr-explorer,elementary,middle,middle
train,10606,english-cefr-explorer,elementary,middle,middle
train,10607,english-cefr-explorer,elementary,elementary,elementary
train,10608,english-cefr-explorer,elementary,elementary,elementary
train,10609,english-cefr-explorer,elementary,elementary,elementary
train,10610,english-cefr-explorer,elementary,elementary,elementary
train,10611,english-cefr-explorer,elementary,middle,middle
train,10612,english-cefr-explorer,elementary,elementary,elementary
train,10613,english-cefr-explorer,elementary,middle,middle
train,10614,english-cefr-explorer,elementary,middle,middle
train,10615,english-cefr-explorer,elementary,elementary,elementary
train,10616,english-cefr-explorer,elementary,elementary,elementary
train,10617,english-cefr-explorer,elementary,elementary,elementary
train,10618,english-cefr-explorer,elementary,elementary,elementary
train,10619,english-cefr-explorer,elementary,middle,middle
train,10620,english-cefr-explorer,elementary,elementary,elementary
train,10621,english-cefr-explorer,elementary,middle,middle
train,10622,english-cefr-explorer,elementary,middle,middle
train,10623,english-cefr-explorer,elementary,middle,middle
train,10624,english-cefr-explorer,high,high,high
train,10625,english-cefr-explorer,high,high,high
train,10626,english-cefr-explorer,high,high,high
train,10627,english-cefr-explorer,high,high,high
train,10628,english-cefr-explorer,high,high,high
train,10629,english-cefr-explorer,high,high,high
train,10630,english-cefr-explorer,high,high,high
train,10631,english-cefr-explorer,high,high,high
train,10632,english-cefr-explorer,high,high,high
train,10633,english-cefr-explorer,high,high,high
train,10634,english-cefr-explorer,high,high,high
train,10635,english-cefr-explorer,high,high,high
train,10636,english-cefr-explorer,high,high,high
train,10637,english-cefr-explorer,high,high,high
train,10638,english-cefr-explorer,high,high,high
train,10639,english-cefr-explorer,high,high,high
train,10640,english-cefr-explorer,high,high,high
train,10641,english-cefr-explorer,high,high,high
train,10642,english-cefr-explorer,high,high,high
train,10643,english-cefr-explorer,high,high,high
train,10644,english-cefr-explorer,high,high,high
train,10645,english-cefr-explorer,high,high,high
train,10646,english-cefr-explorer,high,high,high
train,10647,english-cefr-explorer,high,high,high
train,10648,english-cefr-explorer,high,high,high
train,10649,english-cefr-explorer,high,high,high
train,10650,english-cefr-explorer,high,high,high
train,10651,english-cefr-explorer,high,high,high
train,10652,english-cefr-explorer,high,high,high
train,10653,english-cefr-explorer,high,high,high
train,10654,english-cefr-explorer,high,high,high
train,10655,english-cefr-explorer,high,high,high
train,10656,english-cefr-explorer,high,high,high
train,10657,english-cefr-explorer,high,high,high
train,10658,english-cefr-explorer,high,high,high
train,10659,english-cefr-explorer,high,high,high
train,10660,english-cefr-explorer,high,high,high
train,10661,english-cefr-explorer,high,high,high
train,10662,english-cefr-explorer,high,high,high
train,10663,english-cefr-explorer,high,high,high
train,10664,english-cefr-explorer,high,high,high
train,10665,english-cefr-explorer,high,high,high
train,10666,english-cefr-explorer,high,high,high
train,10667,english-cefr-explorer,high,high,high
train,10668,english-cefr-explorer,high,high,high
train,10669,english-cefr-explorer,high,high,high
train,10670,english-cefr-explorer,high,high,high
train,10671,english-cefr-explorer,high,high,high
train,10672,english-cefr-explorer,high,high,high
train,10673,english-cefr-explorer,high,high,high
train,10674,english-cefr-explorer,high,high,high
train,10675,english-cefr-explorer,high,high,high
train,10676,english-cefr-explorer,high,high,high
train,10677,english-cefr-explorer,high,high,high
train,10678,english-cefr-explorer,high,high,high
train,10679,english-cefr-explorer,high,high,high
train,10680,english-cefr-explorer,high,high,high
train,10681,english-cefr-explorer,high,high,high
train,10682,english-cefr-explorer,high,high,high
train,10683,english-cefr-explorer,high,high,high
train,10684,english-cefr-explorer,high,high,high
train,10685,english-cefr-explorer,high,high,high
train,10686,english-cefr-explorer,high,high,high
train,10687,english-cefr-explorer,high,high,high
train,10688,english-cefr-explorer,high,high,high
train,10689,english-cefr-explorer,high,high,high
train,10690,english-cefr-explorer,high,high,high
train,10691,english-cefr-explorer,high,high,high
train,10692,english-cefr-explorer,high,high,high
train,10693,english-cefr-explorer,high,high,high
train,10694,english-cefr-explorer,high,high,high
train,10695,english-cefr-explorer,high,high,high
train,10696,english-cefr-explorer,high,high,high
train,10697,english-cefr-explorer,high,high,high
train,10698,english-cefr-explorer,high,high,high
train,10699,english-cefr-explorer,high,high,high
train,10700,english-cefr-explorer,high,high,high
train,10701,english-cefr-explorer,high,high,high
train,10702,english-cefr-explorer,high,high,high
train,10703,english-cefr-explorer,high,high,high
train,10704,english-cefr-explorer,high,high,high
train,10705,english-cefr-explorer,high,high,high
train,10706,english-cefr-explorer,high,high,high
train,10707,english-cefr-explorer,high,high,high
train,10708,english-cefr-explorer,high,high,high
train,10709,english-cefr-explorer,high,high,high
train,10710,english-cefr-explorer,high,high,high
train,10711,english-cefr-explorer,high,high,high
train,10712,english-cefr-explorer,high,high,high
train,10713,english-cefr-explorer,high,high,high
train,10714,english-cefr-explorer,high,high,high
train,10715,english-cefr-explorer,high,high,high
train,10716,english-cefr-explorer,high,high,high
train,10717,english-cefr-explorer,high,high,high
train,10718,english-cefr-explorer,high,high,high
train,10719,english-cefr-explorer,high,high,high
train,10720,english-cefr-explorer,high,high,high
train,10721,english-cefr-explorer,high,high,high
train,10722,english-cefr-explorer,high,high,high
train,10723,english-cefr-explorer,high,high,high
train,10724,english-cefr-explorer,high,high,high
train,10725,english-cefr-explorer,high,high,high
train,10726,english-cefr-explorer,high,high,high
train,10727,english-cefr-explorer,high,high,high
train,10728,english-cefr-explorer,high,high,high
train,10729,english-cefr-explorer,high,high,high
train,10730,english-cefr-explorer,high,high,high
train,10731,english-cefr-explorer,high,high,high
train,10732,english-cefr-explorer,high,high,high
train,10733,english-cefr-explorer,high,high,high
train,10734,english-cefr-explorer,high,high,high
train,10735,english-cefr-explorer,high,high,high
train,10736,english-cefr-explorer,high,high,high
train,10737,english-cefr-explorer,high,high,high
train,10738,english-cefr-explorer,high,high,high
train,10739,english-cefr-explorer,high,high,high
train,10740,english-cefr-explorer,high,high,high
train,10741,english-cefr-explorer,high,high,high
train,10742,english-cefr-explorer,high,high,high
train,10743,english-cefr-explorer,high,high,high
train,10744,english-cefr-explorer,high,high,high
train,10745,english-cefr-explorer,high,high,high
train,10746,english-cefr-explorer,high,high,high
train,10747,english-cefr-explorer,high,high,high
train,10748,english-cefr-explorer,high,high,high
train,10749,english-cefr-explorer,high,high,high
train,10750,english-cefr-explorer,high,high,high
train,10751,english-cefr-explorer,high,high,high
train,10752,english-cefr-explorer,high,high,high
train,10753,english-cefr-explorer,high,high,high
train,10754,english-cefr-explorer,high,high,high
train,10755,english-cefr-explorer,high,high,high
train,10756,english-cefr-explorer,high,high,high
train,10757,english-cefr-explorer,high,high,high
train,10758,english-cefr-explorer,high,high,high
train,10759,english-cefr-explorer,high,high,high
train,10760,english-cefr-explorer,high,high,high
train,10761,english-cefr-explorer,high,high,high
train,10762,english-cefr-explorer,high,high,high
train,10763,english-cefr-explorer,high,high,high
train,10764,english-cefr-explorer,high,high,high
train,10765,english-cefr-explorer,high,high,high
train,10766,english-cefr-explorer,high,high,high
train,10767,english-cefr-explorer,high,high,high
train,10768,english-cefr-explorer,high,high,high
train,10769,english-cefr-explorer,high,high,high
train,10770,english-cefr-explorer,high,high,high
train,10771,english-cefr-explorer,high,high,high
train,10772,english-cefr-explorer,high,high,high
train,10773,english-cefr-explorer,high,high,high
train,10774,english-cefr-explorer,high,high,high
train,10775,english-cefr-explorer,high,high,high
train,10776,english-cefr-explorer,high,high,high
train,10777,english-cefr-explorer,high,high,high
train,10778,english-cefr-explorer,high,high,high
train,10779,english-cefr-explorer,high,high,high
train,10780,english-cefr-explorer,high,high,high
train,10781,english-cefr-explorer,high,high,high
train,10782,english-cefr-explorer,high,high,high
train,10783,english-cefr-explorer,high,high,high
train,10784,english-cefr-explorer,high,high,high
train,10785,english-cefr-explorer,high,high,high
train,10786,english-cefr-explorer,high,high,high
train,10787,english-cefr-explorer,high,high,high
train,10788,english-cefr-explorer,high,high,high
train,10789,english-cefr-explorer,high,high,high
train,10790,english-cefr-explorer,high,high,high
train,10791,english-cefr-explorer,high,high,high
train,10792,english-cefr-explorer,high,high,high
train,10793,english-cefr-explorer,high,high,high
train,10794,english-cefr-explorer,high,high,high
train,10795,english-cefr-explorer,high,high,high
train,10796,english-cefr-explorer,high,high,high
train,10797,english-cefr-explorer,high,high,high
train,10798,english-cefr-explorer,high,high,high
train,10799,english-cefr-explorer,high,high,high
train,10800,english-cefr-explorer,high,high,high
train,10801,english-cefr-explorer,high,high,high
train,10802,english-cefr-explorer,high,high,high
train,10803,english-cefr-explorer,high,high,high
train,10804,english-cefr-explorer,high,high,high
train,10805,english-cefr-explorer,high,high,high
train,10806,english-cefr-explorer,high,high,high
train,10807,english-cefr-explorer,high,high,high
train,10808,english-cefr-explorer,high,high,high
train,10809,english-cefr-explorer,high,high,high
train,10810,english-cefr-explorer,high,high,high
train,10811,english-cefr-explorer,high,high,high
train,10812,english-cefr-explorer,high,high,high
train,10813,english-cefr-explorer,high,high,high
train,10814,english-cefr-explorer,high,high,high
train,10815,english-cefr-explorer,high,high,high
train,10816,english-cefr-explorer,high,high,high
train,10817,english-cefr-explorer,high,high,high
train,10818,english-cefr-explorer,high,high,high
train,10819,english-cefr-explorer,high,high,high
train,10820,english-cefr-explorer,high,high,high
train,10821,english-cefr-explorer,high,high,high
train,10822,english-cefr-explorer,high,high,high
train,10823,english-cefr-explorer,high,high,high
train,10824,english-cefr-explorer,high,high,high
train,10825,english-cefr-explorer,high,high,high
train,10826,english-cefr-explorer,high,high,high
train,10827,english-cefr-explorer,high,high,high
train,10828,english-cefr-explorer,high,high,high
train,10829,english-cefr-explorer,high,high,high
train,10830,english-cefr-explorer,high,high,high
train,10831,english-cefr-explorer,high,high,high
train,10832,english-cefr-explorer,high,high,high
train,10833,english-cefr-explorer,high,high,high
train,10834,english-cefr-explorer,high,high,high
train,10835,english-cefr-explorer,high,high,high
train,10836,english-cefr-explorer,high,high,high
train,10837,english-cefr-explorer,high,high,high
train,10838,english-cefr-explorer,high,high,high
train,10839,english-cefr-explorer,high,high,high
train,10840,english-cefr-explorer,high,high,high
train,10841,english-cefr-explorer,high,high,high
train,10842,english-cefr-explorer,high,high,high
train,10843,english-cefr-explorer,high,high,high
train,10844,english-cefr-explorer,high,high,high
train,10845,english-cefr-explorer,high,high,high
train,10846,english-cefr-explorer,high,high,high
train,10847,english-cefr-explorer,high,high,high
train,10848,english-cefr-explorer,high,high,high
train,10849,english-cefr-explorer,high,high,high
train,10850,english-cefr-explorer,high,high,high
train,10851,english-cefr-explorer,high,high,high
train,10852,english-cefr-explorer,high,high,high
train,10853,english-cefr-explorer,high,high,high
train,10854,english-cefr-explorer,high,high,high
train,10855,english-cefr-explorer,high,high,high
train,10856,english-cefr-explorer,high,high,high
train,10857,english-cefr-explorer,high,high,high
train,10858,english-cefr-explorer,high,high,high
train,10859,english-cefr-explorer,high,high,high
train,10860,english-cefr-explorer,high,high,high
train,10861,english-cefr-explorer,high,high,high
train,10862,english-cefr-explorer,high,high,high
train,10863,english-cefr-explorer,high,high,high
train,10864,english-cefr-explorer,high,high,high
train,10865,english-cefr-explorer,high,high,high
train,10866,english-cefr-explorer,high,high,high
train,10867,english-cefr-explorer,high,high,high
train,10868,english-cefr-explorer,high,high,high
train,10869,english-cefr-explorer,high,high,high
train,10870,english-cefr-explorer,high,high,high
train,10871,english-cefr-explorer,high,high,high
train,10872,english-cefr-explorer,high,high,high
train,10873,english-cefr-explorer,high,high,high
train,10874,english-cefr-explorer,high,high,high
train,10875,english-cefr-explorer,high,high,high
train,10876,english-cefr-explorer,high,high,high
train,10877,english-cefr-explorer,high,high,high
train,10878,english-cefr-explorer,high,high,high
train,10879,english-cefr-explorer,high,high,high
train,10880,english-cefr-explorer,high,high,high
train,10881,english-cefr-explorer,high,high,high
train,10882,english-cefr-explorer,high,high,high
train,10883,english-cefr-explorer,high,high,high
train,10884,english-cefr-explorer,high,high,high
train,10885,english-cefr-explorer,high,high,high
train,10886,english-cefr-explorer,high,high,high
train,10887,english-cefr-explorer,high,high,high
train,10888,english-cefr-explorer,high,high,high
train,10889,english-cefr-explorer,high,high,high
train,10890,english-cefr-explorer,high,high,high
train,10891,english-cefr-explorer,high,high,high
train,10892,english-cefr-explorer,high,high,high
train,10893,english-cefr-explorer,high,high,high
train,10894,english-cefr-explorer,high,high,high
train,10895,english-cefr-explorer,high,high,high
train,10896,english-cefr-explorer,high,high,high
train,10897,english-cefr-explorer,high,high,high
train,10898,english-cefr-explorer,high,high,high
train,10899,english-cefr-explorer,high,high,high
train,10900,english-cefr-explorer,high,high,high
train,10901,english-cefr-explorer,high,high,high
train,10902,english-cefr-explorer,high,high,high
train,10903,english-cefr-explorer,high,high,high
train,10904,english-cefr-explorer,high,high,high
train,10905,english-cefr-explorer,high,high,high
train,10906,english-cefr-explorer,high,high,high
train,10907,english-cefr-explorer,high,high,high
train,10908,english-cefr-explorer,high,high,high
train,10909,english-cefr-explorer,high,high,high
train,10910,english-cefr-explorer,high,high,high
train,10911,english-cefr-explorer,high,high,high
train,10912,english-cefr-explorer,high,high,high
train,10913,english-cefr-explorer,high,high,high
train,10914,english-cefr-explorer,high,high,high
train,10915,english-cefr-explorer,high,high,high
train,10916,english-cefr-explorer,high,high,high
train,10917,english-cefr-explorer,high,high,high
train,10918,english-cefr-explorer,high,high,high
train,10919,english-cefr-explorer,high,high,high
train,10920,english-cefr-explorer,high,high,high
train,10921,english-cefr-explorer,high,high,high
train,10922,english-cefr-explorer,high,high,high
train,10923,english-cefr-explorer,high,high,high
train,10924,english-cefr-explorer,high,high,high
train,10925,english-cefr-explorer,high,high,high
train,10926,english-cefr-explorer,high,high,high
train,10927,english-cefr-explorer,high,high,high
train,10928,english-cefr-explorer,high,high,high
train,10929,english-cefr-explorer,high,high,high
train,10930,english-cefr-explorer,high,high,high
train,10931,english-cefr-explorer,high,high,high
train,10932,english-cefr-explorer,high,high,high
train,10933,english-cefr-explorer,high,high,high
train,10934,english-cefr-explorer,high,high,high
train,10935,english-cefr-explorer,high,high,high
train,10936,english-cefr-explorer,high,high,high
train,10937,english-cefr-explorer,high,high,high
train,10938,english-cefr-explorer,high,high,high
train,10939,english-cefr-explorer,high,high,high
train,10940,english-cefr-explorer,high,high,high
train,10941,english-cefr-explorer,high,high,high
train,10942,english-cefr-explorer,high,high,high
train,10943,english-cefr-explorer,high,high,high
train,10944,english-cefr-explorer,high,high,high
train,10945,english-cefr-explorer,high,high,high
train,10946,english-cefr-explorer,high,high,high
train,10947,english-cefr-explorer,high,high,high
train,10948,english-cefr-explorer,high,high,high
train,10949,english-cefr-explorer,high,high,high
train,10950,english-cefr-explorer,high,high,high
train,10951,english-cefr-explorer,high,high,high
train,10952,english-cefr-explorer,high,high,high
train,10953,english-cefr-explorer,high,high,high
train,10954,english-cefr-explorer,high,high,high
train,10955,english-cefr-explorer,high,high,high
train,10956,english-cefr-explorer,high,high,high
train,10957,english-cefr-explorer,high,high,high
train,10958,english-cefr-explorer,high,high,high
train,10959,english-cefr-explorer,high,high,high
train,10960,english-cefr-explorer,high,high,high
train,10961,english-cefr-explorer,high,high,high
train,10962,english-cefr-explorer,high,high,high
train,10963,english-cefr-explorer,high,high,high
train,10964,english-cefr-explorer,high,high,high
train,10965,english-cefr-explorer,high,high,high
train,10966,english-cefr-explorer,high,high,high
train,10967,english-cefr-explorer,high,high,high
train,10968,english-cefr-explorer,high,high,high
train,10969,english-cefr-explorer,high,high,high
train,10970,english-cefr-explorer,high,high,high
train,10971,english-cefr-explorer,high,high,high
train,10972,english-cefr-explorer,high,high,high
train,10973,english-cefr-explorer,high,high,high
train,10974,english-cefr-explorer,high,high,high
train,10975,english-cefr-explorer,high,high,high
train,10976,english-cefr-explorer,high,high,high
train,10977,english-cefr-explorer,high,high,high
train,10978,english-cefr-explorer,high,high,high
train,10979,english-cefr-explorer,high,high,high
train,10980,english-cefr-explorer,high,high,high
train,10981,english-cefr-explorer,high,high,high
train,10982,english-cefr-explorer,high,high,high
train,10983,english-cefr-explorer,high,high,high
train,10984,english-cefr-explorer,high,high,high
train,10985,english-cefr-explorer,high,high,high
train,10986,english-cefr-explorer,high,high,high
train,10987,english-cefr-explorer,high,high,high
train,10988,english-cefr-explorer,high,high,high
train,10989,english-cefr-explorer,high,high,high
train,10990,english-cefr-explorer,high,high,high
train,10991,english-cefr-explorer,high,high,high
train,10992,english-cefr-explorer,high,high,high
train,10993,english-cefr-explorer,high,high,high
train,10994,english-cefr-explorer,high,high,high
train,10995,english-cefr-explorer,high,high,high
train,10996,english-cefr-explorer,high,high,high
train,10997,english-cefr-explorer,high,high,high
train,10998,english-cefr-explorer,high,high,high
train,10999,english-cefr-explorer,high,high,high
train,11000,english-cefr-explorer,high,high,high
train,11001,english-cefr-explorer,high,high,high
train,11002,english-cefr-explorer,high,high,high
train,11003,english-cefr-explorer,high,high,high
train,11004,english-cefr-explorer,high,high,high
train,11005,english-cefr-explorer,high,high,high
train,11006,english-cefr-explorer,high,high,high
train,11007,english-cefr-explorer,high,high,high
train,11008,english-cefr-explorer,high,high,high
train,11009,english-cefr-explorer,high,high,high
train,11010,english-cefr-explorer,high,high,high
train,11011,english-cefr-explorer,high,high,high
train,11012,english-cefr-explorer,high,high,high
train,11013,english-cefr-explorer,high,high,high
train,11014,english-cefr-explorer,high,high,high
train,11015,english-cefr-explorer,high,high,high
train,11016,english-cefr-explorer,high,high,high
train,11017,english-cefr-explorer,high,high,high
train,11018,english-cefr-explorer,high,high,high
train,11019,english-cefr-explorer,high,high,high
train,11020,english-cefr-explorer,high,high,high
train,11021,english-cefr-explorer,high,high,high
train,11022,english-cefr-explorer,high,high,high
train,11023,english-cefr-explorer,high,high,high
train,11024,english-cefr-explorer,middle,high,high
train,11025,english-cefr-explorer,middle,high,high
train,11026,english-cefr-explorer,middle,middle,middle
train,11027,english-cefr-explorer,middle,high,high
train,11028,english-cefr-explorer,middle,middle,middle
train,11029,english-cefr-explorer,middle,high,high
train,11030,english-cefr-explorer,middle,high,high
train,11031,english-cefr-explorer,middle,middle,middle
train,11032,english-cefr-explorer,middle,high,high
train,11033,english-cefr-explorer,middle,middle,middle
train,11034,english-cefr-explorer,middle,middle,middle
train,11035,english-cefr-explorer,middle,middle,middle
train,11036,english-cefr-explorer,middle,high,high
train,11037,english-cefr-explorer,middle,high,high
train,11038,english-cefr-explorer,middle,middle,middle
train,11039,english-cefr-explorer,middle,middle,middle
train,11040,english-cefr-explorer,middle,middle,middle
train,11041,english-cefr-explorer,middle,high,high
train,11042,english-cefr-explorer,middle,high,high
train,11043,english-cefr-explorer,middle,high,high
train,11044,english-cefr-explorer,middle,high,high
train,11045,english-cefr-explorer,middle,middle,middle
train,11046,english-cefr-explorer,middle,middle,middle
train,11047,english-cefr-explorer,middle,high,high
train,11048,english-cefr-explorer,middle,high,high
train,11049,english-cefr-explorer,middle,high,high
train,11050,english-cefr-explorer,middle,high,high
train,11051,english-cefr-explorer,middle,middle,middle
train,11052,english-cefr-explorer,middle,middle,middle
train,11053,english-cefr-explorer,middle,middle,middle
train,11054,english-cefr-explorer,middle,high,high
train,11055,english-cefr-explorer,middle,high,high
train,11056,english-cefr-explorer,middle,high,high
train,11057,english-cefr-explorer,middle,middle,middle
train,11058,english-cefr-explorer,middle,high,high
train,11059,english-cefr-explorer,middle,middle,middle
train,11060,english-cefr-explorer,middle,high,high
train,11061,english-cefr-explorer,middle,high,high
train,11062,english-cefr-explorer,middle,high,high
train,11063,english-cefr-explorer,middle,high,high
train,11064,english-cefr-explorer,middle,high,high
train,11065,english-cefr-explorer,middle,middle,middle
train,11066,english-cefr-explorer,middle,middle,middle
train,11067,english-cefr-explorer,middle,middle,middle
train,11068,english-cefr-explorer,middle,high,high
train,11069,english-cefr-explorer,middle,high,high
train,11070,english-cefr-explorer,middle,middle,middle
train,11071,english-cefr-explorer,middle,high,high
train,11072,english-cefr-explorer,middle,middle,middle
train,11073,english-cefr-explorer,middle,high,high
train,11074,english-cefr-explorer,middle,middle,middle
train,11075,english-cefr-explorer,middle,high,high
train,11076,english-cefr-explorer,middle,middle,middle
train,11077,english-cefr-explorer,middle,middle,middle
train,11078,english-cefr-explorer,middle,middle,middle
train,11079,english-cefr-explorer,middle,middle,middle
train,11080,english-cefr-explorer,middle,middle,middle
train,11081,english-cefr-explorer,middle,high,high
train,11082,english-cefr-explorer,middle,middle,middle
train,11083,english-cefr-explorer,middle,high,high
train,11084,english-cefr-explorer,middle,middle,middle
train,11085,english-cefr-explorer,middle,middle,middle
train,11086,english-cefr-explorer,middle,high,high
train,11087,english-cefr-explorer,middle,middle,middle
train,11088,english-cefr-explorer,middle,middle,middle
train,11089,english-cefr-explorer,middle,middle,middle
train,11090,english-cefr-explorer,middle,middle,middle
train,11091,english-cefr-explorer,middle,middle,middle
train,11092,english-cefr-explorer,middle,middle,middle
train,11093,english-cefr-explorer,middle,high,high
train,11094,english-cefr-explorer,middle,high,high
train,11095,english-cefr-explorer,middle,middle,middle
train,11096,english-cefr-explorer,middle,high,high
train,11097,english-cefr-explorer,middle,high,high
train,11098,english-cefr-explorer,middle,high,high
train,11099,english-cefr-explorer,middle,high,high
train,11100,english-cefr-explorer,middle,high,high
train,11101,english-cefr-explorer,middle,middle,middle
train,11102,english-cefr-explorer,middle,middle,middle
train,11103,english-cefr-explorer,middle,high,high
train,11104,english-cefr-explorer,middle,high,high
train,11105,english-cefr-explorer,middle,high,high
train,11106,english-cefr-explorer,middle,middle,middle
train,11107,english-cefr-explorer,middle,middle,middle
train,11108,english-cefr-explorer,middle,high,high
train,11109,english-cefr-explorer,middle,middle,middle
train,11110,english-cefr-explorer,middle,high,high
train,11111,english-cefr-explorer,middle,high,high
train,11112,english-cefr-explorer,middle,high,high
train,11113,english-cefr-explorer,middle,middle,middle
train,11114,english-cefr-explorer,middle,high,high
train,11115,english-cefr-explorer,middle,high,high
train,11116,english-cefr-explorer,middle,middle,middle
train,11117,english-cefr-explorer,middle,middle,middle
train,11118,english-cefr-explorer,middle,middle,middle
train,11119,english-cefr-explorer,middle,high,high
train,11120,english-cefr-explorer,middle,middle,middle
train,11121,english-cefr-explorer,middle,high,high
train,11122,english-cefr-explorer,middle,middle,middle
train,11123,english-cefr-explorer,middle,middle,middle
train,11124,english-cefr-explorer,middle,high,high
train,11125,english-cefr-explorer,middle,high,high
train,11126,english-cefr-explorer,middle,middle,middle
train,11127,english-cefr-explorer,middle,high,high
train,11128,english-cefr-explorer,middle,high,high
train,11129,english-cefr-explorer,middle,high,high
train,11130,english-cefr-explorer,middle,high,high
train,11131,english-cefr-explorer,middle,high,high
train,11132,english-cefr-explorer,middle,middle,middle
train,11133,english-cefr-explorer,middle,middle,middle
train,11134,english-cefr-explorer,middle,middle,middle
train,11135,english-cefr-explorer,middle,high,high
train,11136,english-cefr-explorer,middle,high,high
train,11137,english-cefr-explorer,middle,high,high
train,11138,english-cefr-explorer,middle,middle,middle
train,11139,english-cefr-explorer,middle,middle,middle
train,11140,english-cefr-explorer,middle,high,high
train,11141,english-cefr-explorer,middle,high,high
train,11142,english-cefr-explorer,middle,high,high
train,11143,english-cefr-explorer,middle,high,high
train,11144,english-cefr-explorer,middle,high,high
train,11145,english-cefr-explorer,middle,middle,middle
train,11146,english-cefr-explorer,middle,high,high
train,11147,english-cefr-explorer,middle,middle,middle
train,11148,english-cefr-explorer,middle,high,high
train,11149,english-cefr-explorer,middle,high,high
train,11150,english-cefr-explorer,middle,high,high
train,11151,english-cefr-explorer,middle,middle,middle
train,11152,english-cefr-explorer,middle,high,high
train,11153,english-cefr-explorer,middle,high,high
train,11154,english-cefr-explorer,middle,high,high
train,11155,english-cefr-explorer,middle,high,high
train,11156,english-cefr-explorer,middle,high,high
train,11157,english-cefr-explorer,middle,high,high
train,11158,english-cefr-explorer,middle,high,high
train,11159,english-cefr-explorer,middle,high,high
train,11160,english-cefr-explorer,middle,high,high
train,11161,english-cefr-explorer,middle,high,high
train,11162,english-cefr-explorer,middle,high,high
train,11163,english-cefr-explorer,middle,high,high
train,11164,english-cefr-explorer,middle,high,high
train,11165,english-cefr-explorer,middle,high,high
train,11166,english-cefr-explorer,middle,high,high
train,11167,english-cefr-explorer,middle,high,high
train,11168,english-cefr-explorer,middle,high,high
train,11169,english-cefr-explorer,middle,middle,middle
train,11170,english-cefr-explorer,middle,middle,middle
train,11171,english-cefr-explorer,middle,middle,middle
train,11172,english-cefr-explorer,middle,middle,middle
train,11173,english-cefr-explorer,middle,high,high
train,11174,english-cefr-explorer,middle,high,high
train,11175,english-cefr-explorer,middle,middle,middle
train,11176,english-cefr-explorer,middle,high,high
train,11177,english-cefr-explorer,middle,high,high
train,11178,english-cefr-explorer,middle,high,high
train,11179,english-cefr-explorer,middle,high,high
train,11180,english-cefr-explorer,middle,high,high
train,11181,english-cefr-explorer,middle,high,high
train,11182,english-cefr-explorer,middle,middle,middle
train,11183,english-cefr-explorer,middle,high,high
train,11184,english-cefr-explorer,middle,middle,middle
train,11185,english-cefr-explorer,middle,middle,middle
train,11186,english-cefr-explorer,middle,middle,middle
train,11187,english-cefr-explorer,middle,middle,middle
train,11188,english-cefr-explorer,middle,middle,middle
train,11189,english-cefr-explorer,middle,high,high
train,11190,english-cefr-explorer,middle,middle,middle
train,11191,english-cefr-explorer,middle,high,high
train,11192,english-cefr-explorer,middle,middle,middle
train,11193,english-cefr-explorer,middle,high,high
train,11194,english-cefr-explorer,middle,high,high
train,11195,english-cefr-explorer,middle,high,high
train,11196,english-cefr-explorer,middle,middle,middle
train,11197,english-cefr-explorer,middle,middle,middle
train,11198,english-cefr-explorer,middle,middle,middle
train,11199,english-cefr-explorer,middle,high,high
train,11200,english-cefr-explorer,middle,high,high
train,11201,english-cefr-explorer,middle,high,high
train,11202,english-cefr-explorer,middle,high,high
train,11203,english-cefr-explorer,middle,high,high
train,11204,english-cefr-explorer,middle,high,high
train,11205,english-cefr-explorer,middle,middle,middle
train,11206,english-cefr-explorer,middle,middle,middle
train,11207,english-cefr-explorer,middle,middle,middle
train,11208,english-cefr-explorer,middle,high,high
train,11209,english-cefr-explorer,middle,high,high
train,11210,english-cefr-explorer,middle,middle,middle
train,11211,english-cefr-explorer,middle,high,high
train,11212,english-cefr-explorer,middle,middle,middle
train,11213,english-cefr-explorer,middle,middle,middle
train,11214,english-cefr-explorer,middle,middle,middle
train,11215,english-cefr-explorer,middle,high,high
train,11216,english-cefr-explorer,middle,middle,middle
train,11217,english-cefr-explorer,middle,high,high
train,11218,english-cefr-explorer,middle,high,high
train,11219,english-cefr-explorer,middle,high,high
train,11220,english-cefr-explorer,middle,high,high
train,11221,english-cefr-explorer,middle,middle,middle
train,11222,english-cefr-explorer,middle,high,high
train,11223,english-cefr-explorer,middle,high,high
train,11224,english-cefr-explorer,middle,high,high
train,11225,english-cefr-explorer,middle,middle,middle
train,11226,english-cefr-explorer,middle,high,high
train,11227,english-cefr-explorer,middle,high,high
train,11228,english-cefr-explorer,middle,middle,middle
train,11229,english-cefr-explorer,middle,high,high
train,11230,english-cefr-explorer,middle,middle,middle
train,11231,english-cefr-explorer,middle,middle,middle
train,11232,english-cefr-explorer,middle,middle,middle
train,11233,english-cefr-explorer,middle,high,high
train,11234,english-cefr-explorer,middle,high,high
train,11235,english-cefr-explorer,middle,middle,middle
train,11236,english-cefr-explorer,middle,middle,middle
train,11237,english-cefr-explorer,middle,high,high
train,11238,english-cefr-explorer,middle,high,high
train,11239,english-cefr-explorer,middle,middle,middle
train,11240,english-cefr-explorer,middle,high,high
train,11241,english-cefr-explorer,middle,high,high
train,11242,english-cefr-explorer,middle,middle,middle
train,11243,english-cefr-explorer,middle,middle,middle
train,11244,english-cefr-explorer,middle,high,high
train,11245,english-cefr-explorer,middle,middle,middle
train,11246,english-cefr-explorer,middle,middle,middle
train,11247,english-cefr-explorer,middle,high,high
train,11248,english-cefr-explorer,middle,high,high
train,11249,english-cefr-explorer,middle,middle,middle
train,11250,english-cefr-explorer,middle,high,high
train,11251,english-cefr-explorer,middle,high,high
train,11252,english-cefr-explorer,middle,high,high
train,11253,english-cefr-explorer,middle,middle,middle
train,11254,english-cefr-explorer,middle,high,high
train,11255,english-cefr-explorer,middle,high,high
train,11256,english-cefr-explorer,middle,high,high
train,11257,english-cefr-explorer,middle,high,high
train,11258,english-cefr-explorer,middle,middle,middle
train,11259,english-cefr-explorer,middle,high,high
train,11260,english-cefr-explorer,middle,middle,middle
train,11261,english-cefr-explorer,middle,middle,middle
train,11262,english-cefr-explorer,middle,middle,middle
train,11263,english-cefr-explorer,middle,high,high
train,11264,english-cefr-explorer,middle,high,high
train,11265,english-cefr-explorer,middle,high,high
train,11266,english-cefr-explorer,middle,high,high
train,11267,english-cefr-explorer,middle,high,high
train,11268,english-cefr-explorer,middle,middle,middle
train,11269,english-cefr-explorer,middle,middle,middle
train,11270,english-cefr-explorer,middle,high,high
train,11271,english-cefr-explorer,middle,high,high
train,11272,english-cefr-explorer,middle,middle,middle
train,11273,english-cefr-explorer,middle,high,high
train,11274,english-cefr-explorer,middle,high,high
train,11275,english-cefr-explorer,middle,middle,middle
train,11276,english-cefr-explorer,middle,high,high
train,11277,english-cefr-explorer,middle,high,high
train,11278,english-cefr-explorer,middle,high,high
train,11279,english-cefr-explorer,middle,high,high
train,11280,english-cefr-explorer,middle,middle,middle
train,11281,english-cefr-explorer,middle,high,high
train,11282,english-cefr-explorer,middle,high,high
train,11283,english-cefr-explorer,middle,high,high
train,11284,english-cefr-explorer,middle,high,high
train,11285,english-cefr-explorer,middle,middle,middle
train,11286,english-cefr-explorer,middle,middle,middle
train,11287,english-cefr-explorer,middle,middle,middle
train,11288,english-cefr-explorer,middle,middle,middle
train,11289,english-cefr-explorer,middle,middle,middle
train,11290,english-cefr-explorer,middle,high,high
train,11291,english-cefr-explorer,middle,high,high
train,11292,english-cefr-explorer,middle,middle,middle
train,11293,english-cefr-explorer,middle,high,high
train,11294,english-cefr-explorer,middle,high,high
train,11295,english-cefr-explorer,middle,high,high
train,11296,english-cefr-explorer,middle,high,high
train,11297,english-cefr-explorer,middle,high,high
train,11298,english-cefr-explorer,middle,high,high
train,11299,english-cefr-explorer,middle,middle,middle
train,11300,english-cefr-explorer,middle,high,high
train,11301,english-cefr-explorer,middle,middle,middle
train,11302,english-cefr-explorer,middle,middle,middle
train,11303,english-cefr-explorer,middle,high,high
train,11304,english-cefr-explorer,middle,middle,middle
train,11305,english-cefr-explorer,middle,middle,middle
train,11306,english-cefr-explorer,middle,middle,middle
train,11307,english-cefr-explorer,middle,high,high
train,11308,english-cefr-explorer,middle,high,high
train,11309,english-cefr-explorer,middle,middle,middle
train,11310,english-cefr-explorer,middle,middle,middle
train,11311,english-cefr-explorer,middle,high,high
train,11312,english-cefr-explorer,middle,middle,middle
train,11313,english-cefr-explorer,middle,middle,middle
train,11314,english-cefr-explorer,middle,high,high
train,11315,english-cefr-explorer,middle,high,high
train,11316,english-cefr-explorer,middle,middle,middle
train,11317,english-cefr-explorer,middle,middle,middle
train,11318,english-cefr-explorer,middle,middle,middle
train,11319,english-cefr-explorer,middle,middle,middle
train,11320,english-cefr-explorer,middle,middle,middle
train,11321,english-cefr-explorer,middle,high,high
train,11322,english-cefr-explorer,middle,middle,middle
train,11323,english-cefr-explorer,middle,middle,middle
train,11324,english-cefr-explorer,middle,high,high
train,11325,english-cefr-explorer,middle,high,high
train,11326,english-cefr-explorer,middle,middle,middle
train,11327,english-cefr-explorer,middle,high,high
train,11328,english-cefr-explorer,middle,middle,middle
train,11329,english-cefr-explorer,middle,high,high
train,11330,english-cefr-explorer,middle,middle,middle
train,11331,english-cefr-explorer,middle,high,high
train,11332,english-cefr-explorer,middle,high,high
train,11333,english-cefr-explorer,middle,middle,middle
train,11334,english-cefr-explorer,middle,middle,middle
train,11335,english-cefr-explorer,middle,high,high
train,11336,english-cefr-explorer,middle,middle,middle
train,11337,english-cefr-explorer,middle,middle,middle
train,11338,english-cefr-explorer,middle,middle,middle
train,11339,english-cefr-explorer,middle,high,high
train,11340,english-cefr-explorer,middle,high,high
train,11341,english-cefr-explorer,middle,middle,middle
train,11342,english-cefr-explorer,middle,middle,middle
train,11343,english-cefr-explorer,middle,high,high
train,11344,english-cefr-explorer,middle,middle,middle
train,11345,english-cefr-explorer,middle,high,high
train,11346,english-cefr-explorer,middle,middle,middle
train,11347,english-cefr-explorer,middle,high,high
train,11348,english-cefr-explorer,middle,middle,middle
train,11349,english-cefr-explorer,middle,middle,middle
train,11350,english-cefr-explorer,middle,high,high
train,11351,english-cefr-explorer,middle,middle,middle
train,11352,english-cefr-explorer,middle,middle,middle
train,11353,english-cefr-explorer,middle,middle,middle
train,11354,english-cefr-explorer,middle,middle,middle
train,11355,english-cefr-explorer,middle,high,high
train,11356,english-cefr-explorer,middle,high,high
train,11357,english-cefr-explorer,middle,high,high
train,11358,english-cefr-explorer,middle,high,high
train,11359,english-cefr-explorer,middle,high,high
train,11360,english-cefr-explorer,middle,middle,middle
train,11361,english-cefr-explorer,middle,middle,middle
train,11362,english-cefr-explorer,middle,middle,middle
train,11363,english-cefr-explorer,middle,high,high
train,11364,english-cefr-explorer,middle,high,high
train,11365,english-cefr-explorer,middle,middle,middle
train,11366,english-cefr-explorer,middle,middle,middle
train,11367,english-cefr-explorer,middle,high,high
train,11368,english-cefr-explorer,middle,middle,middle
train,11369,english-cefr-explorer,middle,high,high
train,11370,english-cefr-explorer,middle,high,high
train,11371,english-cefr-explorer,middle,middle,middle
train,11372,english-cefr-explorer,middle,high,high
train,11373,english-cefr-explorer,middle,high,high
train,11374,english-cefr-explorer,middle,middle,middle
train,11375,english-cefr-explorer,middle,high,high
train,11376,english-cefr-explorer,middle,high,high
train,11377,english-cefr-explorer,middle,high,high
train,11378,english-cefr-explorer,middle,high,high
train,11379,english-cefr-explorer,middle,middle,middle
train,11380,english-cefr-explorer,middle,middle,middle
train,11381,english-cefr-explorer,middle,high,high
train,11382,english-cefr-explorer,middle,high,high
train,11383,english-cefr-explorer,middle,middle,middle
train,11384,english-cefr-explorer,middle,high,high
train,11385,english-cefr-explorer,middle,middle,middle
train,11386,english-cefr-explorer,middle,middle,middle
train,11387,english-cefr-explorer,middle,high,high
train,11388,english-cefr-explorer,middle,high,high
train,11389,english-cefr-explorer,middle,middle,middle
train,11390,english-cefr-explorer,middle,high,high
train,11391,english-cefr-explorer,middle,middle,middle
train,11392,english-cefr-explorer,middle,high,high
train,11393,english-cefr-explorer,middle,middle,middle
train,11394,english-cefr-explorer,middle,middle,middle
train,11395,english-cefr-explorer,middle,high,high
train,11396,english-cefr-explorer,middle,high,high
train,11397,english-cefr-explorer,middle,high,high
train,11398,english-cefr-explorer,middle,high,high
train,11399,english-cefr-explorer,middle,high,high
train,11400,english-cefr-explorer,middle,middle,middle
train,11401,english-cefr-explorer,middle,high,high
train,11402,english-cefr-explorer,middle,high,high
train,11403,english-cefr-explorer,middle,middle,middle
train,11404,english-cefr-explorer,middle,middle,middle
train,11405,english-cefr-explorer,middle,high,high
train,11406,english-cefr-explorer,middle,middle,middle
train,11407,english-cefr-explorer,middle,high,high
train,11408,english-cefr-explorer,middle,high,high
train,11409,english-cefr-explorer,middle,high,high
train,11410,english-cefr-explorer,middle,high,high
train,11411,english-cefr-explorer,middle,high,high
train,11412,english-cefr-explorer,middle,high,high
train,11413,english-cefr-explorer,middle,middle,middle
train,11414,english-cefr-explorer,middle,middle,middle
train,11415,english-cefr-explorer,middle,middle,middle
train,11416,english-cefr-explorer,middle,high,high
train,11417,english-cefr-explorer,middle,middle,middle
train,11418,english-cefr-explorer,middle,high,high
train,11419,english-cefr-explorer,middle,high,high
train,11420,english-cefr-explorer,middle,middle,middle
train,11421,english-cefr-explorer,middle,high,high
train,11422,english-cefr-explorer,middle,middle,middle
train,11423,english-cefr-explorer,middle,high,high
train,11424,finrad-readability,elementary,middle,middle
train,11425,finrad-readability,elementary,middle,middle
train,11426,finrad-readability,elementary,middle,middle
train,11427,finrad-readability,elementary,high,high
train,11428,finrad-readability,elementary,middle,middle
train,11429,finrad-readability,elementary,middle,middle
train,11430,finrad-readability,elementary,middle,middle
train,11431,finrad-readability,elementary,middle,middle
train,11432,finrad-readability,elementary,high,high
train,11433,finrad-readability,elementary,middle,middle
train,11434,finrad-readability,elementary,middle,middle
train,11435,finrad-readability,elementary,high,high
train,11436,finrad-readability,elementary,high,high
train,11437,finrad-readability,elementary,high,high
train,11438,finrad-readability,elementary,middle,middle
train,11439,finrad-readability,elementary,middle,middle
train,11440,finrad-readability,elementary,middle,middle
train,11441,finrad-readability,elementary,high,high
train,11442,finrad-readability,elementary,middle,middle
train,11443,finrad-readability,elementary,middle,middle
train,11444,finrad-readability,elementary,middle,middle
train,11445,finrad-readability,elementary,middle,middle
train,11446,finrad-readability,elementary,high,high
train,11447,finrad-readability,elementary,middle,middle
train,11448,finrad-readability,elementary,high,high
train,11449,finrad-readability,elementary,middle,middle
train,11450,finrad-readability,elementary,middle,middle
train,11451,finrad-readability,elementary,middle,middle
train,11452,finrad-readability,elementary,high,high
train,11453,finrad-readability,elementary,high,high
train,11454,finrad-readability,elementary,high,high
train,11455,finrad-readability,elementary,high,high
train,11456,finrad-readability,elementary,high,high
train,11457,finrad-readability,elementary,middle,middle
train,11458,finrad-readability,elementary,middle,middle
train,11459,finrad-readability,elementary,middle,middle
train,11460,finrad-readability,elementary,middle,middle
train,11461,finrad-readability,elementary,high,high
train,11462,finrad-readability,elementary,middle,middle
train,11463,finrad-readability,elementary,middle,middle
train,11464,finrad-readability,elementary,middle,middle
train,11465,finrad-readability,elementary,middle,middle
train,11466,finrad-readability,elementary,middle,middle
train,11467,finrad-readability,elementary,middle,middle
train,11468,finrad-readability,elementary,high,high
train,11469,finrad-readability,elementary,middle,middle
train,11470,finrad-readability,elementary,high,high
train,11471,finrad-readability,elementary,middle,middle
train,11472,finrad-readability,elementary,middle,middle
train,11473,finrad-readability,elementary,high,high
train,11474,finrad-readability,elementary,high,high
train,11475,finrad-readability,elementary,middle,middle
train,11476,finrad-readability,elementary,middle,middle
train,11477,finrad-readability,elementary,middle,middle
train,11478,finrad-readability,elementary,middle,middle
train,11479,finrad-readability,elementary,middle,middle
train,11480,finrad-readability,elementary,middle,middle
train,11481,finrad-readability,elementary,middle,middle
train,11482,finrad-readability,elementary,high,high
train,11483,finrad-readability,elementary,middle,middle
train,11484,finrad-readability,elementary,middle,middle
train,11485,finrad-readability,elementary,middle,middle
train,11486,finrad-readability,elementary,middle,middle
train,11487,finrad-readability,elementary,middle,middle
train,11488,finrad-readability,elementary,middle,middle
train,11489,finrad-readability,elementary,middle,middle
train,11490,finrad-readability,elementary,middle,middle
train,11491,finrad-readability,elementary,middle,middle
train,11492,finrad-readability,elementary,middle,middle
train,11493,finrad-readability,elementary,middle,middle
train,11494,finrad-readability,elementary,middle,middle
train,11495,finrad-readability,elementary,middle,middle
train,11496,finrad-readability,elementary,middle,middle
train,11497,finrad-readability,elementary,middle,middle
train,11498,finrad-readability,elementary,middle,middle
train,11499,finrad-readability,elementary,high,high
train,11500,finrad-readability,elementary,high,high
train,11501,finrad-readability,elementary,middle,middle
train,11502,finrad-readability,elementary,middle,middle
train,11503,finrad-readability,elementary,middle,middle
train,11504,finrad-readability,elementary,middle,middle
train,11505,finrad-readability,elementary,middle,middle
train,11506,finrad-readability,elementary,middle,middle
train,11507,finrad-readability,elementary,high,high
train,11508,finrad-readability,elementary,middle,middle
train,11509,finrad-readability,elementary,middle,middle
train,11510,finrad-readability,elementary,high,high
train,11511,finrad-readability,elementary,middle,middle
train,11512,finrad-readability,elementary,high,high
train,11513,finrad-readability,elementary,high,high
train,11514,finrad-readability,elementary,middle,middle
train,11515,finrad-readability,elementary,middle,middle
train,11516,finrad-readability,elementary,middle,middle
train,11517,finrad-readability,elementary,high,high
train,11518,finrad-readability,elementary,middle,middle
train,11519,finrad-readability,elementary,middle,middle
train,11520,finrad-readability,elementary,middle,middle
train,11521,finrad-readability,elementary,middle,middle
train,11522,finrad-readability,elementary,middle,middle
train,11523,finrad-readability,elementary,high,high
train,11524,finrad-readability,elementary,middle,middle
train,11525,finrad-readability,elementary,high,high
train,11526,finrad-readability,elementary,middle,middle
train,11527,finrad-readability,elementary,middle,middle
train,11528,finrad-readability,elementary,middle,middle
train,11529,finrad-readability,elementary,middle,middle
train,11530,finrad-readability,elementary,middle,middle
train,11531,finrad-readability,elementary,high,high
train,11532,finrad-readability,elementary,high,high
train,11533,finrad-readability,elementary,middle,middle
train,11534,finrad-readability,elementary,high,high
train,11535,finrad-readability,elementary,high,high
train,11536,finrad-readability,elementary,middle,middle
train,11537,finrad-readability,elementary,high,high
train,11538,finrad-readability,elementary,middle,middle
train,11539,finrad-readability,elementary,high,high
train,11540,finrad-readability,elementary,middle,middle
train,11541,finrad-readability,elementary,middle,middle
train,11542,finrad-readability,elementary,high,high
train,11543,finrad-readability,elementary,middle,middle
train,11544,finrad-readability,elementary,middle,middle
train,11545,finrad-readability,elementary,middle,middle
train,11546,finrad-readability,elementary,high,high
train,11547,finrad-readability,elementary,middle,middle
train,11548,finrad-readability,elementary,middle,middle
train,11549,finrad-readability,elementary,middle,middle
train,11550,finrad-readability,elementary,high,high
train,11551,finrad-readability,elementary,middle,middle
train,11552,finrad-readability,elementary,high,high
train,11553,finrad-readability,elementary,high,high
train,11554,finrad-readability,elementary,high,high
train,11555,finrad-readability,elementary,middle,middle
train,11556,finrad-readability,elementary,middle,middle
train,11557,finrad-readability,elementary,high,high
train,11558,finrad-readability,elementary,middle,middle
train,11559,finrad-readability,elementary,middle,middle
train,11560,finrad-readability,elementary,middle,middle
train,11561,finrad-readability,elementary,middle,middle
train,11562,finrad-readability,elementary,high,high
train,11563,finrad-readability,elementary,high,high
train,11564,finrad-readability,elementary,middle,middle
train,11565,finrad-readability,elementary,middle,middle
train,11566,finrad-readability,elementary,high,high
train,11567,finrad-readability,elementary,middle,middle
train,11568,finrad-readability,elementary,middle,middle
train,11569,finrad-readability,elementary,middle,middle
train,11570,finrad-readability,elementary,middle,middle
train,11571,finrad-readability,elementary,high,high
train,11572,finrad-readability,elementary,high,high
train,11573,finrad-readability,elementary,middle,middle
train,11574,finrad-readability,elementary,high,high
train,11575,finrad-readability,elementary,high,high
train,11576,finrad-readability,elementary,high,high
train,11577,finrad-readability,elementary,high,high
train,11578,finrad-readability,elementary,middle,middle
train,11579,finrad-readability,elementary,high,high
train,11580,finrad-readability,elementary,middle,middle
train,11581,finrad-readability,elementary,high,high
train,11582,finrad-readability,elementary,high,high
train,11583,finrad-readability,elementary,middle,middle
train,11584,finrad-readability,elementary,middle,middle
train,11585,finrad-readability,elementary,middle,middle
train,11586,finrad-readability,elementary,middle,middle
train,11587,finrad-readability,elementary,high,high
train,11588,finrad-readability,elementary,middle,middle
train,11589,finrad-readability,elementary,high,high
train,11590,finrad-readability,elementary,middle,middle
train,11591,finrad-readability,elementary,middle,middle
train,11592,finrad-readability,elementary,high,high
train,11593,finrad-readability,elementary,high,high
train,11594,finrad-readability,elementary,high,high
train,11595,finrad-readability,elementary,middle,middle
train,11596,finrad-readability,elementary,middle,middle
train,11597,finrad-readability,elementary,middle,middle
train,11598,finrad-readability,elementary,middle,middle
train,11599,finrad-readability,elementary,middle,middle
train,11600,finrad-readability,elementary,middle,middle
train,11601,finrad-readability,elementary,middle,middle
train,11602,finrad-readability,elementary,high,high
train,11603,finrad-readability,elementary,high,high
train,11604,finrad-readability,elementary,middle,middle
train,11605,finrad-readability,elementary,middle,middle
train,11606,finrad-readability,elementary,middle,middle
train,11607,finrad-readability,elementary,middle,middle
train,11608,finrad-readability,elementary,middle,middle
train,11609,finrad-readability,elementary,middle,middle
train,11610,finrad-readability,elementary,middle,middle
train,11611,finrad-readability,elementary,high,high
train,11612,finrad-readability,elementary,high,high
train,11613,finrad-readability,elementary,middle,middle
train,11614,finrad-readability,elementary,high,high
train,11615,finrad-readability,elementary,middle,middle
train,11616,finrad-readability,elementary,middle,middle
train,11617,finrad-readability,elementary,middle,middle
train,11618,finrad-readability,elementary,high,high
train,11619,finrad-readability,elementary,middle,middle
train,11620,finrad-readability,elementary,high,high
train,11621,finrad-readability,elementary,middle,middle
train,11622,finrad-readability,elementary,middle,middle
train,11623,finrad-readability,elementary,high,high
train,11624,finrad-readability,high,middle,middle
train,11625,finrad-readability,high,high,high
train,11626,finrad-readability,high,high,high
train,11627,finrad-readability,high,middle,middle
train,11628,finrad-readability,high,high,high
train,11629,finrad-readability,high,middle,middle
train,11630,finrad-readability,high,high,high
train,11631,finrad-readability,high,middle,middle
train,11632,finrad-readability,high,middle,middle
train,11633,finrad-readability,high,middle,middle
train,11634,finrad-readability,high,middle,middle
train,11635,finrad-readability,high,high,high
train,11636,finrad-readability,high,high,high
train,11637,finrad-readability,high,middle,middle
train,11638,finrad-readability,high,high,high
train,11639,finrad-readability,high,middle,middle
train,11640,finrad-readability,high,high,high
train,11641,finrad-readability,high,high,high
train,11642,finrad-readability,high,high,high
train,11643,finrad-readability,high,high,high
train,11644,finrad-readability,high,high,high
train,11645,finrad-readability,high,high,high
train,11646,finrad-readability,high,middle,middle
train,11647,finrad-readability,high,middle,middle
train,11648,finrad-readability,high,high,high
train,11649,finrad-readability,high,high,high
train,11650,finrad-readability,high,middle,middle
train,11651,finrad-readability,high,middle,middle
train,11652,finrad-readability,high,middle,middle
train,11653,finrad-readability,high,middle,middle
train,11654,finrad-readability,high,middle,middle
train,11655,finrad-readability,high,high,high
train,11656,finrad-readability,high,high,high
train,11657,finrad-readability,high,high,high
train,11658,finrad-readability,high,high,high
train,11659,finrad-readability,high,high,high
train,11660,finrad-readability,high,high,high
train,11661,finrad-readability,high,high,high
train,11662,finrad-readability,high,high,high
train,11663,finrad-readability,high,high,high
train,11664,finrad-readability,high,middle,middle
train,11665,finrad-readability,high,high,high
train,11666,finrad-readability,high,high,high
train,11667,finrad-readability,high,middle,middle
train,11668,finrad-readability,high,middle,middle
train,11669,finrad-readability,high,high,high
train,11670,finrad-readability,high,high,high
train,11671,finrad-readability,high,high,high
train,11672,finrad-readability,high,middle,middle
train,11673,finrad-readability,high,middle,middle
train,11674,finrad-readability,high,high,high
train,11675,finrad-readability,high,high,high
train,11676,finrad-readability,high,high,high
train,11677,finrad-readability,high,high,high
train,11678,finrad-readability,high,high,high
train,11679,finrad-readability,high,high,high
train,11680,finrad-readability,high,middle,middle
train,11681,finrad-readability,high,high,high
train,11682,finrad-readability,high,middle,middle
train,11683,finrad-readability,high,high,high
train,11684,finrad-readability,high,high,high
train,11685,finrad-readability,high,middle,middle
train,11686,finrad-readability,high,high,high
train,11687,finrad-readability,high,high,high
train,11688,finrad-readability,high,middle,middle
train,11689,finrad-readability,high,high,high
train,11690,finrad-readability,high,high,high
train,11691,finrad-readability,high,high,high
train,11692,finrad-readability,high,high,high
train,11693,finrad-readability,high,middle,middle
train,11694,finrad-readability,high,high,high
train,11695,finrad-readability,high,middle,middle
train,11696,finrad-readability,high,high,high
train,11697,finrad-readability,high,high,high
train,11698,finrad-readability,high,high,high
train,11699,finrad-readability,high,high,high
train,11700,finrad-readability,high,high,high
train,11701,finrad-readability,high,high,high
train,11702,finrad-readability,high,high,high
train,11703,finrad-readability,high,high,high
train,11704,finrad-readability,high,high,high
train,11705,finrad-readability,high,high,high
train,11706,finrad-readability,high,high,high
train,11707,finrad-readability,high,high,high
train,11708,finrad-readability,high,middle,middle
train,11709,finrad-readability,high,middle,middle
train,11710,finrad-readability,high,high,high
train,11711,finrad-readability,high,high,high
train,11712,finrad-readability,high,middle,middle
train,11713,finrad-readability,high,high,high
train,11714,finrad-readability,high,high,high
train,11715,finrad-readability,high,middle,middle
train,11716,finrad-readability,high,high,high
train,11717,finrad-readability,high,high,high
train,11718,finrad-readability,high,high,high
train,11719,finrad-readability,high,middle,middle
train,11720,finrad-readability,high,high,high
train,11721,finrad-readability,high,high,high
train,11722,finrad-readability,high,high,high
train,11723,finrad-readability,high,high,high
train,11724,finrad-readability,high,high,high
train,11725,finrad-readability,high,middle,middle
train,11726,finrad-readability,high,middle,middle
train,11727,finrad-readability,high,high,high
train,11728,finrad-readability,high,high,high
train,11729,finrad-readability,high,high,high
train,11730,finrad-readability,high,high,high
train,11731,finrad-readability,high,high,high
train,11732,finrad-readability,high,middle,middle
train,11733,finrad-readability,high,high,high
train,11734,finrad-readability,high,high,high
train,11735,finrad-readability,high,middle,middle
train,11736,finrad-readability,high,high,high
train,11737,finrad-readability,high,high,high
train,11738,finrad-readability,high,high,high
train,11739,finrad-readability,high,high,high
train,11740,finrad-readability,high,high,high
train,11741,finrad-readability,high,high,high
train,11742,finrad-readability,high,high,high
train,11743,finrad-readability,high,high,high
train,11744,finrad-readability,high,middle,middle
train,11745,finrad-readability,high,middle,middle
train,11746,finrad-readability,high,middle,middle
train,11747,finrad-readability,high,high,high
train,11748,finrad-readability,high,high,high
train,11749,finrad-readability,high,high,high
train,11750,finrad-readability,high,high,high
train,11751,finrad-readability,high,high,high
train,11752,finrad-readability,high,high,high
train,11753,finrad-readability,high,middle,middle
train,11754,finrad-readability,high,middle,middle
train,11755,finrad-readability,high,high,high
train,11756,finrad-readability,high,high,high
train,11757,finrad-readability,high,high,high
train,11758,finrad-readability,high,high,high
train,11759,finrad-readability,high,high,high
train,11760,finrad-readability,high,high,high
train,11761,finrad-readability,high,high,high
train,11762,finrad-readability,high,high,high
train,11763,finrad-readability,high,middle,middle
train,11764,finrad-readability,high,middle,middle
train,11765,finrad-readability,high,high,high
train,11766,finrad-readability,high,high,high
train,11767,finrad-readability,high,high,high
train,11768,finrad-readability,high,high,high
train,11769,finrad-readability,high,high,high
train,11770,finrad-readability,high,high,high
train,11771,finrad-readability,high,high,high
train,11772,finrad-readability,high,high,high
train,11773,finrad-readability,high,middle,middle
train,11774,finrad-readability,high,high,high
train,11775,finrad-readability,high,high,high
train,11776,finrad-readability,high,middle,middle
train,11777,finrad-readability,high,high,high
train,11778,finrad-readability,high,high,high
train,11779,finrad-readability,high,high,high
train,11780,finrad-readability,high,high,high
train,11781,finrad-readability,high,high,high
train,11782,finrad-readability,high,high,high
train,11783,finrad-readability,high,high,high
train,11784,finrad-readability,high,high,high
train,11785,finrad-readability,high,middle,middle
train,11786,finrad-readability,high,high,high
train,11787,finrad-readability,high,high,high
train,11788,finrad-readability,high,middle,middle
train,11789,finrad-readability,high,middle,middle
train,11790,finrad-readability,high,middle,middle
train,11791,finrad-readability,high,high,high
train,11792,finrad-readability,high,high,high
train,11793,finrad-readability,high,middle,middle
train,11794,finrad-readability,high,high,high
train,11795,finrad-readability,high,high,high
train,11796,finrad-readability,high,middle,middle
train,11797,finrad-readability,high,high,high
train,11798,finrad-readability,high,middle,middle
train,11799,finrad-readability,high,high,high
train,11800,finrad-readability,high,middle,middle
train,11801,finrad-readability,high,high,high
train,11802,finrad-readability,high,high,high
train,11803,finrad-readability,high,high,high
train,11804,finrad-readability,high,middle,middle
train,11805,finrad-readability,high,high,high
train,11806,finrad-readability,high,high,high
train,11807,finrad-readability,high,middle,middle
train,11808,finrad-readability,high,high,high
train,11809,finrad-readability,high,high,high
train,11810,finrad-readability,high,high,high
train,11811,finrad-readability,high,middle,middle
train,11812,finrad-readability,high,high,high
train,11813,finrad-readability,high,high,high
train,11814,finrad-readability,high,middle,middle
train,11815,finrad-readability,high,high,high
train,11816,finrad-readability,high,middle,middle
train,11817,finrad-readability,high,high,high
train,11818,finrad-readability,high,middle,middle
train,11819,finrad-readability,high,high,high
train,11820,finrad-readability,high,high,high
train,11821,finrad-readability,high,middle,middle
train,11822,finrad-readability,high,high,high
train,11823,finrad-readability,high,middle,middle
train,11824,finrad-readability,middle,middle,middle
train,11825,finrad-readability,middle,middle,middle
train,11826,finrad-readability,middle,high,high
train,11827,finrad-readability,middle,high,high
train,11828,finrad-readability,middle,high,high
train,11829,finrad-readability,middle,middle,middle
train,11830,finrad-readability,middle,high,high
train,11831,finrad-readability,middle,high,high
train,11832,finrad-readability,middle,high,high
train,11833,finrad-readability,middle,middle,middle
train,11834,finrad-readability,middle,high,high
train,11835,finrad-readability,middle,middle,middle
train,11836,finrad-readability,middle,high,high
train,11837,finrad-readability,middle,middle,middle
train,11838,finrad-readability,middle,middle,middle
train,11839,finrad-readability,middle,high,high
train,11840,finrad-readability,middle,high,high
train,11841,finrad-readability,middle,high,high
train,11842,finrad-readability,middle,high,high
train,11843,finrad-readability,middle,high,high
train,11844,finrad-readability,middle,high,high
train,11845,finrad-readability,middle,middle,middle
train,11846,finrad-readability,middle,high,high
train,11847,finrad-readability,middle,high,high
train,11848,finrad-readability,middle,high,high
train,11849,finrad-readability,middle,high,high
train,11850,finrad-readability,middle,middle,middle
train,11851,finrad-readability,middle,high,high
train,11852,finrad-readability,middle,middle,middle
train,11853,finrad-readability,middle,high,high
train,11854,finrad-readability,middle,high,high
train,11855,finrad-readability,middle,high,high
train,11856,finrad-readability,middle,high,high
train,11857,finrad-readability,middle,middle,middle
train,11858,finrad-readability,middle,middle,middle
train,11859,finrad-readability,middle,middle,middle
train,11860,finrad-readability,middle,middle,middle
train,11861,finrad-readability,middle,high,high
train,11862,finrad-readability,middle,high,high
train,11863,finrad-readability,middle,high,high
train,11864,finrad-readability,middle,high,high
train,11865,finrad-readability,middle,middle,middle
train,11866,finrad-readability,middle,middle,middle
train,11867,finrad-readability,middle,high,high
train,11868,finrad-readability,middle,high,high
train,11869,finrad-readability,middle,middle,middle
train,11870,finrad-readability,middle,middle,middle
train,11871,finrad-readability,middle,high,high
train,11872,finrad-readability,middle,middle,middle
train,11873,finrad-readability,middle,middle,middle
train,11874,finrad-readability,middle,middle,middle
train,11875,finrad-readability,middle,middle,middle
train,11876,finrad-readability,middle,middle,middle
train,11877,finrad-readability,middle,middle,middle
train,11878,finrad-readability,middle,high,high
train,11879,finrad-readability,middle,middle,middle
train,11880,finrad-readability,middle,high,high
train,11881,finrad-readability,middle,high,high
train,11882,finrad-readability,middle,middle,middle
train,11883,finrad-readability,middle,high,high
train,11884,finrad-readability,middle,middle,middle
train,11885,finrad-readability,middle,high,high
train,11886,finrad-readability,middle,middle,middle
train,11887,finrad-readability,middle,middle,middle
train,11888,finrad-readability,middle,middle,middle
train,11889,finrad-readability,middle,middle,middle
train,11890,finrad-readability,middle,high,high
train,11891,finrad-readability,middle,middle,middle
train,11892,finrad-readability,middle,middle,middle
train,11893,finrad-readability,middle,high,high
train,11894,finrad-readability,middle,middle,middle
train,11895,finrad-readability,middle,high,high
train,11896,finrad-readability,middle,high,high
train,11897,finrad-readability,middle,middle,middle
train,11898,finrad-readability,middle,middle,middle
train,11899,finrad-readability,middle,high,high
train,11900,finrad-readability,middle,high,high
train,11901,finrad-readability,middle,middle,middle
train,11902,finrad-readability,middle,high,high
train,11903,finrad-readability,middle,middle,middle
train,11904,finrad-readability,middle,high,high
train,11905,finrad-readability,middle,middle,middle
train,11906,finrad-readability,middle,high,high
train,11907,finrad-readability,middle,middle,middle
train,11908,finrad-readability,middle,high,high
train,11909,finrad-readability,middle,middle,middle
train,11910,finrad-readability,middle,middle,middle
train,11911,finrad-readability,middle,high,high
train,11912,finrad-readability,middle,middle,middle
train,11913,finrad-readability,middle,high,high
train,11914,finrad-readability,middle,middle,middle
train,11915,finrad-readability,middle,high,high
train,11916,finrad-readability,middle,high,high
train,11917,finrad-readability,middle,high,high
train,11918,finrad-readability,middle,high,high
train,11919,finrad-readability,middle,middle,middle
train,11920,finrad-readability,middle,high,high
train,11921,finrad-readability,middle,high,high
train,11922,finrad-readability,middle,middle,middle
train,11923,finrad-readability,middle,middle,middle
train,11924,finrad-readability,middle,high,high
train,11925,finrad-readability,middle,high,high
train,11926,finrad-readability,middle,middle,middle
train,11927,finrad-readability,middle,middle,middle
train,11928,finrad-readability,middle,high,high
train,11929,finrad-readability,middle,middle,middle
train,11930,finrad-readability,middle,high,high
train,11931,finrad-readability,middle,high,high
train,11932,finrad-readability,middle,high,high
train,11933,finrad-readability,middle,middle,middle
train,11934,finrad-readability,middle,high,high
train,11935,finrad-readability,middle,middle,middle
train,11936,finrad-readability,middle,high,high
train,11937,finrad-readability,middle,high,high
train,11938,finrad-readability,middle,middle,middle
train,11939,finrad-readability,middle,high,high
train,11940,finrad-readability,middle,middle,middle
train,11941,finrad-readability,middle,high,high
train,11942,finrad-readability,middle,high,high
train,11943,finrad-readability,middle,middle,middle
train,11944,finrad-readability,middle,high,high
train,11945,finrad-readability,middle,high,high
train,11946,finrad-readability,middle,middle,middle
train,11947,finrad-readability,middle,high,high
train,11948,finrad-readability,middle,high,high
train,11949,finrad-readability,middle,high,high
train,11950,finrad-readability,middle,high,high
train,11951,finrad-readability,middle,middle,middle
train,11952,finrad-readability,middle,middle,middle
train,11953,finrad-readability,middle,high,high
train,11954,finrad-readability,middle,middle,middle
train,11955,finrad-readability,middle,high,high
train,11956,finrad-readability,middle,middle,middle
train,11957,finrad-readability,middle,high,high
train,11958,finrad-readability,middle,high,high
train,11959,finrad-readability,middle,middle,middle
train,11960,finrad-readability,middle,middle,middle
train,11961,finrad-readability,middle,high,high
train,11962,finrad-readability,middle,high,high
train,11963,finrad-readability,middle,middle,middle
train,11964,finrad-readability,middle,middle,middle
train,11965,finrad-readability,middle,middle,middle
train,11966,finrad-readability,middle,middle,middle
train,11967,finrad-readability,middle,middle,middle
train,11968,finrad-readability,middle,middle,middle
train,11969,finrad-readability,middle,middle,middle
train,11970,finrad-readability,middle,high,high
train,11971,finrad-readability,middle,high,high
train,11972,finrad-readability,middle,middle,middle
train,11973,finrad-readability,middle,middle,middle
train,11974,finrad-readability,middle,middle,middle
train,11975,finrad-readability,middle,high,high
train,11976,finrad-readability,middle,middle,middle
train,11977,finrad-readability,middle,high,high
train,11978,finrad-readability,middle,high,high
train,11979,finrad-readability,middle,high,high
train,11980,finrad-readability,middle,middle,middle
train,11981,finrad-readability,middle,high,high
train,11982,finrad-readability,middle,high,high
train,11983,finrad-readability,middle,high,high
train,11984,finrad-readability,middle,middle,middle
train,11985,finrad-readability,middle,high,high
train,11986,finrad-readability,middle,middle,middle
train,11987,finrad-readability,middle,middle,middle
train,11988,finrad-readability,middle,high,high
train,11989,finrad-readability,middle,high,high
train,11990,finrad-readability,middle,high,high
train,11991,finrad-readability,middle,middle,middle
train,11992,finrad-readability,middle,high,high
train,11993,finrad-readability,middle,middle,middle
train,11994,finrad-readability,middle,high,high
train,11995,finrad-readability,middle,high,high
train,11996,finrad-readability,middle,middle,middle
train,11997,finrad-readability,middle,middle,middle
train,11998,finrad-readability,middle,middle,middle
train,11999,finrad-readability,middle,middle,middle
train,12000,finrad-readability,middle,high,high
train,12001,finrad-readability,middle,high,high
train,12002,finrad-readability,middle,middle,middle
train,12003,finrad-readability,middle,middle,middle
train,12004,finrad-readability,middle,middle,middle
train,12005,finrad-readability,middle,high,high
train,12006,finrad-readability,middle,middle,middle
train,12007,finrad-readability,middle,high,high
train,12008,finrad-readability,middle,high,high
train,12009,finrad-readability,middle,high,high
train,12010,finrad-readability,middle,middle,middle
train,12011,finrad-readability,middle,middle,middle
train,12012,finrad-readability,middle,middle,middle
train,12013,finrad-readability,middle,high,high
train,12014,finrad-readability,middle,high,high
train,12015,finrad-readability,middle,high,high
train,12016,finrad-readability,middle,middle,middle
train,12017,finrad-readability,middle,high,high
train,12018,finrad-readability,middle,middle,middle
train,12019,finrad-readability,middle,middle,middle
train,12020,finrad-readability,middle,middle,middle
train,12021,finrad-readability,middle,high,high
train,12022,finrad-readability,middle,middle,middle
train,12023,finrad-readability,middle,high,high
train,12024,grade-aware,elementary,middle,middle
train,12025,grade-aware,elementary,middle,middle
train,12026,grade-aware,elementary,middle,middle
train,12027,grade-aware,elementary,middle,middle
train,12028,grade-aware,elementary,middle,middle
train,12029,grade-aware,elementary,middle,middle
train,12030,grade-aware,elementary,middle,middle
train,12031,grade-aware,elementary,middle,middle
train,12032,grade-aware,elementary,middle,middle
train,12033,grade-aware,elementary,middle,middle
train,12034,grade-aware,elementary,middle,middle
train,12035,grade-aware,elementary,middle,middle
train,12036,grade-aware,elementary,middle,middle
train,12037,grade-aware,elementary,middle,middle
train,12038,grade-aware,elementary,middle,middle
train,12039,grade-aware,elementary,middle,middle
train,12040,grade-aware,elementary,middle,middle
train,12041,grade-aware,elementary,middle,middle
train,12042,grade-aware,elementary,middle,middle
train,12043,grade-aware,elementary,middle,middle
train,12044,grade-aware,elementary,middle,middle
train,12045,grade-aware,elementary,middle,middle
train,12046,grade-aware,elementary,middle,middle
train,12047,grade-aware,elementary,middle,middle
train,12048,grade-aware,elementary,middle,middle
train,12049,grade-aware,elementary,middle,middle
train,12050,grade-aware,elementary,middle,middle
train,12051,grade-aware,elementary,middle,middle
train,12052,grade-aware,elementary,middle,middle
train,12053,grade-aware,elementary,middle,middle
train,12054,grade-aware,elementary,middle,middle
train,12055,grade-aware,elementary,middle,middle
train,12056,grade-aware,elementary,middle,middle
train,12057,grade-aware,elementary,middle,middle
train,12058,grade-aware,elementary,middle,middle
train,12059,grade-aware,elementary,middle,middle
train,12060,grade-aware,elementary,middle,middle
train,12061,grade-aware,elementary,middle,middle
train,12062,grade-aware,elementary,middle,middle
train,12063,grade-aware,elementary,middle,middle
train,12064,grade-aware,elementary,middle,middle
train,12065,grade-aware,elementary,middle,middle
train,12066,grade-aware,elementary,middle,middle
train,12067,grade-aware,elementary,middle,middle
train,12068,grade-aware,elementary,middle,middle
train,12069,grade-aware,elementary,middle,middle
train,12070,grade-aware,elementary,middle,middle
train,12071,grade-aware,elementary,middle,middle
train,12072,grade-aware,elementary,middle,middle
train,12073,grade-aware,elementary,middle,middle
train,12074,grade-aware,elementary,middle,middle
train,12075,grade-aware,elementary,middle,middle
train,12076,grade-aware,elementary,middle,middle
train,12077,grade-aware,elementary,middle,middle
train,12078,grade-aware,elementary,middle,middle
train,12079,grade-aware,elementary,middle,middle
train,12080,grade-aware,elementary,middle,middle
train,12081,grade-aware,elementary,middle,middle
train,12082,grade-aware,elementary,middle,middle
train,12083,grade-aware,elementary,middle,middle
train,12084,grade-aware,elementary,middle,middle
train,12085,grade-aware,elementary,middle,middle
train,12086,grade-aware,elementary,middle,middle
train,12087,grade-aware,elementary,middle,middle
train,12088,grade-aware,elementary,middle,middle
train,12089,grade-aware,elementary,middle,middle
train,12090,grade-aware,elementary,middle,middle
train,12091,grade-aware,elementary,middle,middle
train,12092,grade-aware,elementary,middle,middle
train,12093,grade-aware,elementary,middle,middle
train,12094,grade-aware,elementary,middle,middle
train,12095,grade-aware,elementary,middle,middle
train,12096,grade-aware,elementary,middle,middle
train,12097,grade-aware,elementary,middle,middle
train,12098,grade-aware,elementary,middle,middle
train,12099,grade-aware,elementary,middle,middle
train,12100,grade-aware,elementary,middle,middle
train,12101,grade-aware,elementary,middle,middle
train,12102,grade-aware,elementary,middle,middle
train,12103,grade-aware,elementary,middle,middle
train,12104,grade-aware,elementary,middle,middle
train,12105,grade-aware,elementary,middle,middle
train,12106,grade-aware,elementary,middle,middle
train,12107,grade-aware,elementary,middle,middle
train,12108,grade-aware,elementary,middle,middle
train,12109,grade-aware,elementary,middle,middle
train,12110,grade-aware,elementary,middle,middle
train,12111,grade-aware,elementary,middle,middle
train,12112,grade-aware,elementary,middle,middle
train,12113,grade-aware,elementary,middle,middle
train,12114,grade-aware,elementary,middle,middle
train,12115,grade-aware,elementary,middle,middle
train,12116,grade-aware,elementary,middle,middle
train,12117,grade-aware,elementary,middle,middle
train,12118,grade-aware,elementary,middle,middle
train,12119,grade-aware,elementary,middle,middle
train,12120,grade-aware,elementary,middle,middle
train,12121,grade-aware,elementary,middle,middle
train,12122,grade-aware,elementary,middle,middle
train,12123,grade-aware,elementary,middle,middle
train,12124,grade-aware,elementary,middle,middle
train,12125,grade-aware,elementary,middle,middle
train,12126,grade-aware,elementary,middle,middle
train,12127,grade-aware,elementary,middle,middle
train,12128,grade-aware,elementary,middle,middle
train,12129,grade-aware,elementary,middle,middle
train,12130,grade-aware,elementary,middle,middle
train,12131,grade-aware,elementary,middle,middle
train,12132,grade-aware,elementary,middle,middle
train,12133,grade-aware,elementary,middle,middle
train,12134,grade-aware,elementary,middle,middle
train,12135,grade-aware,elementary,middle,middle
train,12136,grade-aware,elementary,middle,middle
train,12137,grade-aware,elementary,middle,middle
train,12138,grade-aware,elementary,middle,middle
train,12139,grade-aware,elementary,middle,middle
train,12140,grade-aware,elementary,middle,middle
train,12141,grade-aware,elementary,middle,middle
train,12142,grade-aware,elementary,middle,middle
train,12143,grade-aware,elementary,middle,middle
train,12144,grade-aware,elementary,middle,middle
train,12145,grade-aware,elementary,middle,middle
train,12146,grade-aware,elementary,middle,middle
train,12147,grade-aware,elementary,middle,middle
train,12148,grade-aware,elementary,middle,middle
train,12149,grade-aware,elementary,middle,middle
train,12150,grade-aware,elementary,middle,middle
train,12151,grade-aware,elementary,middle,middle
train,12152,grade-aware,elementary,middle,middle
train,12153,grade-aware,elementary,middle,middle
train,12154,grade-aware,elementary,middle,middle
train,12155,grade-aware,elementary,middle,middle
train,12156,grade-aware,elementary,middle,middle
train,12157,grade-aware,elementary,middle,middle
train,12158,grade-aware,elementary,middle,middle
train,12159,grade-aware,elementary,middle,middle
train,12160,grade-aware,elementary,middle,middle
train,12161,grade-aware,elementary,middle,middle
train,12162,grade-aware,elementary,middle,middle
train,12163,grade-aware,elementary,middle,middle
train,12164,grade-aware,elementary,middle,middle
train,12165,grade-aware,elementary,middle,middle
train,12166,grade-aware,elementary,middle,middle
train,12167,grade-aware,elementary,middle,middle
train,12168,grade-aware,elementary,middle,middle
train,12169,grade-aware,elementary,middle,middle
train,12170,grade-aware,elementary,middle,middle
train,12171,grade-aware,elementary,middle,middle
train,12172,grade-aware,elementary,middle,middle
train,12173,grade-aware,elementary,middle,middle
train,12174,grade-aware,elementary,middle,middle
train,12175,grade-aware,elementary,middle,middle
train,12176,grade-aware,elementary,middle,middle
train,12177,grade-aware,elementary,middle,middle
train,12178,grade-aware,elementary,middle,middle
train,12179,grade-aware,elementary,middle,middle
train,12180,grade-aware,elementary,middle,middle
train,12181,grade-aware,elementary,middle,middle
train,12182,grade-aware,elementary,middle,middle
train,12183,grade-aware,elementary,middle,middle
train,12184,grade-aware,elementary,middle,middle
train,12185,grade-aware,elementary,middle,middle
train,12186,grade-aware,elementary,middle,middle
train,12187,grade-aware,elementary,middle,middle
train,12188,grade-aware,elementary,middle,middle
train,12189,grade-aware,elementary,middle,middle
train,12190,grade-aware,elementary,middle,middle
train,12191,grade-aware,elementary,middle,middle
train,12192,grade-aware,elementary,middle,middle
train,12193,grade-aware,elementary,middle,middle
train,12194,grade-aware,elementary,middle,middle
train,12195,grade-aware,elementary,middle,middle
train,12196,grade-aware,elementary,middle,middle
train,12197,grade-aware,elementary,middle,middle
train,12198,grade-aware,elementary,middle,middle
train,12199,grade-aware,elementary,middle,middle
train,12200,grade-aware,elementary,middle,middle
train,12201,grade-aware,elementary,middle,middle
train,12202,grade-aware,elementary,middle,middle
train,12203,grade-aware,elementary,middle,middle
train,12204,grade-aware,elementary,middle,middle
train,12205,grade-aware,elementary,middle,middle
train,12206,grade-aware,elementary,middle,middle
train,12207,grade-aware,elementary,middle,middle
train,12208,grade-aware,elementary,middle,middle
train,12209,grade-aware,elementary,middle,middle
train,12210,grade-aware,elementary,middle,middle
train,12211,grade-aware,elementary,middle,middle
train,12212,grade-aware,elementary,middle,middle
train,12213,grade-aware,elementary,middle,middle
train,12214,grade-aware,elementary,middle,middle
train,12215,grade-aware,elementary,middle,middle
train,12216,grade-aware,elementary,middle,middle
train,12217,grade-aware,elementary,middle,middle
train,12218,grade-aware,elementary,middle,middle
train,12219,grade-aware,elementary,middle,middle
train,12220,grade-aware,elementary,middle,middle
train,12221,grade-aware,elementary,middle,middle
train,12222,grade-aware,elementary,middle,middle
train,12223,grade-aware,elementary,middle,middle
train,12224,grade-aware,elementary,middle,middle
train,12225,grade-aware,elementary,middle,middle
train,12226,grade-aware,elementary,middle,middle
train,12227,grade-aware,elementary,middle,middle
train,12228,grade-aware,elementary,middle,middle
train,12229,grade-aware,elementary,middle,middle
train,12230,grade-aware,elementary,middle,middle
train,12231,grade-aware,elementary,middle,middle
train,12232,grade-aware,elementary,middle,middle
train,12233,grade-aware,elementary,middle,middle
train,12234,grade-aware,elementary,middle,middle
train,12235,grade-aware,elementary,middle,middle
train,12236,grade-aware,elementary,middle,middle
train,12237,grade-aware,elementary,middle,middle
train,12238,grade-aware,elementary,middle,middle
train,12239,grade-aware,elementary,middle,middle
train,12240,grade-aware,elementary,middle,middle
train,12241,grade-aware,elementary,middle,middle
train,12242,grade-aware,elementary,middle,middle
train,12243,grade-aware,elementary,middle,middle
train,12244,grade-aware,elementary,middle,middle
train,12245,grade-aware,elementary,middle,middle
train,12246,grade-aware,elementary,middle,middle
train,12247,grade-aware,elementary,middle,middle
train,12248,grade-aware,elementary,middle,middle
train,12249,grade-aware,elementary,middle,middle
train,12250,grade-aware,elementary,middle,middle
train,12251,grade-aware,elementary,middle,middle
train,12252,grade-aware,elementary,middle,middle
train,12253,grade-aware,elementary,middle,middle
train,12254,grade-aware,elementary,middle,middle
train,12255,grade-aware,elementary,middle,middle
train,12256,grade-aware,elementary,middle,middle
train,12257,grade-aware,elementary,middle,middle
train,12258,grade-aware,elementary,middle,middle
train,12259,grade-aware,elementary,middle,middle
train,12260,grade-aware,elementary,middle,middle
train,12261,grade-aware,elementary,middle,middle
train,12262,grade-aware,elementary,middle,middle
train,12263,grade-aware,elementary,middle,middle
train,12264,grade-aware,elementary,middle,middle
train,12265,grade-aware,elementary,middle,middle
train,12266,grade-aware,elementary,middle,middle
train,12267,grade-aware,elementary,middle,middle
train,12268,grade-aware,elementary,middle,middle
train,12269,grade-aware,elementary,middle,middle
train,12270,grade-aware,elementary,middle,middle
train,12271,grade-aware,elementary,middle,middle
train,12272,grade-aware,elementary,middle,middle
train,12273,grade-aware,elementary,middle,middle
train,12274,grade-aware,elementary,middle,middle
train,12275,grade-aware,elementary,middle,middle
train,12276,grade-aware,elementary,middle,middle
train,12277,grade-aware,elementary,middle,middle
train,12278,grade-aware,elementary,middle,middle
train,12279,grade-aware,elementary,middle,middle
train,12280,grade-aware,elementary,middle,middle
train,12281,grade-aware,elementary,middle,middle
train,12282,grade-aware,elementary,middle,middle
train,12283,grade-aware,elementary,middle,middle
train,12284,grade-aware,elementary,middle,middle
train,12285,grade-aware,elementary,middle,middle
train,12286,grade-aware,elementary,middle,middle
train,12287,grade-aware,elementary,middle,middle
train,12288,grade-aware,elementary,middle,middle
train,12289,grade-aware,elementary,middle,middle
train,12290,grade-aware,elementary,middle,middle
train,12291,grade-aware,elementary,middle,middle
train,12292,grade-aware,elementary,middle,middle
train,12293,grade-aware,elementary,middle,middle
train,12294,grade-aware,elementary,middle,middle
train,12295,grade-aware,elementary,middle,middle
train,12296,grade-aware,elementary,middle,middle
train,12297,grade-aware,elementary,middle,middle
train,12298,grade-aware,elementary,middle,middle
train,12299,grade-aware,elementary,middle,middle
train,12300,grade-aware,elementary,middle,middle
train,12301,grade-aware,elementary,middle,middle
train,12302,grade-aware,elementary,middle,middle
train,12303,grade-aware,elementary,middle,middle
train,12304,grade-aware,elementary,middle,middle
train,12305,grade-aware,elementary,middle,middle
train,12306,grade-aware,elementary,middle,middle
train,12307,grade-aware,elementary,middle,middle
train,12308,grade-aware,elementary,middle,middle
train,12309,grade-aware,elementary,middle,middle
train,12310,grade-aware,elementary,middle,middle
train,12311,grade-aware,elementary,middle,middle
train,12312,grade-aware,elementary,middle,middle
train,12313,grade-aware,elementary,middle,middle
train,12314,grade-aware,elementary,middle,middle
train,12315,grade-aware,elementary,middle,middle
train,12316,grade-aware,elementary,middle,middle
train,12317,grade-aware,elementary,middle,middle
train,12318,grade-aware,elementary,middle,middle
train,12319,grade-aware,elementary,middle,middle
train,12320,grade-aware,elementary,middle,middle
train,12321,grade-aware,elementary,middle,middle
train,12322,grade-aware,elementary,middle,middle
train,12323,grade-aware,elementary,middle,middle
train,12324,grade-aware,elementary,middle,middle
train,12325,grade-aware,elementary,middle,middle
train,12326,grade-aware,elementary,middle,middle
train,12327,grade-aware,elementary,middle,middle
train,12328,grade-aware,elementary,middle,middle
train,12329,grade-aware,elementary,middle,middle
train,12330,grade-aware,elementary,middle,middle
train,12331,grade-aware,elementary,middle,middle
train,12332,grade-aware,elementary,middle,middle
train,12333,grade-aware,elementary,middle,middle
train,12334,grade-aware,elementary,middle,middle
train,12335,grade-aware,elementary,middle,middle
train,12336,grade-aware,elementary,middle,middle
train,12337,grade-aware,elementary,middle,middle
train,12338,grade-aware,elementary,middle,middle
train,12339,grade-aware,elementary,middle,middle
train,12340,grade-aware,elementary,middle,middle
train,12341,grade-aware,elementary,middle,middle
train,12342,grade-aware,elementary,middle,middle
train,12343,grade-aware,elementary,middle,middle
train,12344,grade-aware,elementary,middle,middle
train,12345,grade-aware,elementary,middle,middle
train,12346,grade-aware,elementary,middle,middle
train,12347,grade-aware,elementary,middle,middle
train,12348,grade-aware,elementary,middle,middle
train,12349,grade-aware,elementary,middle,middle
train,12350,grade-aware,elementary,middle,middle
train,12351,grade-aware,elementary,middle,middle
train,12352,grade-aware,elementary,middle,middle
train,12353,grade-aware,elementary,middle,middle
train,12354,grade-aware,elementary,high,high
train,12355,grade-aware,elementary,middle,middle
train,12356,grade-aware,elementary,middle,middle
train,12357,grade-aware,elementary,middle,middle
train,12358,grade-aware,elementary,middle,middle
train,12359,grade-aware,elementary,middle,middle
train,12360,grade-aware,elementary,middle,middle
train,12361,grade-aware,elementary,middle,middle
train,12362,grade-aware,elementary,middle,middle
train,12363,grade-aware,elementary,middle,middle
train,12364,grade-aware,elementary,middle,middle
train,12365,grade-aware,elementary,middle,middle
train,12366,grade-aware,elementary,middle,middle
train,12367,grade-aware,elementary,middle,middle
train,12368,grade-aware,elementary,middle,middle
train,12369,grade-aware,elementary,middle,middle
train,12370,grade-aware,elementary,middle,middle
train,12371,grade-aware,elementary,middle,middle
train,12372,grade-aware,elementary,middle,middle
train,12373,grade-aware,elementary,middle,middle
train,12374,grade-aware,elementary,middle,middle
train,12375,grade-aware,elementary,middle,middle
train,12376,grade-aware,elementary,middle,middle
train,12377,grade-aware,elementary,middle,middle
train,12378,grade-aware,elementary,middle,middle
train,12379,grade-aware,elementary,middle,middle
train,12380,grade-aware,elementary,middle,middle
train,12381,grade-aware,elementary,middle,middle
train,12382,grade-aware,elementary,middle,middle
train,12383,grade-aware,elementary,middle,middle
train,12384,grade-aware,elementary,middle,middle
train,12385,grade-aware,elementary,middle,middle
train,12386,grade-aware,elementary,middle,middle
train,12387,grade-aware,elementary,middle,middle
train,12388,grade-aware,elementary,middle,middle
train,12389,grade-aware,elementary,middle,middle
train,12390,grade-aware,elementary,middle,middle
train,12391,grade-aware,elementary,middle,middle
train,12392,grade-aware,elementary,middle,middle
train,12393,grade-aware,elementary,middle,middle
train,12394,grade-aware,elementary,middle,middle
train,12395,grade-aware,elementary,middle,middle
train,12396,grade-aware,elementary,middle,middle
train,12397,grade-aware,elementary,middle,middle
train,12398,grade-aware,elementary,middle,middle
train,12399,grade-aware,elementary,middle,middle
train,12400,grade-aware,elementary,middle,middle
train,12401,grade-aware,elementary,middle,middle
train,12402,grade-aware,elementary,middle,middle
train,12403,grade-aware,elementary,middle,middle
train,12404,grade-aware,elementary,middle,middle
train,12405,grade-aware,elementary,middle,middle
train,12406,grade-aware,elementary,middle,middle
train,12407,grade-aware,elementary,middle,middle
train,12408,grade-aware,elementary,middle,middle
train,12409,grade-aware,elementary,middle,middle
train,12410,grade-aware,elementary,middle,middle
train,12411,grade-aware,elementary,middle,middle
train,12412,grade-aware,elementary,middle,middle
train,12413,grade-aware,elementary,middle,middle
train,12414,grade-aware,elementary,middle,middle
train,12415,grade-aware,elementary,middle,middle
train,12416,grade-aware,elementary,middle,middle
train,12417,grade-aware,elementary,middle,middle
train,12418,grade-aware,elementary,middle,middle
train,12419,grade-aware,elementary,middle,middle
train,12420,grade-aware,elementary,middle,middle
train,12421,grade-aware,elementary,middle,middle
train,12422,grade-aware,elementary,middle,middle
train,12423,grade-aware,elementary,middle,middle
train,12424,grade-aware,high,middle,middle
train,12425,grade-aware,high,middle,middle
train,12426,grade-aware,high,middle,middle
train,12427,grade-aware,high,middle,middle
train,12428,grade-aware,high,middle,middle
train,12429,grade-aware,high,middle,middle
train,12430,grade-aware,high,middle,middle
train,12431,grade-aware,high,middle,middle
train,12432,grade-aware,high,high,high
train,12433,grade-aware,high,middle,middle
train,12434,grade-aware,high,middle,middle
train,12435,grade-aware,high,middle,middle
train,12436,grade-aware,high,middle,middle
train,12437,grade-aware,high,middle,middle
train,12438,grade-aware,high,middle,middle
train,12439,grade-aware,high,middle,middle
train,12440,grade-aware,high,high,high
train,12441,grade-aware,high,middle,middle
train,12442,grade-aware,high,middle,middle
train,12443,grade-aware,high,high,high
train,12444,grade-aware,high,middle,middle
train,12445,grade-aware,high,middle,middle
train,12446,grade-aware,high,middle,middle
train,12447,grade-aware,high,high,high
train,12448,grade-aware,high,middle,middle
train,12449,grade-aware,middle,middle,middle
train,12450,grade-aware,middle,middle,middle
train,12451,grade-aware,middle,middle,middle
train,12452,grade-aware,middle,middle,middle
train,12453,grade-aware,middle,middle,middle
train,12454,grade-aware,middle,middle,middle
train,12455,grade-aware,middle,middle,middle
train,12456,grade-aware,middle,middle,middle
train,12457,grade-aware,middle,middle,middle
train,12458,grade-aware,middle,middle,middle
train,12459,grade-aware,middle,middle,middle
train,12460,grade-aware,middle,middle,middle
train,12461,grade-aware,middle,middle,middle
train,12462,grade-aware,middle,high,high
train,12463,grade-aware,middle,middle,middle
train,12464,grade-aware,middle,middle,middle
train,12465,grade-aware,middle,middle,middle
train,12466,grade-aware,middle,middle,middle
train,12467,grade-aware,middle,middle,middle
train,12468,grade-aware,middle,middle,middle
train,12469,grade-aware,middle,middle,middle
train,12470,grade-aware,middle,middle,middle
train,12471,grade-aware,middle,middle,middle
train,12472,grade-aware,middle,middle,middle
train,12473,grade-aware,middle,middle,middle
train,12474,grade-aware,middle,middle,middle
train,12475,grade-aware,middle,middle,middle
train,12476,grade-aware,middle,middle,middle
train,12477,grade-aware,middle,middle,middle
train,12478,grade-aware,middle,middle,middle
train,12479,grade-aware,middle,middle,middle
train,12480,grade-aware,middle,middle,middle
train,12481,grade-aware,middle,middle,middle
train,12482,grade-aware,middle,middle,middle
train,12483,grade-aware,middle,middle,middle
train,12484,grade-aware,middle,middle,middle
train,12485,grade-aware,middle,middle,middle
train,12486,grade-aware,middle,middle,middle
train,12487,grade-aware,middle,middle,middle
train,12488,grade-aware,middle,middle,middle
train,12489,grade-aware,middle,high,high
train,12490,grade-aware,middle,middle,middle
train,12491,grade-aware,middle,middle,middle
train,12492,grade-aware,middle,high,high
train,12493,grade-aware,middle,middle,middle
train,12494,grade-aware,middle,middle,middle
train,12495,grade-aware,middle,middle,middle
train,12496,grade-aware,middle,middle,middle
train,12497,grade-aware,middle,middle,middle
train,12498,grade-aware,middle,middle,middle
train,12499,grade-aware,middle,middle,middle
train,12500,grade-aware,middle,middle,middle
train,12501,grade-aware,middle,middle,middle
train,12502,grade-aware,middle,middle,middle
train,12503,grade-aware,middle,middle,middle
train,12504,grade-aware,middle,middle,middle
train,12505,grade-aware,middle,middle,middle
train,12506,grade-aware,middle,middle,middle
train,12507,grade-aware,middle,middle,middle
train,12508,grade-aware,middle,middle,middle
train,12509,grade-aware,middle,middle,middle
train,12510,grade-aware,middle,middle,middle
train,12511,grade-aware,middle,middle,middle
train,12512,grade-aware,middle,middle,middle
train,12513,grade-aware,middle,middle,middle
train,12514,grade-aware,middle,middle,middle
train,12515,grade-aware,middle,middle,middle
train,12516,grade-aware,middle,middle,middle
train,12517,grade-aware,middle,middle,middle
train,12518,grade-aware,middle,middle,middle
train,12519,grade-aware,middle,middle,middle
train,12520,grade-aware,middle,middle,middle
train,12521,grade-aware,middle,middle,middle
train,12522,grade-aware,middle,middle,middle
train,12523,grade-aware,middle,middle,middle
train,12524,grade-aware,middle,middle,middle
train,12525,grade-aware,middle,middle,middle
train,12526,grade-aware,middle,middle,middle
train,12527,grade-aware,middle,middle,middle
train,12528,grade-aware,middle,middle,middle
train,12529,grade-aware,middle,middle,middle
train,12530,grade-aware,middle,middle,middle
train,12531,grade-aware,middle,middle,middle
train,12532,grade-aware,middle,middle,middle
train,12533,grade-aware,middle,middle,middle
train,12534,grade-aware,middle,middle,middle
train,12535,grade-aware,middle,middle,middle
train,12536,grade-aware,middle,middle,middle
train,12537,grade-aware,middle,middle,middle
train,12538,grade-aware,middle,middle,middle
train,12539,grade-aware,middle,middle,middle
train,12540,grade-aware,middle,middle,middle
train,12541,grade-aware,middle,middle,middle
train,12542,grade-aware,middle,middle,middle
train,12543,grade-aware,middle,middle,middle
train,12544,grade-aware,middle,middle,middle
train,12545,grade-aware,middle,middle,middle
train,12546,grade-aware,middle,middle,middle
train,12547,grade-aware,middle,middle,middle
train,12548,grade-aware,middle,middle,middle
train,12549,grade-aware,middle,middle,middle
train,12550,grade-aware,middle,middle,middle
train,12551,grade-aware,middle,middle,middle
train,12552,grade-aware,middle,middle,middle
train,12553,grade-aware,middle,middle,middle
train,12554,grade-aware,middle,middle,middle
train,12555,grade-aware,middle,middle,middle
train,12556,grade-aware,middle,middle,middle
train,12557,grade-aware,middle,middle,middle
train,12558,grade-aware,middle,middle,middle
train,12559,grade-aware,middle,middle,middle
train,12560,grade-aware,middle,middle,middle
train,12561,grade-aware,middle,middle,middle
train,12562,grade-aware,middle,middle,middle
train,12563,grade-aware,middle,middle,middle
train,12564,grade-aware,middle,middle,middle
train,12565,grade-aware,middle,middle,middle
train,12566,grade-aware,middle,middle,middle
train,12567,grade-aware,middle,middle,middle
train,12568,grade-aware,middle,middle,middle
train,12569,grade-aware,middle,middle,middle
train,12570,grade-aware,middle,middle,middle
train,12571,grade-aware,middle,middle,middle
train,12572,grade-aware,middle,middle,middle
train,12573,grade-aware,middle,middle,middle
train,12574,grade-aware,middle,middle,middle
train,12575,grade-aware,middle,middle,middle
train,12576,grade-aware,middle,middle,middle
train,12577,grade-aware,middle,middle,middle
train,12578,grade-aware,middle,middle,middle
train,12579,grade-aware,middle,middle,middle
train,12580,grade-aware,middle,middle,middle
train,12581,grade-aware,middle,middle,middle
train,12582,grade-aware,middle,middle,middle
train,12583,grade-aware,middle,middle,middle
train,12584,grade-aware,middle,middle,middle
train,12585,grade-aware,middle,middle,middle
train,12586,grade-aware,middle,middle,middle
train,12587,grade-aware,middle,middle,middle
train,12588,grade-aware,middle,middle,middle
train,12589,grade-aware,middle,middle,middle
train,12590,grade-aware,middle,middle,middle
train,12591,grade-aware,middle,middle,middle
train,12592,grade-aware,middle,middle,middle
train,12593,grade-aware,middle,middle,middle
train,12594,grade-aware,middle,middle,middle
train,12595,grade-aware,middle,middle,middle
train,12596,grade-aware,middle,middle,middle
train,12597,grade-aware,middle,middle,middle
train,12598,grade-aware,middle,middle,middle
train,12599,grade-aware,middle,middle,middle
train,12600,grade-aware,middle,middle,middle
train,12601,grade-aware,middle,middle,middle
train,12602,grade-aware,middle,middle,middle
train,12603,grade-aware,middle,high,high
train,12604,grade-aware,middle,middle,middle
train,12605,grade-aware,middle,middle,middle
train,12606,grade-aware,middle,middle,middle
train,12607,grade-aware,middle,middle,middle
train,12608,grade-aware,middle,middle,middle
train,12609,grade-aware,middle,middle,middle
train,12610,grade-aware,middle,middle,middle
train,12611,grade-aware,middle,middle,middle
train,12612,grade-aware,middle,middle,middle
train,12613,grade-aware,middle,middle,middle
train,12614,grade-aware,middle,middle,middle
train,12615,grade-aware,middle,middle,middle
train,12616,grade-aware,middle,middle,middle
train,12617,grade-aware,middle,middle,middle
train,12618,grade-aware,middle,middle,middle
train,12619,grade-aware,middle,middle,middle
train,12620,grade-aware,middle,middle,middle
train,12621,grade-aware,middle,middle,middle
train,12622,grade-aware,middle,middle,middle
train,12623,grade-aware,middle,middle,middle
train,12624,grade-aware,middle,middle,middle
train,12625,grade-aware,middle,middle,middle
train,12626,grade-aware,middle,middle,middle
train,12627,grade-aware,middle,middle,middle
train,12628,grade-aware,middle,middle,middle
train,12629,grade-aware,middle,middle,middle
train,12630,grade-aware,middle,middle,middle
train,12631,grade-aware,middle,middle,middle
train,12632,grade-aware,middle,middle,middle
train,12633,grade-aware,middle,middle,middle
train,12634,grade-aware,middle,middle,middle
train,12635,grade-aware,middle,middle,middle
train,12636,grade-aware,middle,middle,middle
train,12637,grade-aware,middle,middle,middle
train,12638,grade-aware,middle,middle,middle
train,12639,grade-aware,middle,middle,middle
train,12640,grade-aware,middle,high,high
train,12641,grade-aware,middle,middle,middle
train,12642,grade-aware,middle,middle,middle
train,12643,grade-aware,middle,middle,middle
train,12644,grade-aware,middle,high,high
train,12645,grade-aware,middle,middle,middle
train,12646,grade-aware,middle,middle,middle
train,12647,grade-aware,middle,middle,middle
train,12648,grade-aware,middle,middle,middle
train,12649,grade-aware,middle,middle,middle
train,12650,grade-aware,middle,middle,middle
train,12651,grade-aware,middle,middle,middle
train,12652,grade-aware,middle,middle,middle
train,12653,grade-aware,middle,middle,middle
train,12654,grade-aware,middle,middle,middle
train,12655,grade-aware,middle,middle,middle
train,12656,grade-aware,middle,middle,middle
train,12657,grade-aware,middle,middle,middle
train,12658,grade-aware,middle,middle,middle
train,12659,grade-aware,middle,middle,middle
train,12660,grade-aware,middle,middle,middle
train,12661,grade-aware,middle,middle,middle
train,12662,grade-aware,middle,middle,middle
train,12663,grade-aware,middle,middle,middle
train,12664,grade-aware,middle,high,high
train,12665,grade-aware,middle,middle,middle
train,12666,grade-aware,middle,middle,middle
train,12667,grade-aware,middle,middle,middle
train,12668,grade-aware,middle,middle,middle
train,12669,grade-aware,middle,middle,middle
train,12670,grade-aware,middle,middle,middle
train,12671,grade-aware,middle,middle,middle
train,12672,grade-aware,middle,middle,middle
train,12673,grade-aware,middle,middle,middle
train,12674,grade-aware,middle,middle,middle
train,12675,grade-aware,middle,middle,middle
train,12676,grade-aware,middle,middle,middle
train,12677,grade-aware,middle,middle,middle
train,12678,grade-aware,middle,high,high
train,12679,grade-aware,middle,middle,middle
train,12680,grade-aware,middle,middle,middle
train,12681,grade-aware,middle,middle,middle
train,12682,grade-aware,middle,middle,middle
train,12683,grade-aware,middle,middle,middle
train,12684,grade-aware,middle,middle,middle
train,12685,grade-aware,middle,middle,middle
train,12686,grade-aware,middle,middle,middle
train,12687,grade-aware,middle,middle,middle
train,12688,grade-aware,middle,middle,middle
train,12689,grade-aware,middle,middle,middle
train,12690,grade-aware,middle,middle,middle
train,12691,grade-aware,middle,middle,middle
train,12692,grade-aware,middle,middle,middle
train,12693,grade-aware,middle,middle,middle
train,12694,grade-aware,middle,middle,middle
train,12695,grade-aware,middle,middle,middle
train,12696,grade-aware,middle,middle,middle
train,12697,grade-aware,middle,high,high
train,12698,grade-aware,middle,middle,middle
train,12699,grade-aware,middle,middle,middle
train,12700,grade-aware,middle,middle,middle
train,12701,grade-aware,middle,middle,middle
train,12702,grade-aware,middle,middle,middle
train,12703,grade-aware,middle,middle,middle
train,12704,grade-aware,middle,middle,middle
train,12705,grade-aware,middle,middle,middle
train,12706,grade-aware,middle,middle,middle
train,12707,grade-aware,middle,middle,middle
train,12708,grade-aware,middle,middle,middle
train,12709,grade-aware,middle,middle,middle
train,12710,grade-aware,middle,middle,middle
train,12711,grade-aware,middle,middle,middle
train,12712,grade-aware,middle,middle,middle
train,12713,grade-aware,middle,middle,middle
train,12714,grade-aware,middle,middle,middle
train,12715,grade-aware,middle,middle,middle
train,12716,grade-aware,middle,middle,middle
train,12717,grade-aware,middle,middle,middle
train,12718,grade-aware,middle,high,high
train,12719,grade-aware,middle,middle,middle
train,12720,grade-aware,middle,middle,middle
train,12721,grade-aware,middle,middle,middle
train,12722,grade-aware,middle,high,high
train,12723,grade-aware,middle,middle,middle
train,12724,grade-aware,middle,middle,middle
train,12725,grade-aware,middle,middle,middle
train,12726,grade-aware,middle,middle,middle
train,12727,grade-aware,middle,middle,middle
train,12728,grade-aware,middle,middle,middle
train,12729,grade-aware,middle,middle,middle
train,12730,grade-aware,middle,middle,middle
train,12731,grade-aware,middle,middle,middle
train,12732,grade-aware,middle,middle,middle
train,12733,grade-aware,middle,middle,middle
train,12734,grade-aware,middle,middle,middle
train,12735,grade-aware,middle,middle,middle
train,12736,grade-aware,middle,middle,middle
train,12737,grade-aware,middle,middle,middle
train,12738,grade-aware,middle,middle,middle
train,12739,grade-aware,middle,middle,middle
train,12740,grade-aware,middle,middle,middle
train,12741,grade-aware,middle,middle,middle
train,12742,grade-aware,middle,middle,middle
train,12743,grade-aware,middle,middle,middle
train,12744,grade-aware,middle,middle,middle
train,12745,grade-aware,middle,middle,middle
train,12746,grade-aware,middle,middle,middle
train,12747,grade-aware,middle,middle,middle
train,12748,grade-aware,middle,middle,middle
train,12749,grade-aware,middle,middle,middle
train,12750,grade-aware,middle,middle,middle
train,12751,grade-aware,middle,middle,middle
train,12752,grade-aware,middle,middle,middle
train,12753,grade-aware,middle,middle,middle
train,12754,grade-aware,middle,middle,middle
train,12755,grade-aware,middle,middle,middle
train,12756,grade-aware,middle,middle,middle
train,12757,grade-aware,middle,middle,middle
train,12758,grade-aware,middle,middle,middle
train,12759,grade-aware,middle,middle,middle
train,12760,grade-aware,middle,middle,middle
train,12761,grade-aware,middle,middle,middle
train,12762,grade-aware,middle,high,high
train,12763,grade-aware,middle,middle,middle
train,12764,grade-aware,middle,middle,middle
train,12765,grade-aware,middle,middle,middle
train,12766,grade-aware,middle,middle,middle
train,12767,grade-aware,middle,middle,middle
train,12768,grade-aware,middle,high,high
train,12769,grade-aware,middle,middle,middle
train,12770,grade-aware,middle,middle,middle
train,12771,grade-aware,middle,middle,middle
train,12772,grade-aware,middle,middle,middle
train,12773,grade-aware,middle,middle,middle
train,12774,grade-aware,middle,middle,middle
train,12775,grade-aware,middle,middle,middle
train,12776,grade-aware,middle,middle,middle
train,12777,grade-aware,middle,middle,middle
train,12778,grade-aware,middle,middle,middle
train,12779,grade-aware,middle,middle,middle
train,12780,grade-aware,middle,middle,middle
train,12781,grade-aware,middle,middle,middle
train,12782,grade-aware,middle,middle,middle
train,12783,grade-aware,middle,middle,middle
train,12784,grade-aware,middle,middle,middle
train,12785,grade-aware,middle,middle,middle
train,12786,grade-aware,middle,middle,middle
train,12787,grade-aware,middle,middle,middle
train,12788,grade-aware,middle,middle,middle
train,12789,grade-aware,middle,middle,middle
train,12790,grade-aware,middle,middle,middle
train,12791,grade-aware,middle,middle,middle
train,12792,grade-aware,middle,middle,middle
train,12793,grade-aware,middle,middle,middle
train,12794,grade-aware,middle,middle,middle
train,12795,grade-aware,middle,middle,middle
train,12796,grade-aware,middle,middle,middle
train,12797,grade-aware,middle,middle,middle
train,12798,grade-aware,middle,middle,middle
train,12799,grade-aware,middle,middle,middle
train,12800,grade-aware,middle,middle,middle
train,12801,grade-aware,middle,middle,middle
train,12802,grade-aware,middle,middle,middle
train,12803,grade-aware,middle,middle,middle
train,12804,grade-aware,middle,middle,middle
train,12805,grade-aware,middle,middle,middle
train,12806,grade-aware,middle,middle,middle
train,12807,grade-aware,middle,middle,middle
train,12808,grade-aware,middle,middle,middle
train,12809,grade-aware,middle,middle,middle
train,12810,grade-aware,middle,middle,middle
train,12811,grade-aware,middle,middle,middle
train,12812,grade-aware,middle,middle,middle
train,12813,grade-aware,middle,middle,middle
train,12814,grade-aware,middle,middle,middle
train,12815,grade-aware,middle,middle,middle
train,12816,grade-aware,middle,middle,middle
train,12817,grade-aware,middle,middle,middle
train,12818,grade-aware,middle,middle,middle
train,12819,grade-aware,middle,middle,middle
train,12820,grade-aware,middle,middle,middle
train,12821,grade-aware,middle,middle,middle
train,12822,grade-aware,middle,middle,middle
train,12823,grade-aware,middle,middle,middle
train,12824,grade-aware,middle,middle,middle
train,12825,grade-aware,middle,middle,middle
train,12826,grade-aware,middle,middle,middle
train,12827,grade-aware,middle,middle,middle
train,12828,grade-aware,middle,middle,middle
train,12829,grade-aware,middle,middle,middle
train,12830,grade-aware,middle,middle,middle
train,12831,grade-aware,middle,middle,middle
train,12832,grade-aware,middle,middle,middle
train,12833,grade-aware,middle,middle,middle
train,12834,grade-aware,middle,middle,middle
train,12835,grade-aware,middle,middle,middle
train,12836,grade-aware,middle,middle,middle
train,12837,grade-aware,middle,middle,middle
train,12838,grade-aware,middle,middle,middle
train,12839,grade-aware,middle,middle,middle
train,12840,grade-aware,middle,middle,middle
train,12841,grade-aware,middle,middle,middle
train,12842,grade-aware,middle,middle,middle
train,12843,grade-aware,middle,middle,middle
train,12844,grade-aware,middle,middle,middle
train,12845,grade-aware,middle,middle,middle
train,12846,grade-aware,middle,middle,middle
train,12847,grade-aware,middle,middle,middle
train,12848,grade-aware,middle,middle,middle
train,13306,openbookqa,elementary,middle,middle
train,13307,openbookqa,elementary,middle,middle
train,13308,openbookqa,elementary,middle,middle
train,13309,openbookqa,elementary,middle,middle
train,13310,openbookqa,elementary,middle,middle
train,13311,openbookqa,elementary,middle,middle
train,13312,openbookqa,elementary,middle,middle
train,13313,openbookqa,elementary,middle,middle
train,13314,openbookqa,elementary,middle,middle
train,13315,openbookqa,elementary,middle,middle
train,13316,openbookqa,elementary,middle,middle
train,13317,openbookqa,elementary,middle,middle
train,13318,openbookqa,elementary,middle,middle
train,13319,openbookqa,elementary,middle,middle
train,13320,openbookqa,elementary,middle,middle
train,13321,openbookqa,elementary,middle,middle
train,13322,openbookqa,elementary,middle,middle
train,13323,openbookqa,elementary,middle,middle
train,13324,openbookqa,elementary,elementary,elementary
train,13325,openbookqa,elementary,middle,middle
train,13326,openbookqa,elementary,middle,middle
train,13327,openbookqa,elementary,elementary,elementary
train,13328,openbookqa,elementary,middle,middle
train,13329,openbookqa,elementary,middle,middle
train,13330,openbookqa,elementary,elementary,elementary
train,13331,openbookqa,elementary,middle,middle
train,13332,openbookqa,elementary,middle,middle
train,13333,openbookqa,elementary,middle,middle
train,13334,openbookqa,elementary,middle,middle
train,13335,openbookqa,elementary,middle,middle
train,13336,openbookqa,elementary,middle,middle
train,13337,openbookqa,elementary,middle,middle
train,13338,openbookqa,elementary,middle,middle
train,13339,openbookqa,elementary,middle,middle
train,13340,openbookqa,elementary,middle,middle
train,13341,openbookqa,elementary,middle,middle
train,13342,openbookqa,elementary,middle,middle
train,13343,openbookqa,elementary,middle,middle
train,13344,openbookqa,elementary,middle,middle
train,13345,openbookqa,elementary,middle,middle
train,13346,openbookqa,elementary,middle,middle
train,13347,openbookqa,elementary,high,high
train,13348,openbookqa,elementary,middle,middle
train,13349,openbookqa,elementary,middle,middle
train,13350,openbookqa,elementary,middle,middle
train,13351,openbookqa,elementary,middle,middle
train,13352,openbookqa,elementary,middle,middle
train,13353,openbookqa,elementary,middle,middle
train,13354,openbookqa,elementary,middle,middle
train,13355,openbookqa,elementary,middle,middle
train,13356,openbookqa,elementary,middle,middle
train,13357,openbookqa,elementary,middle,middle
train,13358,openbookqa,elementary,middle,middle
train,13359,openbookqa,elementary,middle,middle
train,13360,openbookqa,elementary,middle,middle
train,13361,openbookqa,elementary,middle,middle
train,13362,openbookqa,elementary,middle,middle
train,13363,openbookqa,elementary,middle,middle
train,13364,openbookqa,elementary,middle,middle
train,13365,openbookqa,elementary,middle,middle
train,13366,openbookqa,elementary,middle,middle
train,13367,openbookqa,elementary,middle,middle
train,13368,openbookqa,elementary,middle,middle
train,13369,openbookqa,elementary,middle,middle
train,13370,openbookqa,elementary,middle,middle
train,13371,openbookqa,elementary,middle,middle
train,13372,openbookqa,elementary,middle,middle
train,13373,openbookqa,elementary,middle,middle
train,13374,openbookqa,elementary,middle,middle
train,13375,openbookqa,elementary,middle,middle
train,13376,openbookqa,elementary,elementary,elementary
train,13377,openbookqa,elementary,high,high
train,13378,openbookqa,elementary,middle,middle
train,13379,openbookqa,elementary,high,high
train,13380,openbookqa,elementary,middle,middle
train,13381,openbookqa,elementary,elementary,elementary
train,13382,openbookqa,elementary,middle,middle
train,13383,openbookqa,elementary,middle,middle
train,13384,openbookqa,elementary,middle,middle
train,13385,openbookqa,elementary,middle,middle
train,13386,openbookqa,elementary,middle,middle
train,13387,openbookqa,elementary,middle,middle
train,13388,openbookqa,elementary,middle,middle
train,13389,openbookqa,elementary,middle,middle
train,13390,openbookqa,elementary,middle,middle
train,13391,openbookqa,elementary,middle,middle
train,13392,openbookqa,elementary,middle,middle
train,13393,openbookqa,elementary,middle,middle
train,13394,openbookqa,elementary,middle,middle
train,13395,openbookqa,elementary,middle,middle
train,13396,openbookqa,elementary,middle,middle
train,13397,openbookqa,elementary,middle,middle
train,13398,openbookqa,elementary,middle,middle
train,13399,openbookqa,elementary,elementary,elementary
train,13400,openbookqa,elementary,middle,middle
train,13401,openbookqa,elementary,middle,middle
train,13402,openbookqa,elementary,middle,middle
train,13403,openbookqa,elementary,elementary,elementary
train,13404,openbookqa,elementary,middle,middle
train,13405,openbookqa,elementary,middle,middle
train,13406,openbookqa,elementary,middle,middle
train,13407,openbookqa,elementary,middle,middle
train,13408,openbookqa,elementary,middle,middle
train,13409,openbookqa,elementary,middle,middle
train,13410,openbookqa,elementary,middle,middle
train,13411,openbookqa,elementary,middle,middle
train,13412,openbookqa,elementary,middle,middle
train,13413,openbookqa,elementary,middle,middle
train,13414,openbookqa,elementary,middle,middle
train,13415,openbookqa,elementary,middle,middle
train,13416,openbookqa,elementary,elementary,elementary
train,13417,openbookqa,elementary,middle,middle
train,13418,openbookqa,elementary,middle,middle
train,13419,openbookqa,elementary,middle,middle
train,13420,openbookqa,elementary,middle,middle
train,13421,openbookqa,elementary,middle,middle
train,13422,openbookqa,elementary,middle,middle
train,13423,openbookqa,elementary,high,high
train,13424,openbookqa,elementary,middle,middle
train,13425,openbookqa,elementary,middle,middle
train,13426,openbookqa,elementary,middle,middle
train,13427,openbookqa,elementary,middle,middle
train,13428,openbookqa,elementary,middle,middle
train,13429,openbookqa,elementary,middle,middle
train,13430,openbookqa,elementary,middle,middle
train,13431,openbookqa,elementary,high,high
train,13432,openbookqa,elementary,elementary,elementary
train,13433,openbookqa,elementary,middle,middle
train,13434,openbookqa,elementary,middle,middle
train,13435,openbookqa,elementary,middle,middle
train,13436,openbookqa,elementary,middle,middle
train,13437,openbookqa,elementary,middle,middle
train,13438,openbookqa,elementary,middle,middle
train,13439,openbookqa,elementary,elementary,elementary
train,13440,openbookqa,elementary,middle,middle
train,13441,openbookqa,elementary,middle,middle
train,13442,openbookqa,elementary,middle,middle
train,13443,openbookqa,elementary,middle,middle
train,13444,openbookqa,elementary,middle,middle
train,13445,openbookqa,elementary,middle,middle
train,13446,openbookqa,elementary,middle,middle
train,13447,openbookqa,elementary,middle,middle
train,13448,openbookqa,elementary,middle,middle
train,13449,openbookqa,elementary,middle,middle
train,13450,openbookqa,elementary,middle,middle
train,13451,openbookqa,elementary,middle,middle
train,13452,openbookqa,elementary,middle,middle
train,13453,openbookqa,elementary,middle,middle
train,13454,openbookqa,elementary,middle,middle
train,13455,openbookqa,elementary,middle,middle
train,13456,openbookqa,elementary,middle,middle
train,13457,openbookqa,elementary,middle,middle
train,13458,openbookqa,elementary,middle,middle
train,13459,openbookqa,elementary,middle,middle
train,13460,openbookqa,elementary,middle,middle
train,13461,openbookqa,elementary,middle,middle
train,13462,openbookqa,elementary,middle,middle
train,13463,openbookqa,elementary,middle,middle
train,13464,openbookqa,elementary,middle,middle
train,13465,openbookqa,elementary,middle,middle
train,13466,openbookqa,elementary,middle,middle
train,13467,openbookqa,elementary,middle,middle
train,13468,openbookqa,elementary,elementary,elementary
train,13469,openbookqa,elementary,middle,middle
train,13470,openbookqa,elementary,middle,middle
train,13471,openbookqa,elementary,middle,middle
train,13472,openbookqa,elementary,middle,middle
train,13473,openbookqa,elementary,middle,middle
train,13474,openbookqa,elementary,middle,middle
train,13475,openbookqa,elementary,middle,middle
train,13476,openbookqa,elementary,middle,middle
train,13477,openbookqa,elementary,elementary,elementary
train,13478,openbookqa,elementary,middle,middle
train,13479,openbookqa,elementary,middle,middle
train,13480,openbookqa,elementary,middle,middle
train,13481,openbookqa,elementary,elementary,elementary
train,13482,openbookqa,elementary,middle,middle
train,13483,openbookqa,elementary,middle,middle
train,13484,openbookqa,elementary,middle,middle
train,13485,openbookqa,elementary,middle,middle
train,13486,openbookqa,elementary,middle,middle
train,13487,openbookqa,elementary,middle,middle
train,13488,openbookqa,elementary,middle,middle
train,13489,openbookqa,elementary,middle,middle
train,13490,openbookqa,elementary,elementary,elementary
train,13491,openbookqa,elementary,middle,middle
train,13492,openbookqa,elementary,middle,middle
train,13493,openbookqa,elementary,middle,middle
train,13494,openbookqa,elementary,high,high
train,13495,openbookqa,elementary,middle,middle
train,13496,openbookqa,elementary,middle,middle
train,13497,openbookqa,elementary,middle,middle
train,13498,openbookqa,elementary,middle,middle
train,13499,openbookqa,elementary,middle,middle
train,13500,openbookqa,elementary,middle,middle
train,13501,openbookqa,elementary,middle,middle
train,13502,openbookqa,elementary,middle,middle
train,13503,openbookqa,elementary,middle,middle
train,13504,openbookqa,elementary,middle,middle
train,13505,openbookqa,elementary,middle,middle
train,13506,openbookqa,elementary,elementary,elementary
train,13507,openbookqa,elementary,middle,middle
train,13508,openbookqa,elementary,middle,middle
train,13509,openbookqa,elementary,elementary,elementary
train,13510,openbookqa,elementary,middle,middle
train,13511,openbookqa,elementary,middle,middle
train,13512,openbookqa,elementary,middle,middle
train,13513,openbookqa,elementary,middle,middle
train,13514,openbookqa,elementary,middle,middle
train,13515,openbookqa,elementary,middle,middle
train,13516,openbookqa,elementary,middle,middle
train,13517,openbookqa,elementary,elementary,elementary
train,13518,openbookqa,elementary,middle,middle
train,13519,openbookqa,elementary,middle,middle
train,13520,openbookqa,elementary,middle,middle
train,13521,openbookqa,elementary,middle,middle
train,13522,openbookqa,elementary,middle,middle
train,13523,openbookqa,elementary,middle,middle
train,13524,openbookqa,elementary,middle,middle
train,13525,openbookqa,elementary,middle,middle
train,13526,openbookqa,elementary,middle,middle
train,13527,openbookqa,elementary,middle,middle
train,13528,openbookqa,elementary,middle,middle
train,13529,openbookqa,elementary,middle,middle
train,13530,openbookqa,elementary,middle,middle
train,13531,openbookqa,elementary,middle,middle
train,13532,openbookqa,elementary,middle,middle
train,13533,openbookqa,elementary,middle,middle
train,13534,openbookqa,elementary,middle,middle
train,13535,openbookqa,elementary,middle,middle
train,13536,openbookqa,elementary,middle,middle
train,13537,openbookqa,elementary,middle,middle
train,13538,openbookqa,elementary,middle,middle
train,13539,openbookqa,elementary,middle,middle
train,13540,openbookqa,elementary,middle,middle
train,13541,openbookqa,elementary,elementary,elementary
train,13542,openbookqa,elementary,middle,middle
train,13543,openbookqa,elementary,middle,middle
train,13544,openbookqa,elementary,middle,middle
train,13545,openbookqa,elementary,middle,middle
train,13546,openbookqa,elementary,elementary,elementary
train,13547,openbookqa,elementary,middle,middle
train,13548,openbookqa,elementary,middle,middle
train,13549,openbookqa,elementary,middle,middle
train,13550,openbookqa,elementary,middle,middle
train,13551,openbookqa,elementary,middle,middle
train,13552,openbookqa,elementary,middle,middle
train,13553,openbookqa,elementary,middle,middle
train,13554,openbookqa,elementary,middle,middle
train,13555,openbookqa,elementary,middle,middle
train,13556,openbookqa,elementary,middle,middle
train,13557,openbookqa,elementary,middle,middle
train,13558,openbookqa,elementary,middle,middle
train,13559,openbookqa,elementary,middle,middle
train,13560,openbookqa,elementary,middle,middle
train,13561,openbookqa,elementary,middle,middle
train,13562,openbookqa,elementary,middle,middle
train,13563,openbookqa,elementary,elementary,elementary
train,13564,openbookqa,elementary,middle,middle
train,13565,openbookqa,elementary,middle,middle
train,13566,openbookqa,elementary,middle,middle
train,13567,openbookqa,elementary,middle,middle
train,13568,openbookqa,elementary,middle,middle
train,13569,openbookqa,elementary,middle,middle
train,13570,openbookqa,elementary,middle,middle
train,13571,openbookqa,elementary,middle,middle
train,13572,openbookqa,elementary,middle,middle
train,13573,openbookqa,elementary,middle,middle
train,13574,openbookqa,elementary,middle,middle
train,13575,openbookqa,elementary,middle,middle
train,13576,openbookqa,elementary,middle,middle
train,13577,openbookqa,elementary,middle,middle
train,13578,openbookqa,elementary,middle,middle
train,13579,openbookqa,elementary,middle,middle
train,13580,openbookqa,elementary,middle,middle
train,13581,openbookqa,elementary,middle,middle
train,13582,openbookqa,elementary,middle,middle
train,13583,openbookqa,elementary,middle,middle
train,13584,openbookqa,elementary,middle,middle
train,13585,openbookqa,elementary,middle,middle
train,13586,openbookqa,elementary,middle,middle
train,13587,openbookqa,elementary,middle,middle
train,13588,openbookqa,elementary,middle,middle
train,13589,openbookqa,elementary,middle,middle
train,13590,openbookqa,elementary,middle,middle
train,13591,openbookqa,elementary,elementary,elementary
train,13592,openbookqa,elementary,middle,middle
train,13593,openbookqa,elementary,middle,middle
train,13594,openbookqa,elementary,middle,middle
train,13595,openbookqa,elementary,middle,middle
train,13596,openbookqa,elementary,middle,middle
train,13597,openbookqa,elementary,middle,middle
train,13598,openbookqa,elementary,middle,middle
train,13599,openbookqa,elementary,middle,middle
train,13600,openbookqa,elementary,middle,middle
train,13601,openbookqa,elementary,middle,middle
train,13602,openbookqa,elementary,middle,middle
train,13603,openbookqa,elementary,middle,middle
train,13604,openbookqa,elementary,middle,middle
train,13605,openbookqa,elementary,middle,middle
train,13606,openbookqa,elementary,middle,middle
train,13607,openbookqa,elementary,middle,middle
train,13608,openbookqa,elementary,middle,middle
train,13609,openbookqa,elementary,middle,middle
train,13610,openbookqa,elementary,middle,middle
train,13611,openbookqa,elementary,middle,middle
train,13612,openbookqa,elementary,middle,middle
train,13613,openbookqa,elementary,middle,middle
train,13614,openbookqa,elementary,middle,middle
train,13615,openbookqa,elementary,middle,middle
train,13616,openbookqa,elementary,middle,middle
train,13617,openbookqa,elementary,middle,middle
train,13618,openbookqa,elementary,middle,middle
train,13619,openbookqa,elementary,middle,middle
train,13620,openbookqa,elementary,middle,middle
train,13621,openbookqa,elementary,middle,middle
train,13622,openbookqa,elementary,middle,middle
train,13623,openbookqa,elementary,middle,middle
train,13624,openbookqa,elementary,middle,middle
train,13625,openbookqa,elementary,middle,middle
train,13626,openbookqa,elementary,middle,middle
train,13627,openbookqa,elementary,middle,middle
train,13628,openbookqa,elementary,middle,middle
train,13629,openbookqa,elementary,middle,middle
train,13630,openbookqa,elementary,middle,middle
train,13631,openbookqa,elementary,middle,middle
train,13632,openbookqa,elementary,middle,middle
train,13633,openbookqa,elementary,middle,middle
train,13634,openbookqa,elementary,middle,middle
train,13635,openbookqa,elementary,middle,middle
train,13636,openbookqa,elementary,middle,middle
train,13637,openbookqa,elementary,middle,middle
train,13638,openbookqa,elementary,middle,middle
train,13639,openbookqa,elementary,middle,middle
train,13640,openbookqa,elementary,middle,middle
train,13641,openbookqa,elementary,middle,middle
train,13642,openbookqa,elementary,middle,middle
train,13643,openbookqa,elementary,middle,middle
train,13644,openbookqa,elementary,middle,middle
train,13645,openbookqa,elementary,middle,middle
train,13646,openbookqa,elementary,middle,middle
train,13647,openbookqa,elementary,middle,middle
train,13648,openbookqa,elementary,middle,middle
train,13649,openbookqa,elementary,middle,middle
train,13650,openbookqa,elementary,middle,middle
train,13651,openbookqa,elementary,middle,middle
train,13652,openbookqa,elementary,middle,middle
train,13653,openbookqa,elementary,middle,middle
train,13654,openbookqa,elementary,middle,middle
train,13655,openbookqa,elementary,middle,middle
train,13656,openbookqa,elementary,middle,middle
train,13657,openbookqa,elementary,middle,middle
train,13658,openbookqa,elementary,middle,middle
train,13659,openbookqa,elementary,middle,middle
train,13660,openbookqa,elementary,middle,middle
train,13661,openbookqa,elementary,middle,middle
train,13662,openbookqa,elementary,middle,middle
train,13663,openbookqa,elementary,elementary,elementary
train,13664,openbookqa,elementary,middle,middle
train,13665,openbookqa,elementary,elementary,elementary
train,13666,openbookqa,elementary,middle,middle
train,13667,openbookqa,elementary,middle,middle
train,13668,openbookqa,elementary,middle,middle
train,13669,openbookqa,elementary,middle,middle
train,13670,openbookqa,elementary,middle,middle
train,13671,openbookqa,elementary,middle,middle
train,13672,openbookqa,elementary,middle,middle
train,13673,openbookqa,elementary,middle,middle
train,13674,openbookqa,elementary,middle,middle
train,13675,openbookqa,elementary,middle,middle
train,13676,openbookqa,elementary,elementary,elementary
train,13677,openbookqa,elementary,middle,middle
train,13678,openbookqa,elementary,middle,middle
train,13679,openbookqa,elementary,middle,middle
train,13680,openbookqa,elementary,middle,middle
train,13681,openbookqa,elementary,high,high
train,13682,openbookqa,elementary,middle,middle
train,13683,openbookqa,elementary,middle,middle
train,13684,openbookqa,elementary,middle,middle
train,13685,openbookqa,elementary,middle,middle
train,13686,openbookqa,elementary,middle,middle
train,13687,openbookqa,elementary,middle,middle
train,13688,openbookqa,elementary,middle,middle
train,13689,openbookqa,elementary,middle,middle
train,13690,openbookqa,elementary,middle,middle
train,13691,openbookqa,elementary,middle,middle
train,13692,openbookqa,elementary,middle,middle
train,13693,openbookqa,elementary,middle,middle
train,13694,openbookqa,elementary,middle,middle
train,13695,openbookqa,elementary,middle,middle
train,13696,openbookqa,elementary,middle,middle
train,13697,openbookqa,elementary,middle,middle
train,13698,openbookqa,elementary,middle,middle
train,13699,openbookqa,elementary,middle,middle
train,13700,openbookqa,elementary,middle,middle
train,13701,openbookqa,elementary,middle,middle
train,13702,openbookqa,elementary,middle,middle
train,13703,openbookqa,elementary,middle,middle
train,13704,openbookqa,elementary,middle,middle
train,13705,openbookqa,elementary,middle,middle
train,13706,scienceqa,elementary,middle,middle
train,13707,scienceqa,elementary,middle,middle
train,13708,scienceqa,elementary,middle,middle
train,13709,scienceqa,elementary,middle,middle
train,13710,scienceqa,elementary,middle,middle
train,13711,scienceqa,elementary,middle,middle
train,13712,scienceqa,elementary,middle,middle
train,13713,scienceqa,elementary,middle,middle
train,13714,scienceqa,elementary,middle,middle
train,13715,scienceqa,elementary,middle,middle
train,13716,scienceqa,elementary,middle,middle
train,13717,scienceqa,elementary,middle,middle
train,13718,scienceqa,elementary,middle,middle
train,13719,scienceqa,elementary,middle,middle
train,13720,scienceqa,elementary,middle,middle
train,13721,scienceqa,elementary,middle,middle
train,13722,scienceqa,elementary,middle,middle
train,13723,scienceqa,elementary,middle,middle
train,13724,scienceqa,elementary,middle,middle
train,13725,scienceqa,elementary,middle,middle
train,13726,scienceqa,elementary,middle,middle
train,13727,scienceqa,elementary,middle,middle
train,13728,scienceqa,elementary,middle,middle
train,13729,scienceqa,elementary,middle,middle
train,13730,scienceqa,elementary,middle,middle
train,13731,scienceqa,elementary,middle,middle
train,13732,scienceqa,elementary,middle,middle
train,13733,scienceqa,elementary,middle,middle
train,13734,scienceqa,elementary,middle,middle
train,13735,scienceqa,elementary,middle,middle
train,13736,scienceqa,elementary,middle,middle
train,13737,scienceqa,elementary,middle,middle
train,13738,scienceqa,elementary,middle,middle
train,13739,scienceqa,elementary,elementary,elementary
train,13740,scienceqa,elementary,middle,middle
train,13741,scienceqa,elementary,middle,middle
train,13742,scienceqa,elementary,middle,middle
train,13743,scienceqa,elementary,middle,middle
train,13744,scienceqa,elementary,middle,middle
train,13745,scienceqa,elementary,middle,middle
train,13746,scienceqa,elementary,middle,middle
train,13747,scienceqa,elementary,middle,middle
train,13748,scienceqa,elementary,middle,middle
train,13749,scienceqa,elementary,middle,middle
train,13750,scienceqa,elementary,middle,middle
train,13751,scienceqa,elementary,middle,middle
train,13752,scienceqa,elementary,middle,middle
train,13753,scienceqa,elementary,middle,middle
train,13754,scienceqa,elementary,middle,middle
train,13755,scienceqa,elementary,middle,middle
train,13756,scienceqa,elementary,middle,middle
train,13757,scienceqa,elementary,middle,middle
train,13758,scienceqa,elementary,middle,middle
train,13759,scienceqa,elementary,middle,middle
train,13760,scienceqa,elementary,middle,middle
train,13761,scienceqa,elementary,middle,middle
train,13762,scienceqa,elementary,middle,middle
train,13763,scienceqa,elementary,middle,middle
train,13764,scienceqa,elementary,middle,middle
train,13765,scienceqa,elementary,middle,middle
train,13766,scienceqa,elementary,middle,middle
train,13767,scienceqa,elementary,middle,middle
train,13768,scienceqa,elementary,middle,middle
train,13769,scienceqa,elementary,middle,middle
train,13770,scienceqa,elementary,middle,middle
train,13771,scienceqa,elementary,middle,middle
train,13772,scienceqa,elementary,middle,middle
train,13773,scienceqa,elementary,middle,middle
train,13774,scienceqa,elementary,middle,middle
train,13775,scienceqa,elementary,middle,middle
train,13776,scienceqa,elementary,middle,middle
train,13777,scienceqa,elementary,middle,middle
train,13778,scienceqa,elementary,middle,middle
train,13779,scienceqa,elementary,middle,middle
train,13780,scienceqa,elementary,middle,middle
train,13781,scienceqa,elementary,middle,middle
train,13782,scienceqa,elementary,middle,middle
train,13783,scienceqa,elementary,middle,middle
train,13784,scienceqa,elementary,middle,middle
train,13785,scienceqa,elementary,middle,middle
train,13786,scienceqa,elementary,middle,middle
train,13787,scienceqa,elementary,middle,middle
train,13788,scienceqa,elementary,middle,middle
train,13789,scienceqa,elementary,middle,middle
train,13790,scienceqa,elementary,middle,middle
train,13791,scienceqa,elementary,middle,middle
train,13792,scienceqa,elementary,middle,middle
train,13793,scienceqa,elementary,middle,middle
train,13794,scienceqa,elementary,middle,middle
train,13795,scienceqa,elementary,middle,middle
train,13796,scienceqa,elementary,middle,middle
train,13797,scienceqa,elementary,middle,middle
train,13798,scienceqa,elementary,middle,middle
train,13799,scienceqa,elementary,middle,middle
train,13800,scienceqa,elementary,middle,middle
train,13801,scienceqa,elementary,middle,middle
train,13802,scienceqa,elementary,middle,middle
train,13803,scienceqa,elementary,middle,middle
train,13804,scienceqa,elementary,middle,middle
train,13805,scienceqa,elementary,middle,middle
train,13806,scienceqa,elementary,middle,middle
train,13807,scienceqa,elementary,middle,middle
train,13808,scienceqa,elementary,middle,middle
train,13809,scienceqa,elementary,middle,middle
train,13810,scienceqa,elementary,middle,middle
train,13811,scienceqa,elementary,middle,middle
train,13812,scienceqa,elementary,middle,middle
train,13813,scienceqa,elementary,middle,middle
train,13814,scienceqa,elementary,middle,middle
train,13815,scienceqa,elementary,middle,middle
train,13816,scienceqa,elementary,middle,middle
train,13817,scienceqa,elementary,middle,middle
train,13818,scienceqa,elementary,middle,middle
train,13819,scienceqa,elementary,middle,middle
train,13820,scienceqa,elementary,middle,middle
train,13821,scienceqa,elementary,high,high
train,13822,scienceqa,elementary,middle,middle
train,13823,scienceqa,elementary,middle,middle
train,13824,scienceqa,elementary,middle,middle
train,13825,scienceqa,elementary,middle,middle
train,13826,scienceqa,elementary,middle,middle
train,13827,scienceqa,elementary,middle,middle
train,13828,scienceqa,elementary,middle,middle
train,13829,scienceqa,elementary,middle,middle
train,13830,scienceqa,elementary,middle,middle
train,13831,scienceqa,elementary,middle,middle
train,13832,scienceqa,elementary,middle,middle
train,13833,scienceqa,elementary,middle,middle
train,13834,scienceqa,elementary,middle,middle
train,13835,scienceqa,elementary,middle,middle
train,13836,scienceqa,elementary,middle,middle
train,13837,scienceqa,elementary,middle,middle
train,13838,scienceqa,elementary,middle,middle
train,13839,scienceqa,elementary,middle,middle
train,13840,scienceqa,elementary,middle,middle
train,13841,scienceqa,elementary,middle,middle
train,13842,scienceqa,elementary,middle,middle
train,13843,scienceqa,elementary,middle,middle
train,13844,scienceqa,elementary,middle,middle
train,13845,scienceqa,elementary,middle,middle
train,13846,scienceqa,elementary,middle,middle
train,13847,scienceqa,elementary,middle,middle
train,13848,scienceqa,elementary,middle,middle
train,13849,scienceqa,elementary,middle,middle
train,13850,scienceqa,elementary,middle,middle
train,13851,scienceqa,elementary,middle,middle
train,13852,scienceqa,elementary,middle,middle
train,13853,scienceqa,elementary,middle,middle
train,13854,scienceqa,elementary,middle,middle
train,13855,scienceqa,elementary,middle,middle
train,13856,scienceqa,elementary,middle,middle
train,13857,scienceqa,elementary,middle,middle
train,13858,scienceqa,elementary,middle,middle
train,13859,scienceqa,elementary,middle,middle
train,13860,scienceqa,elementary,middle,middle
train,13861,scienceqa,elementary,middle,middle
train,13862,scienceqa,elementary,middle,middle
train,13863,scienceqa,elementary,middle,middle
train,13864,scienceqa,elementary,middle,middle
train,13865,scienceqa,elementary,middle,middle
train,13866,scienceqa,elementary,middle,middle
train,13867,scienceqa,elementary,middle,middle
train,13868,scienceqa,elementary,middle,middle
train,13869,scienceqa,elementary,middle,middle
train,13870,scienceqa,elementary,middle,middle
train,13871,scienceqa,elementary,middle,middle
train,13872,scienceqa,elementary,middle,middle
train,13873,scienceqa,elementary,middle,middle
train,13874,scienceqa,elementary,middle,middle
train,13875,scienceqa,elementary,middle,middle
train,13876,scienceqa,elementary,middle,middle
train,13877,scienceqa,elementary,middle,middle
train,13878,scienceqa,elementary,middle,middle
train,13879,scienceqa,elementary,middle,middle
train,13880,scienceqa,elementary,middle,middle
train,13881,scienceqa,elementary,middle,middle
train,13882,scienceqa,elementary,middle,middle
train,13883,scienceqa,elementary,middle,middle
train,13884,scienceqa,elementary,middle,middle
train,13885,scienceqa,elementary,middle,middle
train,13886,scienceqa,elementary,middle,middle
train,13887,scienceqa,elementary,middle,middle
train,13888,scienceqa,elementary,middle,middle
train,13889,scienceqa,elementary,middle,middle
train,13890,scienceqa,elementary,middle,middle
train,13891,scienceqa,elementary,middle,middle
train,13892,scienceqa,elementary,middle,middle
train,13893,scienceqa,elementary,middle,middle
train,13894,scienceqa,elementary,middle,middle
train,13895,scienceqa,elementary,middle,middle
train,13896,scienceqa,elementary,middle,middle
train,13897,scienceqa,elementary,middle,middle
train,13898,scienceqa,elementary,middle,middle
train,13899,scienceqa,elementary,middle,middle
train,13900,scienceqa,elementary,middle,middle
train,13901,scienceqa,elementary,middle,middle
train,13902,scienceqa,elementary,middle,middle
train,13903,scienceqa,elementary,middle,middle
train,13904,scienceqa,elementary,middle,middle
train,13905,scienceqa,elementary,middle,middle
train,13906,scienceqa,elementary,middle,middle
train,13907,scienceqa,elementary,middle,middle
train,13908,scienceqa,elementary,middle,middle
train,13909,scienceqa,elementary,middle,middle
train,13910,scienceqa,elementary,middle,middle
train,13911,scienceqa,elementary,middle,middle
train,13912,scienceqa,elementary,middle,middle
train,13913,scienceqa,elementary,middle,middle
train,13914,scienceqa,elementary,middle,middle
train,13915,scienceqa,elementary,middle,middle
train,13916,scienceqa,elementary,elementary,elementary
train,13917,scienceqa,elementary,middle,middle
train,13918,scienceqa,elementary,middle,middle
train,13919,scienceqa,elementary,middle,middle
train,13920,scienceqa,elementary,middle,middle
train,13921,scienceqa,elementary,middle,middle
train,13922,scienceqa,elementary,middle,middle
train,13923,scienceqa,elementary,middle,middle
train,13924,scienceqa,elementary,middle,middle
train,13925,scienceqa,elementary,middle,middle
train,13926,scienceqa,elementary,middle,middle
train,13927,scienceqa,elementary,middle,middle
train,13928,scienceqa,elementary,middle,middle
train,13929,scienceqa,elementary,middle,middle
train,13930,scienceqa,elementary,middle,middle
train,13931,scienceqa,elementary,middle,middle
train,13932,scienceqa,elementary,elementary,elementary
train,13933,scienceqa,elementary,middle,middle
train,13934,scienceqa,elementary,middle,middle
train,13935,scienceqa,elementary,middle,middle
train,13936,scienceqa,elementary,middle,middle
train,13937,scienceqa,elementary,middle,middle
train,13938,scienceqa,elementary,middle,middle
train,13939,scienceqa,elementary,middle,middle
train,13940,scienceqa,elementary,middle,middle
train,13941,scienceqa,elementary,middle,middle
train,13942,scienceqa,elementary,middle,middle
train,13943,scienceqa,elementary,middle,middle
train,13944,scienceqa,elementary,middle,middle
train,13945,scienceqa,elementary,middle,middle
train,13946,scienceqa,elementary,middle,middle
train,13947,scienceqa,elementary,middle,middle
train,13948,scienceqa,elementary,middle,middle
train,13949,scienceqa,elementary,middle,middle
train,13950,scienceqa,elementary,middle,middle
train,13951,scienceqa,elementary,middle,middle
train,13952,scienceqa,elementary,middle,middle
train,13953,scienceqa,elementary,middle,middle
train,13954,scienceqa,elementary,middle,middle
train,13955,scienceqa,elementary,middle,middle
train,13956,scienceqa,elementary,middle,middle
train,13957,scienceqa,elementary,middle,middle
train,13958,scienceqa,elementary,middle,middle
train,13959,scienceqa,elementary,middle,middle
train,13960,scienceqa,elementary,middle,middle
train,13961,scienceqa,elementary,middle,middle
train,13962,scienceqa,elementary,middle,middle
train,13963,scienceqa,elementary,middle,middle
train,13964,scienceqa,elementary,middle,middle
train,13965,scienceqa,elementary,middle,middle
train,13966,scienceqa,elementary,middle,middle
train,13967,scienceqa,elementary,middle,middle
train,13968,scienceqa,elementary,middle,middle
train,13969,scienceqa,elementary,middle,middle
train,13970,scienceqa,elementary,middle,middle
train,13971,scienceqa,elementary,middle,middle
train,13972,scienceqa,elementary,middle,middle
train,13973,scienceqa,elementary,middle,middle
train,13974,scienceqa,elementary,middle,middle
train,13975,scienceqa,elementary,middle,middle
train,13976,scienceqa,elementary,middle,middle
train,13977,scienceqa,elementary,middle,middle
train,13978,scienceqa,elementary,middle,middle
train,13979,scienceqa,elementary,middle,middle
train,13980,scienceqa,elementary,middle,middle
train,13981,scienceqa,elementary,middle,middle
train,13982,scienceqa,elementary,middle,middle
train,13983,scienceqa,elementary,middle,middle
train,13984,scienceqa,elementary,middle,middle
train,13985,scienceqa,elementary,middle,middle
train,13986,scienceqa,elementary,middle,middle
train,13987,scienceqa,elementary,middle,middle
train,13988,scienceqa,elementary,middle,middle
train,13989,scienceqa,elementary,middle,middle
train,13990,scienceqa,elementary,middle,middle
train,13991,scienceqa,elementary,middle,middle
train,13992,scienceqa,elementary,middle,middle
train,13993,scienceqa,elementary,middle,middle
train,13994,scienceqa,elementary,middle,middle
train,13995,scienceqa,elementary,middle,middle
train,13996,scienceqa,elementary,middle,middle
train,13997,scienceqa,elementary,middle,middle
train,13998,scienceqa,elementary,middle,middle
train,13999,scienceqa,elementary,middle,middle
train,14000,scienceqa,elementary,middle,middle
train,14001,scienceqa,elementary,middle,middle
train,14002,scienceqa,elementary,middle,middle
train,14003,scienceqa,elementary,middle,middle
train,14004,scienceqa,elementary,middle,middle
train,14005,scienceqa,elementary,elementary,elementary
train,14006,scienceqa,elementary,middle,middle
train,14007,scienceqa,elementary,middle,middle
train,14008,scienceqa,elementary,middle,middle
train,14009,scienceqa,elementary,middle,middle
train,14010,scienceqa,elementary,middle,middle
train,14011,scienceqa,elementary,middle,middle
train,14012,scienceqa,elementary,middle,middle
train,14013,scienceqa,elementary,middle,middle
train,14014,scienceqa,elementary,middle,middle
train,14015,scienceqa,elementary,middle,middle
train,14016,scienceqa,elementary,middle,middle
train,14017,scienceqa,elementary,middle,middle
train,14018,scienceqa,elementary,middle,middle
train,14019,scienceqa,elementary,middle,middle
train,14020,scienceqa,elementary,middle,middle
train,14021,scienceqa,elementary,middle,middle
train,14022,scienceqa,elementary,middle,middle
train,14023,scienceqa,elementary,middle,middle
train,14024,scienceqa,elementary,middle,middle
train,14025,scienceqa,elementary,middle,middle
train,14026,scienceqa,elementary,middle,middle
train,14027,scienceqa,elementary,middle,middle
train,14028,scienceqa,elementary,middle,middle
train,14029,scienceqa,elementary,middle,middle
train,14030,scienceqa,elementary,middle,middle
train,14031,scienceqa,elementary,middle,middle
train,14032,scienceqa,elementary,middle,middle
train,14033,scienceqa,elementary,middle,middle
train,14034,scienceqa,elementary,middle,middle
train,14035,scienceqa,elementary,middle,middle
train,14036,scienceqa,elementary,middle,middle
train,14037,scienceqa,elementary,middle,middle
train,14038,scienceqa,elementary,middle,middle
train,14039,scienceqa,elementary,middle,middle
train,14040,scienceqa,elementary,middle,middle
train,14041,scienceqa,elementary,middle,middle
train,14042,scienceqa,elementary,middle,middle
train,14043,scienceqa,elementary,middle,middle
train,14044,scienceqa,elementary,middle,middle
train,14045,scienceqa,elementary,middle,middle
train,14046,scienceqa,elementary,middle,middle
train,14047,scienceqa,elementary,middle,middle
train,14048,scienceqa,elementary,middle,middle
train,14049,scienceqa,elementary,middle,middle
train,14050,scienceqa,elementary,middle,middle
train,14051,scienceqa,elementary,middle,middle
train,14052,scienceqa,elementary,middle,middle
train,14053,scienceqa,elementary,middle,middle
train,14054,scienceqa,elementary,middle,middle
train,14055,scienceqa,elementary,middle,middle
train,14056,scienceqa,elementary,middle,middle
train,14057,scienceqa,elementary,middle,middle
train,14058,scienceqa,elementary,middle,middle
train,14059,scienceqa,elementary,middle,middle
train,14060,scienceqa,elementary,middle,middle
train,14061,scienceqa,elementary,middle,middle
train,14062,scienceqa,elementary,middle,middle
train,14063,scienceqa,elementary,middle,middle
train,14064,scienceqa,elementary,middle,middle
train,14065,scienceqa,elementary,middle,middle
train,14066,scienceqa,elementary,middle,middle
train,14067,scienceqa,elementary,middle,middle
train,14068,scienceqa,elementary,middle,middle
train,14069,scienceqa,elementary,middle,middle
train,14070,scienceqa,elementary,middle,middle
train,14071,scienceqa,elementary,middle,middle
train,14072,scienceqa,elementary,middle,middle
train,14073,scienceqa,elementary,middle,middle
train,14074,scienceqa,elementary,middle,middle
train,14075,scienceqa,elementary,middle,middle
train,14076,scienceqa,elementary,middle,middle
train,14077,scienceqa,elementary,middle,middle
train,14078,scienceqa,elementary,middle,middle
train,14079,scienceqa,elementary,middle,middle
train,14080,scienceqa,elementary,middle,middle
train,14081,scienceqa,elementary,middle,middle
train,14082,scienceqa,elementary,middle,middle
train,14083,scienceqa,elementary,middle,middle
train,14084,scienceqa,elementary,middle,middle
train,14085,scienceqa,elementary,middle,middle
train,14086,scienceqa,elementary,middle,middle
train,14087,scienceqa,elementary,middle,middle
train,14088,scienceqa,elementary,middle,middle
train,14089,scienceqa,elementary,middle,middle
train,14090,scienceqa,elementary,middle,middle
train,14091,scienceqa,elementary,middle,middle
train,14092,scienceqa,elementary,elementary,elementary
train,14093,scienceqa,elementary,middle,middle
train,14094,scienceqa,elementary,middle,middle
train,14095,scienceqa,elementary,middle,middle
train,14096,scienceqa,elementary,middle,middle
train,14097,scienceqa,elementary,middle,middle
train,14098,scienceqa,elementary,middle,middle
train,14099,scienceqa,elementary,middle,middle
train,14100,scienceqa,elementary,middle,middle
train,14101,scienceqa,elementary,middle,middle
train,14102,scienceqa,elementary,middle,middle
train,14103,scienceqa,elementary,middle,middle
train,14104,scienceqa,elementary,middle,middle
train,14105,scienceqa,elementary,middle,middle
train,14106,scienceqa,elementary,middle,middle
train,14107,scienceqa,elementary,middle,middle
train,14108,scienceqa,elementary,middle,middle
train,14109,scienceqa,elementary,middle,middle
train,14110,scienceqa,elementary,middle,middle
train,14111,scienceqa,elementary,middle,middle
train,14112,scienceqa,elementary,elementary,elementary
train,14113,scienceqa,elementary,middle,middle
train,14114,scienceqa,elementary,middle,middle
train,14115,scienceqa,elementary,middle,middle
train,14116,scienceqa,elementary,middle,middle
train,14117,scienceqa,elementary,middle,middle
train,14118,scienceqa,elementary,middle,middle
train,14119,scienceqa,elementary,middle,middle
train,14120,scienceqa,elementary,middle,middle
train,14121,scienceqa,elementary,middle,middle
train,14122,scienceqa,elementary,middle,middle
train,14123,scienceqa,elementary,middle,middle
train,14124,scienceqa,elementary,middle,middle
train,14125,scienceqa,elementary,middle,middle
train,14126,scienceqa,elementary,middle,middle
train,14127,scienceqa,elementary,middle,middle
train,14128,scienceqa,elementary,middle,middle
train,14129,scienceqa,elementary,middle,middle
train,14130,scienceqa,elementary,middle,middle
train,14131,scienceqa,elementary,middle,middle
train,14132,scienceqa,elementary,middle,middle
train,14133,scienceqa,elementary,middle,middle
train,14134,scienceqa,elementary,middle,middle
train,14135,scienceqa,elementary,middle,middle
train,14136,scienceqa,elementary,middle,middle
train,14137,scienceqa,elementary,middle,middle
train,14138,scienceqa,elementary,middle,middle
train,14139,scienceqa,elementary,middle,middle
train,14140,scienceqa,elementary,middle,middle
train,14141,scienceqa,elementary,middle,middle
train,14142,scienceqa,elementary,middle,middle
train,14143,scienceqa,elementary,middle,middle
train,14144,scienceqa,elementary,middle,middle
train,14145,scienceqa,elementary,middle,middle
train,14146,scienceqa,elementary,middle,middle
train,14147,scienceqa,elementary,middle,middle
train,14148,scienceqa,elementary,middle,middle
train,14149,scienceqa,elementary,middle,middle
train,14150,scienceqa,elementary,middle,middle
train,14151,scienceqa,elementary,middle,middle
train,14152,scienceqa,elementary,middle,middle
train,14153,scienceqa,elementary,middle,middle
train,14154,scienceqa,elementary,middle,middle
train,14155,scienceqa,elementary,middle,middle
train,14156,scienceqa,elementary,elementary,elementary
train,14157,scienceqa,elementary,middle,middle
train,14158,scienceqa,elementary,middle,middle
train,14159,scienceqa,elementary,middle,middle
train,14160,scienceqa,elementary,middle,middle
train,14161,scienceqa,elementary,middle,middle
train,14162,scienceqa,elementary,middle,middle
train,14163,scienceqa,elementary,middle,middle
train,14164,scienceqa,elementary,middle,middle
train,14165,scienceqa,elementary,middle,middle
train,14166,scienceqa,elementary,middle,middle
train,14167,scienceqa,elementary,middle,middle
train,14168,scienceqa,elementary,middle,middle
train,14169,scienceqa,elementary,middle,middle
train,14170,scienceqa,elementary,middle,middle
train,14171,scienceqa,elementary,middle,middle
train,14172,scienceqa,elementary,middle,middle
train,14173,scienceqa,elementary,middle,middle
train,14174,scienceqa,elementary,middle,middle
train,14175,scienceqa,elementary,middle,middle
train,14176,scienceqa,elementary,middle,middle
train,14177,scienceqa,elementary,middle,middle
train,14178,scienceqa,elementary,middle,middle
train,14179,scienceqa,elementary,middle,middle
train,14180,scienceqa,elementary,middle,middle
train,14181,scienceqa,elementary,middle,middle
train,14182,scienceqa,elementary,middle,middle
train,14183,scienceqa,elementary,middle,middle
train,14184,scienceqa,elementary,middle,middle
train,14185,scienceqa,elementary,middle,middle
train,14186,scienceqa,elementary,middle,middle
train,14187,scienceqa,elementary,middle,middle
train,14188,scienceqa,elementary,middle,middle
train,14189,scienceqa,elementary,middle,middle
train,14190,scienceqa,elementary,middle,middle
train,14191,scienceqa,elementary,middle,middle
train,14192,scienceqa,elementary,middle,middle
train,14193,scienceqa,elementary,middle,middle
train,14194,scienceqa,elementary,middle,middle
train,14195,scienceqa,elementary,middle,middle
train,14196,scienceqa,elementary,middle,middle
train,14197,scienceqa,elementary,middle,middle
train,14198,scienceqa,elementary,middle,middle
train,14199,scienceqa,elementary,middle,middle
train,14200,scienceqa,elementary,middle,middle
train,14201,scienceqa,elementary,middle,middle
train,14202,scienceqa,elementary,middle,middle
train,14203,scienceqa,elementary,middle,middle
train,14204,scienceqa,elementary,middle,middle
train,14205,scienceqa,elementary,middle,middle
train,14206,scienceqa,elementary,middle,middle
train,14207,scienceqa,elementary,middle,middle
train,14208,scienceqa,elementary,middle,middle
train,14209,scienceqa,elementary,middle,middle
train,14210,scienceqa,elementary,middle,middle
train,14211,scienceqa,elementary,middle,middle
train,14212,scienceqa,elementary,middle,middle
train,14213,scienceqa,elementary,elementary,elementary
train,14214,scienceqa,elementary,middle,middle
train,14215,scienceqa,elementary,middle,middle
train,14216,scienceqa,elementary,middle,middle
train,14217,scienceqa,elementary,middle,middle
train,14218,scienceqa,elementary,middle,middle
train,14219,scienceqa,elementary,middle,middle
train,14220,scienceqa,elementary,middle,middle
train,14221,scienceqa,elementary,middle,middle
train,14222,scienceqa,elementary,middle,middle
train,14223,scienceqa,elementary,middle,middle
train,14224,scienceqa,elementary,middle,middle
train,14225,scienceqa,elementary,middle,middle
train,14226,scienceqa,elementary,middle,middle
train,14227,scienceqa,elementary,middle,middle
train,14228,scienceqa,elementary,elementary,elementary
train,14229,scienceqa,elementary,middle,middle
train,14230,scienceqa,elementary,middle,middle
train,14231,scienceqa,elementary,middle,middle
train,14232,scienceqa,elementary,middle,middle
train,14233,scienceqa,elementary,middle,middle
train,14234,scienceqa,elementary,middle,middle
train,14235,scienceqa,elementary,middle,middle
train,14236,scienceqa,elementary,middle,middle
train,14237,scienceqa,elementary,middle,middle
train,14238,scienceqa,elementary,middle,middle
train,14239,scienceqa,elementary,middle,middle
train,14240,scienceqa,elementary,middle,middle
train,14241,scienceqa,elementary,middle,middle
train,14242,scienceqa,elementary,middle,middle
train,14243,scienceqa,elementary,middle,middle
train,14244,scienceqa,elementary,middle,middle
train,14245,scienceqa,elementary,middle,middle
train,14246,scienceqa,elementary,middle,middle
train,14247,scienceqa,elementary,middle,middle
train,14248,scienceqa,elementary,middle,middle
train,14249,scienceqa,elementary,middle,middle
train,14250,scienceqa,elementary,middle,middle
train,14251,scienceqa,elementary,middle,middle
train,14252,scienceqa,elementary,elementary,elementary
train,14253,scienceqa,elementary,middle,middle
train,14254,scienceqa,elementary,middle,middle
train,14255,scienceqa,elementary,middle,middle
train,14256,scienceqa,elementary,middle,middle
train,14257,scienceqa,elementary,middle,middle
train,14258,scienceqa,elementary,middle,middle
train,14259,scienceqa,elementary,middle,middle
train,14260,scienceqa,elementary,middle,middle
train,14261,scienceqa,elementary,middle,middle
train,14262,scienceqa,elementary,middle,middle
train,14263,scienceqa,elementary,middle,middle
train,14264,scienceqa,elementary,middle,middle
train,14265,scienceqa,elementary,middle,middle
train,14266,scienceqa,elementary,middle,middle
train,14267,scienceqa,elementary,middle,middle
train,14268,scienceqa,elementary,middle,middle
train,14269,scienceqa,elementary,middle,middle
train,14270,scienceqa,elementary,middle,middle
train,14271,scienceqa,elementary,middle,middle
train,14272,scienceqa,elementary,middle,middle
train,14273,scienceqa,elementary,middle,middle
train,14274,scienceqa,elementary,middle,middle
train,14275,scienceqa,elementary,middle,middle
train,14276,scienceqa,elementary,middle,middle
train,14277,scienceqa,elementary,middle,middle
train,14278,scienceqa,elementary,middle,middle
train,14279,scienceqa,elementary,middle,middle
train,14280,scienceqa,elementary,middle,middle
train,14281,scienceqa,elementary,middle,middle
train,14282,scienceqa,elementary,middle,middle
train,14283,scienceqa,elementary,middle,middle
train,14284,scienceqa,elementary,middle,middle
train,14285,scienceqa,elementary,middle,middle
train,14286,scienceqa,elementary,middle,middle
train,14287,scienceqa,elementary,elementary,elementary
train,14288,scienceqa,elementary,middle,middle
train,14289,scienceqa,elementary,middle,middle
train,14290,scienceqa,elementary,middle,middle
train,14291,scienceqa,elementary,middle,middle
train,14292,scienceqa,elementary,middle,middle
train,14293,scienceqa,elementary,middle,middle
train,14294,scienceqa,elementary,middle,middle
train,14295,scienceqa,elementary,middle,middle
train,14296,scienceqa,elementary,middle,middle
train,14297,scienceqa,elementary,middle,middle
train,14298,scienceqa,elementary,middle,middle
train,14299,scienceqa,elementary,middle,middle
train,14300,scienceqa,elementary,middle,middle
train,14301,scienceqa,elementary,middle,middle
train,14302,scienceqa,elementary,middle,middle
train,14303,scienceqa,elementary,middle,middle
train,14304,scienceqa,elementary,middle,middle
train,14305,scienceqa,elementary,middle,middle
train,14306,scienceqa,elementary,middle,middle
train,14307,scienceqa,elementary,middle,middle
train,14308,scienceqa,elementary,middle,middle
train,14309,scienceqa,elementary,middle,middle
train,14310,scienceqa,elementary,middle,middle
train,14311,scienceqa,elementary,middle,middle
train,14312,scienceqa,elementary,middle,middle
train,14313,scienceqa,elementary,middle,middle
train,14314,scienceqa,elementary,middle,middle
train,14315,scienceqa,elementary,middle,middle
train,14316,scienceqa,elementary,middle,middle
train,14317,scienceqa,elementary,middle,middle
train,14318,scienceqa,elementary,middle,middle
train,14319,scienceqa,elementary,middle,middle
train,14320,scienceqa,elementary,middle,middle
train,14321,scienceqa,elementary,middle,middle
train,14322,scienceqa,elementary,middle,middle
train,14323,scienceqa,elementary,middle,middle
train,14324,scienceqa,elementary,middle,middle
train,14325,scienceqa,elementary,middle,middle
train,14326,scienceqa,elementary,middle,middle
train,14327,scienceqa,elementary,middle,middle
train,14328,scienceqa,elementary,middle,middle
train,14329,scienceqa,elementary,middle,middle
train,14330,scienceqa,elementary,middle,middle
train,14331,scienceqa,elementary,middle,middle
train,14332,scienceqa,elementary,middle,middle
train,14333,scienceqa,elementary,middle,middle
train,14334,scienceqa,elementary,middle,middle
train,14335,scienceqa,elementary,middle,middle
train,14336,scienceqa,elementary,middle,middle
train,14337,scienceqa,elementary,middle,middle
train,14338,scienceqa,elementary,middle,middle
train,14339,scienceqa,elementary,middle,middle
train,14340,scienceqa,elementary,middle,middle
train,14341,scienceqa,elementary,middle,middle
train,14342,scienceqa,elementary,middle,middle
train,14343,scienceqa,elementary,middle,middle
train,14344,scienceqa,elementary,middle,middle
train,14345,scienceqa,elementary,middle,middle
train,14346,scienceqa,elementary,middle,middle
train,14347,scienceqa,elementary,middle,middle
train,14348,scienceqa,elementary,middle,middle
train,14349,scienceqa,elementary,middle,middle
train,14350,scienceqa,elementary,middle,middle
train,14351,scienceqa,elementary,middle,middle
train,14352,scienceqa,elementary,middle,middle
train,14353,scienceqa,elementary,middle,middle
train,14354,scienceqa,elementary,middle,middle
train,14355,scienceqa,elementary,middle,middle
train,14356,scienceqa,elementary,middle,middle
train,14357,scienceqa,elementary,middle,middle
train,14358,scienceqa,elementary,middle,middle
train,14359,scienceqa,elementary,middle,middle
train,14360,scienceqa,elementary,middle,middle
train,14361,scienceqa,elementary,middle,middle
train,14362,scienceqa,elementary,middle,middle
train,14363,scienceqa,elementary,middle,middle
train,14364,scienceqa,elementary,middle,middle
train,14365,scienceqa,elementary,middle,middle
train,14366,scienceqa,elementary,middle,middle
train,14367,scienceqa,elementary,middle,middle
train,14368,scienceqa,elementary,middle,middle
train,14369,scienceqa,elementary,middle,middle
train,14370,scienceqa,elementary,middle,middle
train,14371,scienceqa,elementary,middle,middle
train,14372,scienceqa,elementary,middle,middle
train,14373,scienceqa,elementary,middle,middle
train,14374,scienceqa,elementary,middle,middle
train,14375,scienceqa,elementary,middle,middle
train,14376,scienceqa,elementary,middle,middle
train,14377,scienceqa,elementary,middle,middle
train,14378,scienceqa,elementary,middle,middle
train,14379,scienceqa,elementary,middle,middle
train,14380,scienceqa,elementary,middle,middle
train,14381,scienceqa,elementary,middle,middle
train,14382,scienceqa,elementary,middle,middle
train,14383,scienceqa,elementary,middle,middle
train,14384,scienceqa,elementary,middle,middle
train,14385,scienceqa,elementary,middle,middle
train,14386,scienceqa,elementary,middle,middle
train,14387,scienceqa,elementary,middle,middle
train,14388,scienceqa,elementary,middle,middle
train,14389,scienceqa,elementary,middle,middle
train,14390,scienceqa,elementary,middle,middle
train,14391,scienceqa,elementary,middle,middle
train,14392,scienceqa,elementary,middle,middle
train,14393,scienceqa,elementary,middle,middle
train,14394,scienceqa,elementary,middle,middle
train,14395,scienceqa,elementary,middle,middle
train,14396,scienceqa,elementary,middle,middle
train,14397,scienceqa,elementary,middle,middle
train,14398,scienceqa,elementary,middle,middle
train,14399,scienceqa,elementary,middle,middle
train,14400,scienceqa,elementary,middle,middle
train,14401,scienceqa,elementary,middle,middle
train,14402,scienceqa,elementary,middle,middle
train,14403,scienceqa,elementary,middle,middle
train,14404,scienceqa,elementary,middle,middle
train,14405,scienceqa,elementary,middle,middle
train,14406,scienceqa,elementary,middle,middle
train,14407,scienceqa,elementary,middle,middle
train,14408,scienceqa,elementary,middle,middle
train,14409,scienceqa,elementary,middle,middle
train,14410,scienceqa,elementary,middle,middle
train,14411,scienceqa,elementary,middle,middle
train,14412,scienceqa,elementary,middle,middle
train,14413,scienceqa,elementary,middle,middle
train,14414,scienceqa,elementary,middle,middle
train,14415,scienceqa,elementary,middle,middle
train,14416,scienceqa,elementary,middle,middle
train,14417,scienceqa,elementary,middle,middle
train,14418,scienceqa,elementary,middle,middle
train,14419,scienceqa,elementary,middle,middle
train,14420,scienceqa,elementary,middle,middle
train,14421,scienceqa,elementary,middle,middle
train,14422,scienceqa,elementary,middle,middle
train,14423,scienceqa,elementary,middle,middle
train,14424,scienceqa,elementary,middle,middle
train,14425,scienceqa,elementary,middle,middle
train,14426,scienceqa,elementary,middle,middle
train,14427,scienceqa,elementary,middle,middle
train,14428,scienceqa,elementary,middle,middle
train,14429,scienceqa,elementary,middle,middle
train,14430,scienceqa,elementary,middle,middle
train,14431,scienceqa,elementary,middle,middle
train,14432,scienceqa,elementary,middle,middle
train,14433,scienceqa,elementary,middle,middle
train,14434,scienceqa,elementary,middle,middle
train,14435,scienceqa,elementary,middle,middle
train,14436,scienceqa,elementary,middle,middle
train,14437,scienceqa,elementary,middle,middle
train,14438,scienceqa,elementary,middle,middle
train,14439,scienceqa,elementary,elementary,elementary
train,14440,scienceqa,elementary,middle,middle
train,14441,scienceqa,elementary,middle,middle
train,14442,scienceqa,elementary,middle,middle
train,14443,scienceqa,elementary,middle,middle
train,14444,scienceqa,elementary,middle,middle
train,14445,scienceqa,elementary,middle,middle
train,14446,scienceqa,elementary,middle,middle
train,14447,scienceqa,elementary,middle,middle
train,14448,scienceqa,elementary,middle,middle
train,14449,scienceqa,elementary,middle,middle
train,14450,scienceqa,elementary,middle,middle
train,14451,scienceqa,elementary,middle,middle
train,14452,scienceqa,elementary,middle,middle
train,14453,scienceqa,elementary,middle,middle
train,14454,scienceqa,elementary,middle,middle
train,14455,scienceqa,elementary,middle,middle
train,14456,scienceqa,elementary,middle,middle
train,14457,scienceqa,elementary,middle,middle
train,14458,scienceqa,elementary,middle,middle
train,14459,scienceqa,elementary,middle,middle
train,14460,scienceqa,elementary,middle,middle
train,14461,scienceqa,elementary,middle,middle
train,14462,scienceqa,elementary,middle,middle
train,14463,scienceqa,elementary,middle,middle
train,14464,scienceqa,elementary,middle,middle
train,14465,scienceqa,elementary,middle,middle
train,14466,scienceqa,elementary,middle,middle
train,14467,scienceqa,elementary,middle,middle
train,14468,scienceqa,elementary,middle,middle
train,14469,scienceqa,elementary,middle,middle
train,14470,scienceqa,elementary,middle,middle
train,14471,scienceqa,elementary,elementary,elementary
train,14472,scienceqa,elementary,middle,middle
train,14473,scienceqa,elementary,middle,middle
train,14474,scienceqa,elementary,middle,middle
train,14475,scienceqa,elementary,middle,middle
train,14476,scienceqa,elementary,middle,middle
train,14477,scienceqa,elementary,middle,middle
train,14478,scienceqa,elementary,middle,middle
train,14479,scienceqa,elementary,middle,middle
train,14480,scienceqa,elementary,middle,middle
train,14481,scienceqa,elementary,middle,middle
train,14482,scienceqa,elementary,middle,middle
train,14483,scienceqa,elementary,middle,middle
train,14484,scienceqa,elementary,middle,middle
train,14485,scienceqa,elementary,elementary,elementary
train,14486,scienceqa,elementary,middle,middle
train,14487,scienceqa,elementary,middle,middle
train,14488,scienceqa,elementary,elementary,elementary
train,14489,scienceqa,elementary,middle,middle
train,14490,scienceqa,elementary,middle,middle
train,14491,scienceqa,elementary,middle,middle
train,14492,scienceqa,elementary,middle,middle
train,14493,scienceqa,elementary,middle,middle
train,14494,scienceqa,elementary,middle,middle
train,14495,scienceqa,elementary,middle,middle
train,14496,scienceqa,elementary,middle,middle
train,14497,scienceqa,elementary,middle,middle
train,14498,scienceqa,elementary,middle,middle
train,14499,scienceqa,elementary,middle,middle
train,14500,scienceqa,elementary,middle,middle
train,14501,scienceqa,elementary,middle,middle
train,14502,scienceqa,elementary,middle,middle
train,14503,scienceqa,elementary,middle,middle
train,14504,scienceqa,elementary,middle,middle
train,14505,scienceqa,elementary,middle,middle
train,14506,scienceqa,elementary,middle,middle
train,14507,scienceqa,elementary,middle,middle
train,14508,scienceqa,elementary,middle,middle
train,14509,scienceqa,elementary,middle,middle
train,14510,scienceqa,elementary,middle,middle
train,14511,scienceqa,elementary,middle,middle
train,14512,scienceqa,elementary,middle,middle
train,14513,scienceqa,elementary,middle,middle
train,14514,scienceqa,elementary,middle,middle
train,14515,scienceqa,elementary,middle,middle
train,14516,scienceqa,elementary,middle,middle
train,14517,scienceqa,elementary,middle,middle
train,14518,scienceqa,elementary,middle,middle
train,14519,scienceqa,elementary,middle,middle
train,14520,scienceqa,elementary,middle,middle
train,14521,scienceqa,elementary,middle,middle
train,14522,scienceqa,elementary,middle,middle
train,14523,scienceqa,elementary,middle,middle
train,14524,scienceqa,elementary,middle,middle
train,14525,scienceqa,elementary,middle,middle
train,14526,scienceqa,elementary,middle,middle
train,14527,scienceqa,elementary,middle,middle
train,14528,scienceqa,elementary,middle,middle
train,14529,scienceqa,elementary,elementary,elementary
train,14530,scienceqa,elementary,middle,middle
train,14531,scienceqa,elementary,middle,middle
train,14532,scienceqa,elementary,middle,middle
train,14533,scienceqa,elementary,middle,middle
train,14534,scienceqa,elementary,middle,middle
train,14535,scienceqa,elementary,middle,middle
train,14536,scienceqa,elementary,middle,middle
train,14537,scienceqa,elementary,middle,middle
train,14538,scienceqa,elementary,middle,middle
train,14539,scienceqa,elementary,middle,middle
train,14540,scienceqa,elementary,middle,middle
train,14541,scienceqa,elementary,middle,middle
train,14542,scienceqa,elementary,middle,middle
train,14543,scienceqa,elementary,middle,middle
train,14544,scienceqa,elementary,middle,middle
train,14545,scienceqa,elementary,middle,middle
train,14546,scienceqa,elementary,middle,middle
train,14547,scienceqa,elementary,middle,middle
train,14548,scienceqa,elementary,middle,middle
train,14549,scienceqa,elementary,middle,middle
train,14550,scienceqa,elementary,middle,middle
train,14551,scienceqa,elementary,middle,middle
train,14552,scienceqa,elementary,elementary,elementary
train,14553,scienceqa,elementary,middle,middle
train,14554,scienceqa,elementary,middle,middle
train,14555,scienceqa,elementary,middle,middle
train,14556,scienceqa,elementary,middle,middle
train,14557,scienceqa,elementary,middle,middle
train,14558,scienceqa,elementary,middle,middle
train,14559,scienceqa,elementary,middle,middle
train,14560,scienceqa,elementary,middle,middle
train,14561,scienceqa,elementary,middle,middle
train,14562,scienceqa,elementary,middle,middle
train,14563,scienceqa,elementary,middle,middle
train,14564,scienceqa,elementary,middle,middle
train,14565,scienceqa,elementary,middle,middle
train,14566,scienceqa,elementary,middle,middle
train,14567,scienceqa,elementary,middle,middle
train,14568,scienceqa,elementary,middle,middle
train,14569,scienceqa,elementary,elementary,elementary
train,14570,scienceqa,elementary,middle,middle
train,14571,scienceqa,elementary,middle,middle
train,14572,scienceqa,elementary,middle,middle
train,14573,scienceqa,elementary,middle,middle
train,14574,scienceqa,elementary,middle,middle
train,14575,scienceqa,elementary,middle,middle
train,14576,scienceqa,elementary,middle,middle
train,14577,scienceqa,elementary,middle,middle
train,14578,scienceqa,elementary,middle,middle
train,14579,scienceqa,elementary,middle,middle
train,14580,scienceqa,elementary,middle,middle
train,14581,scienceqa,elementary,middle,middle
train,14582,scienceqa,elementary,middle,middle
train,14583,scienceqa,elementary,middle,middle
train,14584,scienceqa,elementary,middle,middle
train,14585,scienceqa,elementary,middle,middle
train,14586,scienceqa,elementary,middle,middle
train,14587,scienceqa,elementary,middle,middle
train,14588,scienceqa,elementary,middle,middle
train,14589,scienceqa,elementary,middle,middle
train,14590,scienceqa,elementary,middle,middle
train,14591,scienceqa,elementary,middle,middle
train,14592,scienceqa,elementary,middle,middle
train,14593,scienceqa,elementary,middle,middle
train,14594,scienceqa,elementary,middle,middle
train,14595,scienceqa,elementary,middle,middle
train,14596,scienceqa,elementary,middle,middle
train,14597,scienceqa,elementary,middle,middle
train,14598,scienceqa,elementary,middle,middle
train,14599,scienceqa,elementary,middle,middle
train,14600,scienceqa,elementary,middle,middle
train,14601,scienceqa,elementary,middle,middle
train,14602,scienceqa,elementary,middle,middle
train,14603,scienceqa,elementary,middle,middle
train,14604,scienceqa,elementary,middle,middle
train,14605,scienceqa,elementary,middle,middle
train,14606,scienceqa,elementary,middle,middle
train,14607,scienceqa,elementary,middle,middle
train,14608,scienceqa,elementary,middle,middle
train,14609,scienceqa,elementary,middle,middle
train,14610,scienceqa,elementary,middle,middle
train,14611,scienceqa,elementary,middle,middle
train,14612,scienceqa,elementary,middle,middle
train,14613,scienceqa,elementary,middle,middle
train,14614,scienceqa,elementary,middle,middle
train,14615,scienceqa,elementary,middle,middle
train,14616,scienceqa,elementary,middle,middle
train,14617,scienceqa,elementary,middle,middle
train,14618,scienceqa,elementary,middle,middle
train,14619,scienceqa,elementary,middle,middle
train,14620,scienceqa,elementary,middle,middle
train,14621,scienceqa,elementary,middle,middle
train,14622,scienceqa,elementary,middle,middle
train,14623,scienceqa,elementary,elementary,elementary
train,14624,scienceqa,elementary,middle,middle
train,14625,scienceqa,elementary,middle,middle
train,14626,scienceqa,elementary,middle,middle
train,14627,scienceqa,elementary,middle,middle
train,14628,scienceqa,elementary,middle,middle
train,14629,scienceqa,elementary,middle,middle
train,14630,scienceqa,elementary,middle,middle
train,14631,scienceqa,elementary,middle,middle
train,14632,scienceqa,elementary,middle,middle
train,14633,scienceqa,elementary,middle,middle
train,14634,scienceqa,elementary,middle,middle
train,14635,scienceqa,elementary,middle,middle
train,14636,scienceqa,elementary,middle,middle
train,14637,scienceqa,elementary,middle,middle
train,14638,scienceqa,elementary,middle,middle
train,14639,scienceqa,elementary,middle,middle
train,14640,scienceqa,elementary,middle,middle
train,14641,scienceqa,elementary,middle,middle
train,14642,scienceqa,elementary,middle,middle
train,14643,scienceqa,elementary,middle,middle
train,14644,scienceqa,elementary,middle,middle
train,14645,scienceqa,elementary,middle,middle
train,14646,scienceqa,elementary,middle,middle
train,14647,scienceqa,elementary,middle,middle
train,14648,scienceqa,elementary,middle,middle
train,14649,scienceqa,elementary,middle,middle
train,14650,scienceqa,elementary,middle,middle
train,14651,scienceqa,elementary,middle,middle
train,14652,scienceqa,elementary,middle,middle
train,14653,scienceqa,elementary,middle,middle
train,14654,scienceqa,elementary,middle,middle
train,14655,scienceqa,elementary,middle,middle
train,14656,scienceqa,elementary,middle,middle
train,14657,scienceqa,elementary,middle,middle
train,14658,scienceqa,elementary,middle,middle
train,14659,scienceqa,elementary,middle,middle
train,14660,scienceqa,elementary,middle,middle
train,14661,scienceqa,elementary,middle,middle
train,14662,scienceqa,elementary,middle,middle
train,14663,scienceqa,elementary,elementary,elementary
train,14664,scienceqa,elementary,middle,middle
train,14665,scienceqa,elementary,middle,middle
train,14666,scienceqa,elementary,middle,middle
train,14667,scienceqa,elementary,middle,middle
train,14668,scienceqa,elementary,middle,middle
train,14669,scienceqa,elementary,middle,middle
train,14670,scienceqa,elementary,middle,middle
train,14671,scienceqa,elementary,middle,middle
train,14672,scienceqa,elementary,middle,middle
train,14673,scienceqa,elementary,middle,middle
train,14674,scienceqa,elementary,middle,middle
train,14675,scienceqa,elementary,middle,middle
train,14676,scienceqa,elementary,middle,middle
train,14677,scienceqa,elementary,middle,middle
train,14678,scienceqa,elementary,middle,middle
train,14679,scienceqa,elementary,middle,middle
train,14680,scienceqa,elementary,middle,middle
train,14681,scienceqa,elementary,middle,middle
train,14682,scienceqa,elementary,middle,middle
train,14683,scienceqa,elementary,middle,middle
train,14684,scienceqa,elementary,middle,middle
train,14685,scienceqa,elementary,middle,middle
train,14686,scienceqa,elementary,middle,middle
train,14687,scienceqa,elementary,middle,middle
train,14688,scienceqa,elementary,middle,middle
train,14689,scienceqa,elementary,middle,middle
train,14690,scienceqa,elementary,middle,middle
train,14691,scienceqa,elementary,middle,middle
train,14692,scienceqa,elementary,middle,middle
train,14693,scienceqa,elementary,middle,middle
train,14694,scienceqa,elementary,middle,middle
train,14695,scienceqa,elementary,middle,middle
train,14696,scienceqa,elementary,middle,middle
train,14697,scienceqa,elementary,middle,middle
train,14698,scienceqa,elementary,middle,middle
train,14699,scienceqa,elementary,middle,middle
train,14700,scienceqa,elementary,middle,middle
train,14701,scienceqa,elementary,middle,middle
train,14702,scienceqa,elementary,middle,middle
train,14703,scienceqa,elementary,middle,middle
train,14704,scienceqa,elementary,middle,middle
train,14705,scienceqa,elementary,middle,middle
train,14706,scienceqa,elementary,middle,middle
train,14707,scienceqa,elementary,middle,middle
train,14708,scienceqa,elementary,middle,middle
train,14709,scienceqa,elementary,middle,middle
train,14710,scienceqa,elementary,middle,middle
train,14711,scienceqa,elementary,middle,middle
train,14712,scienceqa,elementary,middle,middle
train,14713,scienceqa,elementary,middle,middle
train,14714,scienceqa,elementary,middle,middle
train,14715,scienceqa,elementary,middle,middle
train,14716,scienceqa,elementary,middle,middle
train,14717,scienceqa,elementary,middle,middle
train,14718,scienceqa,elementary,middle,middle
train,14719,scienceqa,elementary,middle,middle
train,14720,scienceqa,elementary,middle,middle
train,14721,scienceqa,elementary,middle,middle
train,14722,scienceqa,elementary,middle,middle
train,14723,scienceqa,elementary,middle,middle
train,14724,scienceqa,elementary,middle,middle
train,14725,scienceqa,elementary,middle,middle
train,14726,scienceqa,elementary,middle,middle
train,14727,scienceqa,elementary,middle,middle
train,14728,scienceqa,elementary,middle,middle
train,14729,scienceqa,elementary,middle,middle
train,14730,scienceqa,elementary,middle,middle
train,14731,scienceqa,elementary,middle,middle
train,14732,scienceqa,elementary,middle,middle
train,14733,scienceqa,elementary,middle,middle
train,14734,scienceqa,elementary,middle,middle
train,14735,scienceqa,elementary,middle,middle
train,14736,scienceqa,elementary,middle,middle
train,14737,scienceqa,elementary,middle,middle
train,14738,scienceqa,elementary,middle,middle
train,14739,scienceqa,elementary,middle,middle
train,14740,scienceqa,elementary,middle,middle
train,14741,scienceqa,elementary,middle,middle
train,14742,scienceqa,elementary,middle,middle
train,14743,scienceqa,elementary,middle,middle
train,14744,scienceqa,elementary,middle,middle
train,14745,scienceqa,elementary,middle,middle
train,14746,scienceqa,elementary,middle,middle
train,14747,scienceqa,elementary,middle,middle
train,14748,scienceqa,elementary,middle,middle
train,14749,scienceqa,elementary,middle,middle
train,14750,scienceqa,elementary,middle,middle
train,14751,scienceqa,elementary,middle,middle
train,14752,scienceqa,elementary,middle,middle
train,14753,scienceqa,elementary,middle,middle
train,14754,scienceqa,elementary,middle,middle
train,14755,scienceqa,elementary,elementary,elementary
train,14756,scienceqa,elementary,middle,middle
train,14757,scienceqa,elementary,elementary,elementary
train,14758,scienceqa,elementary,middle,middle
train,14759,scienceqa,elementary,middle,middle
train,14760,scienceqa,elementary,middle,middle
train,14761,scienceqa,elementary,middle,middle
train,14762,scienceqa,elementary,middle,middle
train,14763,scienceqa,elementary,middle,middle
train,14764,scienceqa,elementary,middle,middle
train,14765,scienceqa,elementary,middle,middle
train,14766,scienceqa,elementary,middle,middle
train,14767,scienceqa,elementary,middle,middle
train,14768,scienceqa,elementary,middle,middle
train,14769,scienceqa,elementary,middle,middle
train,14770,scienceqa,elementary,middle,middle
train,14771,scienceqa,elementary,middle,middle
train,14772,scienceqa,elementary,middle,middle
train,14773,scienceqa,elementary,middle,middle
train,14774,scienceqa,elementary,middle,middle
train,14775,scienceqa,elementary,middle,middle
train,14776,scienceqa,elementary,middle,middle
train,14777,scienceqa,elementary,middle,middle
train,14778,scienceqa,elementary,middle,middle
train,14779,scienceqa,elementary,middle,middle
train,14780,scienceqa,elementary,middle,middle
train,14781,scienceqa,elementary,middle,middle
train,14782,scienceqa,elementary,middle,middle
train,14783,scienceqa,elementary,middle,middle
train,14784,scienceqa,elementary,middle,middle
train,14785,scienceqa,elementary,middle,middle
train,14786,scienceqa,elementary,middle,middle
train,14787,scienceqa,elementary,middle,middle
train,14788,scienceqa,elementary,middle,middle
train,14789,scienceqa,elementary,middle,middle
train,14790,scienceqa,elementary,middle,middle
train,14791,scienceqa,elementary,middle,middle
train,14792,scienceqa,elementary,middle,middle
train,14793,scienceqa,elementary,middle,middle
train,14794,scienceqa,elementary,middle,middle
train,14795,scienceqa,elementary,elementary,elementary
train,14796,scienceqa,elementary,middle,middle
train,14797,scienceqa,elementary,middle,middle
train,14798,scienceqa,elementary,middle,middle
train,14799,scienceqa,elementary,middle,middle
train,14800,scienceqa,elementary,middle,middle
train,14801,scienceqa,elementary,middle,middle
train,14802,scienceqa,elementary,middle,middle
train,14803,scienceqa,elementary,middle,middle
train,14804,scienceqa,elementary,middle,middle
train,14805,scienceqa,elementary,middle,middle
train,14806,scienceqa,elementary,middle,middle
train,14807,scienceqa,elementary,middle,middle
train,14808,scienceqa,elementary,middle,middle
train,14809,scienceqa,elementary,middle,middle
train,14810,scienceqa,elementary,middle,middle
train,14811,scienceqa,elementary,middle,middle
train,14812,scienceqa,elementary,middle,middle
train,14813,scienceqa,elementary,middle,middle
train,14814,scienceqa,elementary,elementary,elementary
train,14815,scienceqa,elementary,middle,middle
train,14816,scienceqa,elementary,middle,middle
train,14817,scienceqa,elementary,middle,middle
train,14818,scienceqa,elementary,middle,middle
train,14819,scienceqa,elementary,middle,middle
train,14820,scienceqa,elementary,middle,middle
train,14821,scienceqa,elementary,middle,middle
train,14822,scienceqa,elementary,middle,middle
train,14823,scienceqa,elementary,middle,middle
train,14824,scienceqa,elementary,middle,middle
train,14825,scienceqa,elementary,middle,middle
train,14826,scienceqa,elementary,middle,middle
train,14827,scienceqa,elementary,middle,middle
train,14828,scienceqa,elementary,middle,middle
train,14829,scienceqa,elementary,middle,middle
train,14830,scienceqa,elementary,middle,middle
train,14831,scienceqa,elementary,middle,middle
train,14832,scienceqa,elementary,middle,middle
train,14833,scienceqa,elementary,middle,middle
train,14834,scienceqa,elementary,elementary,elementary
train,14835,scienceqa,elementary,middle,middle
train,14836,scienceqa,elementary,middle,middle
train,14837,scienceqa,elementary,middle,middle
train,14838,scienceqa,elementary,middle,middle
train,14839,scienceqa,elementary,middle,middle
train,14840,scienceqa,elementary,middle,middle
train,14841,scienceqa,elementary,middle,middle
train,14842,scienceqa,elementary,middle,middle
train,14843,scienceqa,elementary,middle,middle
train,14844,scienceqa,elementary,middle,middle
train,14845,scienceqa,elementary,middle,middle
train,14846,scienceqa,elementary,middle,middle
train,14847,scienceqa,elementary,middle,middle
train,14848,scienceqa,elementary,middle,middle
train,14849,scienceqa,elementary,middle,middle
train,14850,scienceqa,elementary,middle,middle
train,14851,scienceqa,elementary,middle,middle
train,14852,scienceqa,elementary,middle,middle
train,14853,scienceqa,elementary,middle,middle
train,14854,scienceqa,elementary,middle,middle
train,14855,scienceqa,elementary,middle,middle
train,14856,scienceqa,elementary,middle,middle
train,14857,scienceqa,elementary,middle,middle
train,14858,scienceqa,elementary,middle,middle
train,14859,scienceqa,elementary,middle,middle
train,14860,scienceqa,elementary,middle,middle
train,14861,scienceqa,elementary,middle,middle
train,14862,scienceqa,elementary,middle,middle
train,14863,scienceqa,elementary,middle,middle
train,14864,scienceqa,elementary,elementary,elementary
train,14865,scienceqa,elementary,middle,middle
train,14866,scienceqa,elementary,middle,middle
train,14867,scienceqa,elementary,middle,middle
train,14868,scienceqa,elementary,middle,middle
train,14869,scienceqa,elementary,middle,middle
train,14870,scienceqa,elementary,middle,middle
train,14871,scienceqa,elementary,middle,middle
train,14872,scienceqa,elementary,middle,middle
train,14873,scienceqa,elementary,middle,middle
train,14874,scienceqa,elementary,middle,middle
train,14875,scienceqa,elementary,middle,middle
train,14876,scienceqa,elementary,middle,middle
train,14877,scienceqa,elementary,middle,middle
train,14878,scienceqa,elementary,elementary,elementary
train,14879,scienceqa,elementary,elementary,elementary
train,14880,scienceqa,elementary,middle,middle
train,14881,scienceqa,elementary,middle,middle
train,14882,scienceqa,elementary,middle,middle
train,14883,scienceqa,elementary,middle,middle
train,14884,scienceqa,elementary,middle,middle
train,14885,scienceqa,elementary,middle,middle
train,14886,scienceqa,elementary,middle,middle
train,14887,scienceqa,elementary,middle,middle
train,14888,scienceqa,elementary,middle,middle
train,14889,scienceqa,elementary,middle,middle
train,14890,scienceqa,elementary,middle,middle
train,14891,scienceqa,elementary,middle,middle
train,14892,scienceqa,elementary,middle,middle
train,14893,scienceqa,elementary,middle,middle
train,14894,scienceqa,elementary,middle,middle
train,14895,scienceqa,elementary,middle,middle
train,14896,scienceqa,elementary,middle,middle
train,14897,scienceqa,elementary,middle,middle
train,14898,scienceqa,elementary,middle,middle
train,14899,scienceqa,elementary,middle,middle
train,14900,scienceqa,elementary,middle,middle
train,14901,scienceqa,elementary,middle,middle
train,14902,scienceqa,elementary,middle,middle
train,14903,scienceqa,elementary,middle,middle
train,14904,scienceqa,elementary,middle,middle
train,14905,scienceqa,elementary,middle,middle
train,14906,scienceqa,high,middle,middle
train,14907,scienceqa,high,middle,middle
train,14908,scienceqa,high,middle,middle
train,14909,scienceqa,high,middle,middle
train,14910,scienceqa,high,middle,middle
train,14911,scienceqa,high,high,high
train,14912,scienceqa,high,middle,middle
train,14913,scienceqa,high,middle,middle
train,14914,scienceqa,high,high,high
train,14915,scienceqa,high,middle,middle
train,14916,scienceqa,high,middle,middle
train,14917,scienceqa,high,middle,middle
train,14918,scienceqa,high,high,high
train,14919,scienceqa,high,high,high
train,14920,scienceqa,high,middle,middle
train,14921,scienceqa,high,middle,middle
train,14922,scienceqa,high,high,high
train,14923,scienceqa,high,middle,middle
train,14924,scienceqa,high,middle,middle
train,14925,scienceqa,high,middle,middle
train,14926,scienceqa,high,high,high
train,14927,scienceqa,high,high,high
train,14928,scienceqa,high,high,high
train,14929,scienceqa,high,middle,middle
train,14930,scienceqa,high,middle,middle
train,14931,scienceqa,high,middle,middle
train,14932,scienceqa,high,middle,middle
train,14933,scienceqa,high,middle,middle
train,14934,scienceqa,high,middle,middle
train,14935,scienceqa,high,high,high
train,14936,scienceqa,high,middle,middle
train,14937,scienceqa,high,middle,middle
train,14938,scienceqa,high,middle,middle
train,14939,scienceqa,high,middle,middle
train,14940,scienceqa,high,middle,middle
train,14941,scienceqa,high,middle,middle
train,14942,scienceqa,high,middle,middle
train,14943,scienceqa,high,high,high
train,14944,scienceqa,high,high,high
train,14945,scienceqa,high,middle,middle
train,14946,scienceqa,high,middle,middle
train,14947,scienceqa,high,middle,middle
train,14948,scienceqa,high,middle,middle
train,14949,scienceqa,high,middle,middle
train,14950,scienceqa,high,middle,middle
train,14951,scienceqa,high,middle,middle
train,14952,scienceqa,high,middle,middle
train,14953,scienceqa,high,middle,middle
train,14954,scienceqa,high,middle,middle
train,14955,scienceqa,high,middle,middle
train,14956,scienceqa,high,high,high
train,14957,scienceqa,high,middle,middle
train,14958,scienceqa,high,middle,middle
train,14959,scienceqa,high,middle,middle
train,14960,scienceqa,high,middle,middle
train,14961,scienceqa,high,middle,middle
train,14962,scienceqa,high,high,high
train,14963,scienceqa,high,middle,middle
train,14964,scienceqa,high,middle,middle
train,14965,scienceqa,high,high,high
train,14966,scienceqa,high,middle,middle
train,14967,scienceqa,high,high,high
train,14968,scienceqa,high,high,high
train,14969,scienceqa,high,middle,middle
train,14970,scienceqa,high,middle,middle
train,14971,scienceqa,high,middle,middle
train,14972,scienceqa,high,high,high
train,14973,scienceqa,high,middle,middle
train,14974,scienceqa,high,middle,middle
train,14975,scienceqa,high,middle,middle
train,14976,scienceqa,high,middle,middle
train,14977,scienceqa,high,middle,middle
train,14978,scienceqa,high,middle,middle
train,14979,scienceqa,high,middle,middle
train,14980,scienceqa,high,middle,middle
train,14981,scienceqa,high,high,high
train,14982,scienceqa,high,middle,middle
train,14983,scienceqa,high,middle,middle
train,14984,scienceqa,high,middle,middle
train,14985,scienceqa,high,middle,middle
train,14986,scienceqa,high,middle,middle
train,14987,scienceqa,high,middle,middle
train,14988,scienceqa,high,high,high
train,14989,scienceqa,high,middle,middle
train,14990,scienceqa,high,high,high
train,14991,scienceqa,high,middle,middle
train,14992,scienceqa,high,high,high
train,14993,scienceqa,high,middle,middle
train,14994,scienceqa,high,high,high
train,14995,scienceqa,high,middle,middle
train,14996,scienceqa,high,high,high
train,14997,scienceqa,high,middle,middle
train,14998,scienceqa,high,middle,middle
train,14999,scienceqa,high,middle,middle
train,15000,scienceqa,high,middle,middle
train,15001,scienceqa,high,middle,middle
train,15002,scienceqa,high,middle,middle
train,15003,scienceqa,high,middle,middle
train,15004,scienceqa,high,high,high
train,15005,scienceqa,high,middle,middle
train,15006,scienceqa,high,middle,middle
train,15007,scienceqa,high,middle,middle
train,15008,scienceqa,high,middle,middle
train,15009,scienceqa,high,middle,middle
train,15010,scienceqa,high,middle,middle
train,15011,scienceqa,high,high,high
train,15012,scienceqa,high,middle,middle
train,15013,scienceqa,high,middle,middle
train,15014,scienceqa,high,high,high
train,15015,scienceqa,high,middle,middle
train,15016,scienceqa,high,high,high
train,15017,scienceqa,high,middle,middle
train,15018,scienceqa,high,middle,middle
train,15019,scienceqa,high,middle,middle
train,15020,scienceqa,high,middle,middle
train,15021,scienceqa,high,high,high
train,15022,scienceqa,high,middle,middle
train,15023,scienceqa,high,middle,middle
train,15024,scienceqa,high,middle,middle
train,15025,scienceqa,high,middle,middle
train,15026,scienceqa,high,high,high
train,15027,scienceqa,high,middle,middle
train,15028,scienceqa,high,middle,middle
train,15029,scienceqa,high,high,high
train,15030,scienceqa,high,middle,middle
train,15031,scienceqa,high,middle,middle
train,15032,scienceqa,high,middle,middle
train,15033,scienceqa,high,high,high
train,15034,scienceqa,high,middle,middle
train,15035,scienceqa,high,middle,middle
train,15036,scienceqa,high,middle,middle
train,15037,scienceqa,high,middle,middle
train,15038,scienceqa,high,high,high
train,15039,scienceqa,high,middle,middle
train,15040,scienceqa,high,middle,middle
train,15041,scienceqa,high,high,high
train,15042,scienceqa,high,middle,middle
train,15043,scienceqa,high,middle,middle
train,15044,scienceqa,high,middle,middle
train,15045,scienceqa,high,high,high
train,15046,scienceqa,high,middle,middle
train,15047,scienceqa,high,middle,middle
train,15048,scienceqa,high,middle,middle
train,15049,scienceqa,high,middle,middle
train,15050,scienceqa,high,middle,middle
train,15051,scienceqa,high,middle,middle
train,15052,scienceqa,high,middle,middle
train,15053,scienceqa,high,high,high
train,15054,scienceqa,high,high,high
train,15055,scienceqa,high,middle,middle
train,15056,scienceqa,high,middle,middle
train,15057,scienceqa,high,middle,middle
train,15058,scienceqa,high,middle,middle
train,15059,scienceqa,high,middle,middle
train,15060,scienceqa,high,middle,middle
train,15061,scienceqa,high,middle,middle
train,15062,scienceqa,high,middle,middle
train,15063,scienceqa,high,high,high
train,15064,scienceqa,high,middle,middle
train,15065,scienceqa,high,middle,middle
train,15066,scienceqa,high,middle,middle
train,15067,scienceqa,high,high,high
train,15068,scienceqa,high,middle,middle
train,15069,scienceqa,high,middle,middle
train,15070,scienceqa,high,high,high
train,15071,scienceqa,high,middle,middle
train,15072,scienceqa,high,middle,middle
train,15073,scienceqa,high,high,high
train,15074,scienceqa,high,high,high
train,15075,scienceqa,high,middle,middle
train,15076,scienceqa,high,middle,middle
train,15077,scienceqa,high,middle,middle
train,15078,scienceqa,high,middle,middle
train,15079,scienceqa,high,middle,middle
train,15080,scienceqa,high,middle,middle
train,15081,scienceqa,high,middle,middle
train,15082,scienceqa,high,middle,middle
train,15083,scienceqa,high,middle,middle
train,15084,scienceqa,high,middle,middle
train,15085,scienceqa,high,middle,middle
train,15086,scienceqa,high,high,high
train,15087,scienceqa,high,middle,middle
train,15088,scienceqa,high,middle,middle
train,15089,scienceqa,high,middle,middle
train,15090,scienceqa,high,middle,middle
train,15091,scienceqa,high,middle,middle
train,15092,scienceqa,high,middle,middle
train,15093,scienceqa,high,high,high
train,15094,scienceqa,high,high,high
train,15095,scienceqa,high,high,high
train,15096,scienceqa,high,middle,middle
train,15097,scienceqa,high,middle,middle
train,15098,scienceqa,high,high,high
train,15099,scienceqa,high,high,high
train,15100,scienceqa,high,middle,middle
train,15101,scienceqa,high,middle,middle
train,15102,scienceqa,high,middle,middle
train,15103,scienceqa,high,high,high
train,15104,scienceqa,high,middle,middle
train,15105,scienceqa,high,middle,middle
train,15106,scienceqa,high,middle,middle
train,15107,scienceqa,high,middle,middle
train,15108,scienceqa,high,middle,middle
train,15109,scienceqa,high,middle,middle
train,15110,scienceqa,high,middle,middle
train,15111,scienceqa,high,middle,middle
train,15112,scienceqa,high,middle,middle
train,15113,scienceqa,high,middle,middle
train,15114,scienceqa,high,middle,middle
train,15115,scienceqa,high,high,high
train,15116,scienceqa,high,middle,middle
train,15117,scienceqa,high,middle,middle
train,15118,scienceqa,high,middle,middle
train,15119,scienceqa,high,high,high
train,15120,scienceqa,high,high,high
train,15121,scienceqa,high,middle,middle
train,15122,scienceqa,high,middle,middle
train,15123,scienceqa,high,high,high
train,15124,scienceqa,high,middle,middle
train,15125,scienceqa,high,middle,middle
train,15126,scienceqa,high,high,high
train,15127,scienceqa,high,high,high
train,15128,scienceqa,high,middle,middle
train,15129,scienceqa,high,high,high
train,15130,scienceqa,high,middle,middle
train,15131,scienceqa,high,middle,middle
train,15132,scienceqa,high,high,high
train,15133,scienceqa,high,middle,middle
train,15134,scienceqa,high,high,high
train,15135,scienceqa,high,middle,middle
train,15136,scienceqa,high,high,high
train,15137,scienceqa,high,middle,middle
train,15138,scienceqa,high,middle,middle
train,15139,scienceqa,high,middle,middle
train,15140,scienceqa,high,middle,middle
train,15141,scienceqa,high,middle,middle
train,15142,scienceqa,high,high,high
train,15143,scienceqa,high,high,high
train,15144,scienceqa,high,middle,middle
train,15145,scienceqa,high,middle,middle
train,15146,scienceqa,high,middle,middle
train,15147,scienceqa,high,high,high
train,15148,scienceqa,high,high,high
train,15149,scienceqa,high,middle,middle
train,15150,scienceqa,high,middle,middle
train,15151,scienceqa,high,middle,middle
train,15152,scienceqa,high,middle,middle
train,15153,scienceqa,high,middle,middle
train,15154,scienceqa,high,middle,middle
train,15155,scienceqa,high,high,high
train,15156,scienceqa,high,high,high
train,15157,scienceqa,high,middle,middle
train,15158,scienceqa,high,high,high
train,15159,scienceqa,high,high,high
train,15160,scienceqa,high,middle,middle
train,15161,scienceqa,high,middle,middle
train,15162,scienceqa,high,high,high
train,15163,scienceqa,high,middle,middle
train,15164,scienceqa,high,high,high
train,15165,scienceqa,high,high,high
train,15166,scienceqa,high,high,high
train,15167,scienceqa,high,high,high
train,15168,scienceqa,high,high,high
train,15169,scienceqa,high,middle,middle
train,15170,scienceqa,high,middle,middle
train,15171,scienceqa,high,middle,middle
train,15172,scienceqa,high,middle,middle
train,15173,scienceqa,high,high,high
train,15174,scienceqa,high,middle,middle
train,15175,scienceqa,high,middle,middle
train,15176,scienceqa,high,middle,middle
train,15177,scienceqa,high,middle,middle
train,15178,scienceqa,high,middle,middle
train,15179,scienceqa,high,middle,middle
train,15180,scienceqa,high,middle,middle
train,15181,scienceqa,high,middle,middle
train,15182,scienceqa,high,middle,middle
train,15183,scienceqa,high,middle,middle
train,15184,scienceqa,high,middle,middle
train,15185,scienceqa,high,high,high
train,15186,scienceqa,high,high,high
train,15187,scienceqa,high,middle,middle
train,15188,scienceqa,high,middle,middle
train,15189,scienceqa,high,high,high
train,15190,scienceqa,high,middle,middle
train,15191,scienceqa,high,middle,middle
train,15192,scienceqa,high,middle,middle
train,15193,scienceqa,high,middle,middle
train,15194,scienceqa,high,high,high
train,15195,scienceqa,high,middle,middle
train,15196,scienceqa,high,middle,middle
train,15197,scienceqa,high,middle,middle
train,15198,scienceqa,high,middle,middle
train,15199,scienceqa,high,high,high
train,15200,scienceqa,high,middle,middle
train,15201,scienceqa,high,middle,middle
train,15202,scienceqa,high,middle,middle
train,15203,scienceqa,high,middle,middle
train,15204,scienceqa,high,middle,middle
train,15205,scienceqa,high,middle,middle
train,15206,scienceqa,high,middle,middle
train,15207,scienceqa,high,middle,middle
train,15208,scienceqa,high,high,high
train,15209,scienceqa,high,high,high
train,15210,scienceqa,high,middle,middle
train,15211,scienceqa,high,high,high
train,15212,scienceqa,high,middle,middle
train,15213,scienceqa,high,middle,middle
train,15214,scienceqa,high,middle,middle
train,15215,scienceqa,high,middle,middle
train,15216,scienceqa,high,middle,middle
train,15217,scienceqa,high,middle,middle
train,15218,scienceqa,high,middle,middle
train,15219,scienceqa,high,middle,middle
train,15220,scienceqa,high,middle,middle
train,15221,scienceqa,high,middle,middle
train,15222,scienceqa,high,middle,middle
train,15223,scienceqa,high,middle,middle
train,15224,scienceqa,high,high,high
train,15225,scienceqa,high,middle,middle
train,15226,scienceqa,high,middle,middle
train,15227,scienceqa,high,high,high
train,15228,scienceqa,high,high,high
train,15229,scienceqa,high,high,high
train,15230,scienceqa,high,high,high
train,15231,scienceqa,high,middle,middle
train,15232,scienceqa,high,high,high
train,15233,scienceqa,high,middle,middle
train,15234,scienceqa,high,middle,middle
train,15235,scienceqa,high,high,high
train,15236,scienceqa,high,middle,middle
train,15237,scienceqa,high,middle,middle
train,15238,scienceqa,high,middle,middle
train,15239,scienceqa,high,middle,middle
train,15240,scienceqa,high,middle,middle
train,15241,scienceqa,high,middle,middle
train,15242,scienceqa,high,middle,middle
train,15243,scienceqa,high,middle,middle
train,15244,scienceqa,high,middle,middle
train,15245,scienceqa,high,middle,middle
train,15246,scienceqa,high,middle,middle
train,15247,scienceqa,high,middle,middle
train,15248,scienceqa,high,middle,middle
train,15249,scienceqa,high,middle,middle
train,15250,scienceqa,high,middle,middle
train,15251,scienceqa,high,middle,middle
train,15252,scienceqa,high,high,high
train,15253,scienceqa,high,middle,middle
train,15254,scienceqa,high,middle,middle
train,15255,scienceqa,high,high,high
train,15256,scienceqa,high,high,high
train,15257,scienceqa,high,high,high
train,15258,scienceqa,high,middle,middle
train,15259,scienceqa,high,middle,middle
train,15260,scienceqa,high,middle,middle
train,15261,scienceqa,high,middle,middle
train,15262,scienceqa,high,middle,middle
train,15263,scienceqa,high,middle,middle
train,15264,scienceqa,high,middle,middle
train,15265,scienceqa,high,middle,middle
train,15266,scienceqa,high,middle,middle
train,15267,scienceqa,high,high,high
train,15268,scienceqa,high,middle,middle
train,15269,scienceqa,high,middle,middle
train,15270,scienceqa,high,high,high
train,15271,scienceqa,high,middle,middle
train,15272,scienceqa,high,high,high
train,15273,scienceqa,high,middle,middle
train,15274,scienceqa,high,high,high
train,15275,scienceqa,high,high,high
train,15276,scienceqa,high,high,high
train,15277,scienceqa,high,middle,middle
train,15278,scienceqa,high,middle,middle
train,15279,scienceqa,high,high,high
train,15280,scienceqa,high,high,high
train,15281,scienceqa,high,middle,middle
train,15282,scienceqa,high,high,high
train,15283,scienceqa,high,middle,middle
train,15284,scienceqa,high,middle,middle
train,15285,scienceqa,high,middle,middle
train,15286,scienceqa,high,middle,middle
train,15287,scienceqa,high,middle,middle
train,15288,scienceqa,high,high,high
train,15289,scienceqa,high,middle,middle
train,15290,scienceqa,high,high,high
train,15291,scienceqa,high,middle,middle
train,15292,scienceqa,high,middle,middle
train,15293,scienceqa,high,middle,middle
train,15294,scienceqa,high,high,high
train,15295,scienceqa,high,high,high
train,15296,scienceqa,high,middle,middle
train,15297,scienceqa,high,high,high
train,15298,scienceqa,high,middle,middle
train,15299,scienceqa,high,high,high
train,15300,scienceqa,high,middle,middle
train,15301,scienceqa,high,high,high
train,15302,scienceqa,high,middle,middle
train,15303,scienceqa,high,middle,middle
train,15304,scienceqa,high,middle,middle
train,15305,scienceqa,high,high,high
train,15306,scienceqa,high,middle,middle
train,15307,scienceqa,high,middle,middle
train,15308,scienceqa,high,middle,middle
train,15309,scienceqa,high,middle,middle
train,15310,scienceqa,high,middle,middle
train,15311,scienceqa,high,middle,middle
train,15312,scienceqa,high,middle,middle
train,15313,scienceqa,high,middle,middle
train,15314,scienceqa,high,middle,middle
train,15315,scienceqa,high,middle,middle
train,15316,scienceqa,high,middle,middle
train,15317,scienceqa,high,middle,middle
train,15318,scienceqa,high,middle,middle
train,15319,scienceqa,high,middle,middle
train,15320,scienceqa,high,middle,middle
train,15321,scienceqa,high,middle,middle
train,15322,scienceqa,high,high,high
train,15323,scienceqa,high,high,high
train,15324,scienceqa,high,middle,middle
train,15325,scienceqa,high,middle,middle
train,15326,scienceqa,high,middle,middle
train,15327,scienceqa,high,high,high
train,15328,scienceqa,high,middle,middle
train,15329,scienceqa,high,high,high
train,15330,scienceqa,high,high,high
train,15331,scienceqa,high,middle,middle
train,15332,scienceqa,high,middle,middle
train,15333,scienceqa,high,middle,middle
train,15334,scienceqa,high,high,high
train,15335,scienceqa,high,middle,middle
train,15336,scienceqa,high,high,high
train,15337,scienceqa,high,middle,middle
train,15338,scienceqa,high,high,high
train,15339,scienceqa,high,middle,middle
train,15340,scienceqa,high,middle,middle
train,15341,scienceqa,high,middle,middle
train,15342,scienceqa,high,middle,middle
train,15343,scienceqa,high,middle,middle
train,15344,scienceqa,high,middle,middle
train,15345,scienceqa,high,middle,middle
train,15346,scienceqa,high,middle,middle
train,15347,scienceqa,high,middle,middle
train,15348,scienceqa,high,middle,middle
train,15349,scienceqa,high,middle,middle
train,15350,scienceqa,high,middle,middle
train,15351,scienceqa,high,middle,middle
train,15352,scienceqa,high,middle,middle
train,15353,scienceqa,high,middle,middle
train,15354,scienceqa,high,middle,middle
train,15355,scienceqa,high,middle,middle
train,15356,scienceqa,high,middle,middle
train,15357,scienceqa,high,high,high
train,15358,scienceqa,high,middle,middle
train,15359,scienceqa,high,middle,middle
train,15360,scienceqa,high,middle,middle
train,15361,scienceqa,high,middle,middle
train,15362,scienceqa,high,middle,middle
train,15363,scienceqa,high,middle,middle
train,15364,scienceqa,high,middle,middle
train,15365,scienceqa,high,middle,middle
train,15366,scienceqa,high,middle,middle
train,15367,scienceqa,high,middle,middle
train,15368,scienceqa,high,high,high
train,15369,scienceqa,high,middle,middle
train,15370,scienceqa,high,middle,middle
train,15371,scienceqa,high,high,high
train,15372,scienceqa,high,high,high
train,15373,scienceqa,high,high,high
train,15374,scienceqa,high,middle,middle
train,15375,scienceqa,high,middle,middle
train,15376,scienceqa,high,middle,middle
train,15377,scienceqa,high,high,high
train,15378,scienceqa,high,middle,middle
train,15379,scienceqa,high,middle,middle
train,15380,scienceqa,high,middle,middle
train,15381,scienceqa,high,middle,middle
train,15382,scienceqa,high,middle,middle
train,15383,scienceqa,high,middle,middle
train,15384,scienceqa,high,high,high
train,15385,scienceqa,high,high,high
train,15386,scienceqa,high,middle,middle
train,15387,scienceqa,high,middle,middle
train,15388,scienceqa,high,high,high
train,15389,scienceqa,high,middle,middle
train,15390,scienceqa,high,middle,middle
train,15391,scienceqa,high,high,high
train,15392,scienceqa,high,middle,middle
train,15393,scienceqa,high,middle,middle
train,15394,scienceqa,high,middle,middle
train,15395,scienceqa,high,middle,middle
train,15396,scienceqa,high,middle,middle
train,15397,scienceqa,high,middle,middle
train,15398,scienceqa,high,middle,middle
train,15399,scienceqa,high,middle,middle
train,15400,scienceqa,high,middle,middle
train,15401,scienceqa,high,middle,middle
train,15402,scienceqa,high,middle,middle
train,15403,scienceqa,high,middle,middle
train,15404,scienceqa,high,middle,middle
train,15405,scienceqa,high,middle,middle
train,15406,scienceqa,high,high,high
train,15407,scienceqa,high,middle,middle
train,15408,scienceqa,high,middle,middle
train,15409,scienceqa,high,middle,middle
train,15410,scienceqa,high,high,high
train,15411,scienceqa,high,middle,middle
train,15412,scienceqa,high,middle,middle
train,15413,scienceqa,high,middle,middle
train,15414,scienceqa,high,high,high
train,15415,scienceqa,high,middle,middle
train,15416,scienceqa,high,middle,middle
train,15417,scienceqa,high,middle,middle
train,15418,scienceqa,high,middle,middle
train,15419,scienceqa,high,middle,middle
train,15420,scienceqa,high,middle,middle
train,15421,scienceqa,high,high,high
train,15422,scienceqa,high,high,high
train,15423,scienceqa,high,high,high
train,15424,scienceqa,high,middle,middle
train,15425,scienceqa,high,middle,middle
train,15426,scienceqa,high,middle,middle
train,15427,scienceqa,high,middle,middle
train,15428,scienceqa,high,middle,middle
train,15429,scienceqa,high,middle,middle
train,15430,scienceqa,high,middle,middle
train,15431,scienceqa,high,middle,middle
train,15432,scienceqa,high,middle,middle
train,15433,scienceqa,high,high,high
train,15434,scienceqa,high,high,high
train,15435,scienceqa,high,middle,middle
train,15436,scienceqa,high,middle,middle
train,15437,scienceqa,high,middle,middle
train,15438,scienceqa,high,high,high
train,15439,scienceqa,high,high,high
train,15440,scienceqa,high,high,high
train,15441,scienceqa,high,middle,middle
train,15442,scienceqa,high,middle,middle
train,15443,scienceqa,high,middle,middle
train,15444,scienceqa,high,high,high
train,15445,scienceqa,high,middle,middle
train,15446,scienceqa,high,high,high
train,15447,scienceqa,high,high,high
train,15448,scienceqa,high,high,high
train,15449,scienceqa,high,middle,middle
train,15450,scienceqa,high,middle,middle
train,15451,scienceqa,high,middle,middle
train,15452,scienceqa,high,middle,middle
train,15453,scienceqa,high,middle,middle
train,15454,scienceqa,high,middle,middle
train,15455,scienceqa,high,middle,middle
train,15456,scienceqa,high,high,high
train,15457,scienceqa,high,high,high
train,15458,scienceqa,high,middle,middle
train,15459,scienceqa,high,high,high
train,15460,scienceqa,high,high,high
train,15461,scienceqa,high,middle,middle
train,15462,scienceqa,high,middle,middle
train,15463,scienceqa,high,middle,middle
train,15464,scienceqa,high,high,high
train,15465,scienceqa,high,middle,middle
train,15466,scienceqa,high,middle,middle
train,15467,scienceqa,high,middle,middle
train,15468,scienceqa,high,middle,middle
train,15469,scienceqa,high,middle,middle
train,15470,scienceqa,high,high,high
train,15471,scienceqa,high,middle,middle
train,15472,scienceqa,high,middle,middle
train,15473,scienceqa,high,middle,middle
train,15474,scienceqa,high,middle,middle
train,15475,scienceqa,high,high,high
train,15476,scienceqa,high,middle,middle
train,15477,scienceqa,high,high,high
train,15478,scienceqa,high,middle,middle
train,15479,scienceqa,high,middle,middle
train,15480,scienceqa,high,middle,middle
train,15481,scienceqa,high,high,high
train,15482,scienceqa,high,high,high
train,15483,scienceqa,high,middle,middle
train,15484,scienceqa,high,middle,middle
train,15485,scienceqa,high,high,high
train,15486,scienceqa,high,middle,middle
train,15487,scienceqa,high,middle,middle
train,15488,scienceqa,high,middle,middle
train,15489,scienceqa,high,high,high
train,15490,scienceqa,high,middle,middle
train,15491,scienceqa,high,middle,middle
train,15492,scienceqa,high,middle,middle
train,15493,scienceqa,high,middle,middle
train,15494,scienceqa,high,high,high
train,15495,scienceqa,high,middle,middle
train,15496,scienceqa,high,middle,middle
train,15497,scienceqa,high,middle,middle
train,15498,scienceqa,high,middle,middle
train,15499,scienceqa,high,middle,middle
train,15500,scienceqa,high,middle,middle
train,15501,scienceqa,high,middle,middle
train,15502,scienceqa,high,middle,middle
train,15503,scienceqa,high,high,high
train,15504,scienceqa,high,high,high
train,15505,scienceqa,high,middle,middle
train,15506,scienceqa,high,high,high
train,15507,scienceqa,high,middle,middle
train,15508,scienceqa,high,middle,middle
train,15509,scienceqa,high,middle,middle
train,15510,scienceqa,high,middle,middle
train,15511,scienceqa,high,middle,middle
train,15512,scienceqa,high,middle,middle
train,15513,scienceqa,high,middle,middle
train,15514,scienceqa,high,middle,middle
train,15515,scienceqa,high,high,high
train,15516,scienceqa,high,high,high
train,15517,scienceqa,high,high,high
train,15518,scienceqa,high,middle,middle
train,15519,scienceqa,high,middle,middle
train,15520,scienceqa,high,middle,middle
train,15521,scienceqa,high,high,high
train,15522,scienceqa,high,middle,middle
train,15523,scienceqa,high,middle,middle
train,15524,scienceqa,high,high,high
train,15525,scienceqa,high,middle,middle
train,15526,scienceqa,high,middle,middle
train,15527,scienceqa,high,middle,middle
train,15528,scienceqa,high,middle,middle
train,15529,scienceqa,high,middle,middle
train,15530,scienceqa,high,middle,middle
train,15531,scienceqa,high,high,high
train,15532,scienceqa,high,middle,middle
train,15533,scienceqa,high,middle,middle
train,15534,scienceqa,high,middle,middle
train,15535,scienceqa,high,high,high
train,15536,scienceqa,high,middle,middle
train,15537,scienceqa,high,middle,middle
train,15538,scienceqa,high,middle,middle
train,15539,scienceqa,high,high,high
train,15540,scienceqa,high,middle,middle
train,15541,scienceqa,high,high,high
train,15542,scienceqa,high,middle,middle
train,15543,scienceqa,high,middle,middle
train,15544,scienceqa,high,high,high
train,15545,scienceqa,high,middle,middle
train,15546,scienceqa,high,middle,middle
train,15547,scienceqa,high,middle,middle
train,15548,scienceqa,high,middle,middle
train,15549,scienceqa,high,high,high
train,15550,scienceqa,high,middle,middle
train,15551,scienceqa,high,high,high
train,15552,scienceqa,high,high,high
train,15553,scienceqa,high,middle,middle
train,15554,scienceqa,high,middle,middle
train,15555,scienceqa,high,high,high
train,15556,scienceqa,high,middle,middle
train,15557,scienceqa,high,middle,middle
train,15558,scienceqa,high,high,high
train,15559,scienceqa,high,middle,middle
train,15560,scienceqa,high,middle,middle
train,15561,scienceqa,high,middle,middle
train,15562,scienceqa,high,middle,middle
train,15563,scienceqa,high,middle,middle
train,15564,scienceqa,high,high,high
train,15565,scienceqa,high,middle,middle
train,15566,scienceqa,high,middle,middle
train,15567,scienceqa,high,middle,middle
train,15568,scienceqa,high,middle,middle
train,15569,scienceqa,high,middle,middle
train,15570,scienceqa,high,middle,middle
train,15571,scienceqa,high,middle,middle
train,15572,scienceqa,high,middle,middle
train,15573,scienceqa,high,middle,middle
train,15574,scienceqa,high,middle,middle
train,15575,scienceqa,high,middle,middle
train,15576,scienceqa,high,high,high
train,15577,scienceqa,high,middle,middle
train,15578,scienceqa,high,middle,middle
train,15579,scienceqa,high,high,high
train,15580,scienceqa,high,high,high
train,15581,scienceqa,high,high,high
train,15582,scienceqa,high,middle,middle
train,15583,scienceqa,high,high,high
train,15584,scienceqa,high,middle,middle
train,15585,scienceqa,high,middle,middle
train,15586,scienceqa,high,high,high
train,15587,scienceqa,high,middle,middle
train,15588,scienceqa,high,high,high
train,15589,scienceqa,high,middle,middle
train,15590,scienceqa,high,middle,middle
train,15591,scienceqa,high,middle,middle
train,15592,scienceqa,high,high,high
train,15593,scienceqa,high,high,high
train,15594,scienceqa,high,middle,middle
train,15595,scienceqa,high,middle,middle
train,15596,scienceqa,high,high,high
train,15597,scienceqa,high,middle,middle
train,15598,scienceqa,high,middle,middle
train,15599,scienceqa,high,middle,middle
train,15600,scienceqa,high,middle,middle
train,15601,scienceqa,high,middle,middle
train,15602,scienceqa,high,high,high
train,15603,scienceqa,high,middle,middle
train,15604,scienceqa,high,middle,middle
train,15605,scienceqa,high,middle,middle
train,15606,scienceqa,high,high,high
train,15607,scienceqa,high,high,high
train,15608,scienceqa,high,middle,middle
train,15609,scienceqa,high,middle,middle
train,15610,scienceqa,high,middle,middle
train,15611,scienceqa,high,middle,middle
train,15612,scienceqa,high,middle,middle
train,15613,scienceqa,high,middle,middle
train,15614,scienceqa,high,high,high
train,15615,scienceqa,high,middle,middle
train,15616,scienceqa,high,high,high
train,15617,scienceqa,high,middle,middle
train,15618,scienceqa,high,high,high
train,15619,scienceqa,high,middle,middle
train,15620,scienceqa,high,high,high
train,15621,scienceqa,high,middle,middle
train,15622,scienceqa,high,middle,middle
train,15623,scienceqa,high,high,high
train,15624,scienceqa,high,high,high
train,15625,scienceqa,high,middle,middle
train,15626,scienceqa,high,middle,middle
train,15627,scienceqa,high,middle,middle
train,15628,scienceqa,high,middle,middle
train,15629,scienceqa,high,middle,middle
train,15630,scienceqa,high,high,high
train,15631,scienceqa,high,middle,middle
train,15632,scienceqa,high,high,high
train,15633,scienceqa,high,middle,middle
train,15634,scienceqa,high,middle,middle
train,15635,scienceqa,high,middle,middle
train,15636,scienceqa,high,middle,middle
train,15637,scienceqa,high,middle,middle
train,15638,scienceqa,high,middle,middle
train,15639,scienceqa,high,middle,middle
train,15640,scienceqa,high,middle,middle
train,15641,scienceqa,high,high,high
train,15642,scienceqa,high,middle,middle
train,15643,scienceqa,high,middle,middle
train,15644,scienceqa,high,middle,middle
train,15645,scienceqa,high,middle,middle
train,15646,scienceqa,high,high,high
train,15647,scienceqa,high,middle,middle
train,15648,scienceqa,high,high,high
train,15649,scienceqa,high,high,high
train,15650,scienceqa,high,middle,middle
train,15651,scienceqa,high,middle,middle
train,15652,scienceqa,high,high,high
train,15653,scienceqa,high,middle,middle
train,15654,scienceqa,high,high,high
train,15655,scienceqa,high,middle,middle
train,15656,scienceqa,high,middle,middle
train,15657,scienceqa,high,middle,middle
train,15658,scienceqa,high,middle,middle
train,15659,scienceqa,high,middle,middle
train,15660,scienceqa,high,middle,middle
train,15661,scienceqa,high,middle,middle
train,15662,scienceqa,high,high,high
train,15663,scienceqa,high,high,high
train,15664,scienceqa,high,middle,middle
train,15665,scienceqa,high,middle,middle
train,15666,scienceqa,high,middle,middle
train,15667,scienceqa,high,middle,middle
train,15668,scienceqa,high,middle,middle
train,15669,scienceqa,high,middle,middle
train,15670,scienceqa,high,middle,middle
train,15671,scienceqa,high,high,high
train,15672,scienceqa,high,middle,middle
train,15673,scienceqa,high,high,high
train,15674,scienceqa,high,middle,middle
train,15675,scienceqa,high,high,high
train,15676,scienceqa,high,high,high
train,15677,scienceqa,high,middle,middle
train,15678,scienceqa,high,middle,middle
train,15679,scienceqa,high,middle,middle
train,15680,scienceqa,high,middle,middle
train,15681,scienceqa,high,high,high
train,15682,scienceqa,high,middle,middle
train,15683,scienceqa,high,middle,middle
train,15684,scienceqa,high,middle,middle
train,15685,scienceqa,high,middle,middle
train,15686,scienceqa,high,middle,middle
train,15687,scienceqa,high,middle,middle
train,15688,scienceqa,high,middle,middle
train,15689,scienceqa,high,middle,middle
train,15690,scienceqa,high,middle,middle
train,15691,scienceqa,high,high,high
train,15692,scienceqa,high,middle,middle
train,15693,scienceqa,high,middle,middle
train,15694,scienceqa,high,middle,middle
train,15695,scienceqa,high,middle,middle
train,15696,scienceqa,high,middle,middle
train,15697,scienceqa,high,middle,middle
train,15698,scienceqa,high,high,high
train,15699,scienceqa,high,middle,middle
train,15700,scienceqa,high,middle,middle
train,15701,scienceqa,high,middle,middle
train,15702,scienceqa,high,middle,middle
train,15703,scienceqa,high,middle,middle
train,15704,scienceqa,high,high,high
train,15705,scienceqa,high,middle,middle
train,15706,scienceqa,high,middle,middle
train,15707,scienceqa,high,middle,middle
train,15708,scienceqa,high,middle,middle
train,15709,scienceqa,high,high,high
train,15710,scienceqa,high,high,high
train,15711,scienceqa,high,middle,middle
train,15712,scienceqa,high,middle,middle
train,15713,scienceqa,high,middle,middle
train,15714,scienceqa,high,middle,middle
train,15715,scienceqa,high,high,high
train,15716,scienceqa,high,middle,middle
train,15717,scienceqa,high,middle,middle
train,15718,scienceqa,high,middle,middle
train,15719,scienceqa,high,high,high
train,15720,scienceqa,high,middle,middle
train,15721,scienceqa,high,middle,middle
train,15722,scienceqa,high,middle,middle
train,15723,scienceqa,high,high,high
train,15724,scienceqa,high,middle,middle
train,15725,scienceqa,high,middle,middle
train,15726,scienceqa,high,middle,middle
train,15727,scienceqa,high,middle,middle
train,15728,scienceqa,high,middle,middle
train,15729,scienceqa,high,middle,middle
train,15730,scienceqa,high,high,high
train,15731,scienceqa,high,middle,middle
train,15732,scienceqa,high,middle,middle
train,15733,scienceqa,high,middle,middle
train,15734,scienceqa,high,high,high
train,15735,scienceqa,high,middle,middle
train,15736,scienceqa,high,middle,middle
train,15737,scienceqa,high,middle,middle
train,15738,scienceqa,high,high,high
train,15739,scienceqa,high,middle,middle
train,15740,scienceqa,high,middle,middle
train,15741,scienceqa,high,middle,middle
train,15742,scienceqa,high,high,high
train,15743,scienceqa,high,middle,middle
train,15744,scienceqa,high,middle,middle
train,15745,scienceqa,high,middle,middle
train,15746,scienceqa,high,high,high
train,15747,scienceqa,high,middle,middle
train,15748,scienceqa,high,middle,middle
train,15749,scienceqa,high,middle,middle
train,15750,scienceqa,high,middle,middle
train,15751,scienceqa,high,middle,middle
train,15752,scienceqa,high,middle,middle
train,15753,scienceqa,high,high,high
train,15754,scienceqa,high,middle,middle
train,15755,scienceqa,high,middle,middle
train,15756,scienceqa,high,middle,middle
train,15757,scienceqa,high,middle,middle
train,15758,scienceqa,high,middle,middle
train,15759,scienceqa,high,middle,middle
train,15760,scienceqa,high,middle,middle
train,15761,scienceqa,high,middle,middle
train,15762,scienceqa,high,middle,middle
train,15763,scienceqa,high,middle,middle
train,15764,scienceqa,high,middle,middle
train,15765,scienceqa,high,middle,middle
train,15766,scienceqa,high,high,high
train,15767,scienceqa,high,middle,middle
train,15768,scienceqa,high,high,high
train,15769,scienceqa,high,middle,middle
train,15770,scienceqa,high,middle,middle
train,15771,scienceqa,high,middle,middle
train,15772,scienceqa,high,middle,middle
train,15773,scienceqa,high,high,high
train,15774,scienceqa,high,middle,middle
train,15775,scienceqa,high,high,high
train,15776,scienceqa,high,middle,middle
train,15777,scienceqa,high,high,high
train,15778,scienceqa,high,middle,middle
train,15779,scienceqa,high,middle,middle
train,15780,scienceqa,high,middle,middle
train,15781,scienceqa,high,middle,middle
train,15782,scienceqa,high,high,high
train,15783,scienceqa,high,middle,middle
train,15784,scienceqa,high,high,high
train,15785,scienceqa,high,middle,middle
train,15786,scienceqa,high,middle,middle
train,15787,scienceqa,high,middle,middle
train,15788,scienceqa,high,middle,middle
train,15789,scienceqa,high,middle,middle
train,15790,scienceqa,high,middle,middle
train,15791,scienceqa,high,high,high
train,15792,scienceqa,high,middle,middle
train,15793,scienceqa,high,middle,middle
train,15794,scienceqa,high,middle,middle
train,15795,scienceqa,high,middle,middle
train,15796,scienceqa,high,middle,middle
train,15797,scienceqa,high,high,high
train,15798,scienceqa,high,middle,middle
train,15799,scienceqa,high,middle,middle
train,15800,scienceqa,high,high,high
train,15801,scienceqa,high,middle,middle
train,15802,scienceqa,high,middle,middle
train,15803,scienceqa,high,middle,middle
train,15804,scienceqa,high,middle,middle
train,15805,scienceqa,high,middle,middle
train,15806,scienceqa,high,middle,middle
train,15807,scienceqa,high,middle,middle
train,15808,scienceqa,high,middle,middle
train,15809,scienceqa,high,middle,middle
train,15810,scienceqa,high,middle,middle
train,15811,scienceqa,high,high,high
train,15812,scienceqa,high,middle,middle
train,15813,scienceqa,high,middle,middle
train,15814,scienceqa,high,high,high
train,15815,scienceqa,high,middle,middle
train,15816,scienceqa,high,high,high
train,15817,scienceqa,high,middle,middle
train,15818,scienceqa,high,high,high
train,15819,scienceqa,high,middle,middle
train,15820,scienceqa,high,middle,middle
train,15821,scienceqa,high,middle,middle
train,15822,scienceqa,high,middle,middle
train,15823,scienceqa,high,middle,middle
train,15824,scienceqa,high,middle,middle
train,15825,scienceqa,high,middle,middle
train,15826,scienceqa,high,middle,middle
train,15827,scienceqa,high,middle,middle
train,15828,scienceqa,high,high,high
train,15829,scienceqa,high,middle,middle
train,15830,scienceqa,high,high,high
train,15831,scienceqa,high,middle,middle
train,15832,scienceqa,high,high,high
train,15833,scienceqa,high,middle,middle
train,15834,scienceqa,high,high,high
train,15835,scienceqa,high,high,high
train,15836,scienceqa,high,middle,middle
train,15837,scienceqa,high,high,high
train,15838,scienceqa,high,middle,middle
train,15839,scienceqa,high,middle,middle
train,15840,scienceqa,high,middle,middle
train,15841,scienceqa,high,high,high
train,15842,scienceqa,high,middle,middle
train,15843,scienceqa,high,middle,middle
train,15844,scienceqa,high,high,high
train,15845,scienceqa,high,middle,middle
train,15846,scienceqa,high,middle,middle
train,15847,scienceqa,high,high,high
train,15848,scienceqa,high,high,high
train,15849,scienceqa,high,middle,middle
train,15850,scienceqa,high,high,high
train,15851,scienceqa,high,middle,middle
train,15852,scienceqa,high,high,high
train,15853,scienceqa,high,middle,middle
train,15854,scienceqa,high,middle,middle
train,15855,scienceqa,high,middle,middle
train,15856,scienceqa,high,middle,middle
train,15857,scienceqa,high,middle,middle
train,15858,scienceqa,high,middle,middle
train,15859,scienceqa,high,middle,middle
train,15860,scienceqa,high,high,high
train,15861,scienceqa,high,middle,middle
train,15862,scienceqa,high,middle,middle
train,15863,scienceqa,high,high,high
train,15864,scienceqa,high,high,high
train,15865,scienceqa,high,high,high
train,15866,scienceqa,high,middle,middle
train,15867,scienceqa,high,high,high
train,15868,scienceqa,high,high,high
train,15869,scienceqa,high,high,high
train,15870,scienceqa,high,middle,middle
train,15871,scienceqa,high,middle,middle
train,15872,scienceqa,high,middle,middle
train,15873,scienceqa,high,middle,middle
train,15874,scienceqa,high,middle,middle
train,15875,scienceqa,high,high,high
train,15876,scienceqa,high,middle,middle
train,15877,scienceqa,high,middle,middle
train,15878,scienceqa,high,high,high
train,15879,scienceqa,high,middle,middle
train,15880,scienceqa,high,middle,middle
train,15881,scienceqa,high,middle,middle
train,15882,scienceqa,high,middle,middle
train,15883,scienceqa,high,middle,middle
train,15884,scienceqa,high,middle,middle
train,15885,scienceqa,high,middle,middle
train,15886,scienceqa,high,middle,middle
train,15887,scienceqa,high,middle,middle
train,15888,scienceqa,high,high,high
train,15889,scienceqa,high,middle,middle
train,15890,scienceqa,high,middle,middle
train,15891,scienceqa,high,high,high
train,15892,scienceqa,high,high,high
train,15893,scienceqa,high,high,high
train,15894,scienceqa,high,middle,middle
train,15895,scienceqa,high,middle,middle
train,15896,scienceqa,high,middle,middle
train,15897,scienceqa,high,high,high
train,15898,scienceqa,high,middle,middle
train,15899,scienceqa,high,middle,middle
train,15900,scienceqa,high,middle,middle
train,15901,scienceqa,high,middle,middle
train,15902,scienceqa,high,middle,middle
train,15903,scienceqa,high,middle,middle
train,15904,scienceqa,high,middle,middle
train,15905,scienceqa,high,middle,middle
train,15906,scienceqa,high,high,high
train,15907,scienceqa,high,middle,middle
train,15908,scienceqa,high,middle,middle
train,15909,scienceqa,high,middle,middle
train,15910,scienceqa,high,middle,middle
train,15911,scienceqa,high,middle,middle
train,15912,scienceqa,high,middle,middle
train,15913,scienceqa,high,middle,middle
train,15914,scienceqa,high,middle,middle
train,15915,scienceqa,high,middle,middle
train,15916,scienceqa,high,high,high
train,15917,scienceqa,high,middle,middle
train,15918,scienceqa,high,middle,middle
train,15919,scienceqa,high,middle,middle
train,15920,scienceqa,high,middle,middle
train,15921,scienceqa,high,middle,middle
train,15922,scienceqa,high,middle,middle
train,15923,scienceqa,high,middle,middle
train,15924,scienceqa,high,middle,middle
train,15925,scienceqa,high,middle,middle
train,15926,scienceqa,high,middle,middle
train,15927,scienceqa,high,middle,middle
train,15928,scienceqa,high,middle,middle
train,15929,scienceqa,high,middle,middle
train,15930,scienceqa,high,middle,middle
train,15931,scienceqa,high,middle,middle
train,15932,scienceqa,high,middle,middle
train,15933,scienceqa,high,middle,middle
train,15934,scienceqa,high,middle,middle
train,15935,scienceqa,high,high,high
train,15936,scienceqa,high,high,high
train,15937,scienceqa,high,middle,middle
train,15938,scienceqa,high,middle,middle
train,15939,scienceqa,high,middle,middle
train,15940,scienceqa,high,middle,middle
train,15941,scienceqa,high,high,high
train,15942,scienceqa,high,middle,middle
train,15943,scienceqa,high,middle,middle
train,15944,scienceqa,high,middle,middle
train,15945,scienceqa,high,middle,middle
train,15946,scienceqa,high,middle,middle
train,15947,scienceqa,high,high,high
train,15948,scienceqa,high,middle,middle
train,15949,scienceqa,high,middle,middle
train,15950,scienceqa,high,middle,middle
train,15951,scienceqa,high,middle,middle
train,15952,scienceqa,high,middle,middle
train,15953,scienceqa,high,middle,middle
train,15954,scienceqa,high,middle,middle
train,15955,scienceqa,high,high,high
train,15956,scienceqa,high,middle,middle
train,15957,scienceqa,high,middle,middle
train,15958,scienceqa,high,middle,middle
train,15959,scienceqa,high,middle,middle
train,15960,scienceqa,high,middle,middle
train,15961,scienceqa,high,middle,middle
train,15962,scienceqa,high,middle,middle
train,15963,scienceqa,high,middle,middle
train,15964,scienceqa,high,middle,middle
train,15965,scienceqa,high,high,high
train,15966,scienceqa,high,high,high
train,15967,scienceqa,high,middle,middle
train,15968,scienceqa,high,high,high
train,15969,scienceqa,high,middle,middle
train,15970,scienceqa,high,middle,middle
train,15971,scienceqa,high,middle,middle
train,15972,scienceqa,high,middle,middle
train,15973,scienceqa,high,high,high
train,15974,scienceqa,high,middle,middle
train,15975,scienceqa,high,middle,middle
train,15976,scienceqa,high,middle,middle
train,15977,scienceqa,high,middle,middle
train,15978,scienceqa,high,high,high
train,15979,scienceqa,high,high,high
train,15980,scienceqa,high,middle,middle
train,15981,scienceqa,high,middle,middle
train,15982,scienceqa,high,middle,middle
train,15983,scienceqa,high,middle,middle
train,15984,scienceqa,high,middle,middle
train,15985,scienceqa,high,middle,middle
train,15986,scienceqa,high,middle,middle
train,15987,scienceqa,high,middle,middle
train,15988,scienceqa,high,middle,middle
train,15989,scienceqa,high,middle,middle
train,15990,scienceqa,high,middle,middle
train,15991,scienceqa,high,middle,middle
train,15992,scienceqa,high,middle,middle
train,15993,scienceqa,high,middle,middle
train,15994,scienceqa,high,high,high
train,15995,scienceqa,high,middle,middle
train,15996,scienceqa,high,middle,middle
train,15997,scienceqa,high,middle,middle
train,15998,scienceqa,high,middle,middle
train,15999,scienceqa,high,middle,middle
train,16000,scienceqa,high,middle,middle
train,16001,scienceqa,high,middle,middle
train,16002,scienceqa,high,middle,middle
train,16003,scienceqa,high,high,high
train,16004,scienceqa,high,middle,middle
train,16005,scienceqa,high,middle,middle
train,16006,scienceqa,high,middle,middle
train,16007,scienceqa,high,high,high
train,16008,scienceqa,high,middle,middle
train,16009,scienceqa,high,middle,middle
train,16010,scienceqa,high,middle,middle
train,16011,scienceqa,high,middle,middle
train,16012,scienceqa,high,middle,middle
train,16013,scienceqa,high,middle,middle
train,16014,scienceqa,high,middle,middle
train,16015,scienceqa,high,middle,middle
train,16016,scienceqa,high,middle,middle
train,16017,scienceqa,high,middle,middle
train,16018,scienceqa,high,middle,middle
train,16019,scienceqa,high,middle,middle
train,16020,scienceqa,high,high,high
train,16021,scienceqa,high,middle,middle
train,16022,scienceqa,high,middle,middle
train,16023,scienceqa,high,middle,middle
train,16024,scienceqa,high,middle,middle
train,16025,scienceqa,high,high,high
train,16026,scienceqa,high,middle,middle
train,16027,scienceqa,high,middle,middle
train,16028,scienceqa,high,middle,middle
train,16029,scienceqa,high,middle,middle
train,16030,scienceqa,high,middle,middle
train,16031,scienceqa,high,middle,middle
train,16032,scienceqa,high,middle,middle
train,16033,scienceqa,high,middle,middle
train,16034,scienceqa,high,middle,middle
train,16035,scienceqa,high,high,high
train,16036,scienceqa,high,middle,middle
train,16037,scienceqa,high,middle,middle
train,16038,scienceqa,high,middle,middle
train,16039,scienceqa,high,middle,middle
train,16040,scienceqa,high,middle,middle
train,16041,scienceqa,high,high,high
train,16042,scienceqa,high,middle,middle
train,16043,scienceqa,high,high,high
train,16044,scienceqa,high,middle,middle
train,16045,scienceqa,high,middle,middle
train,16046,scienceqa,high,middle,middle
train,16047,scienceqa,high,high,high
train,16048,scienceqa,high,high,high
train,16049,scienceqa,high,middle,middle
train,16050,scienceqa,high,middle,middle
train,16051,scienceqa,high,middle,middle
train,16052,scienceqa,high,middle,middle
train,16053,scienceqa,high,middle,middle
train,16054,scienceqa,high,middle,middle
train,16055,scienceqa,high,middle,middle
train,16056,scienceqa,high,middle,middle
train,16057,scienceqa,high,high,high
train,16058,scienceqa,high,middle,middle
train,16059,scienceqa,high,middle,middle
train,16060,scienceqa,high,middle,middle
train,16061,scienceqa,high,middle,middle
train,16062,scienceqa,high,high,high
train,16063,scienceqa,high,high,high
train,16064,scienceqa,high,middle,middle
train,16065,scienceqa,high,middle,middle
train,16066,scienceqa,high,middle,middle
train,16067,scienceqa,high,high,high
train,16068,scienceqa,high,high,high
train,16069,scienceqa,high,middle,middle
train,16070,scienceqa,high,middle,middle
train,16071,scienceqa,high,middle,middle
train,16072,scienceqa,high,middle,middle
train,16073,scienceqa,high,middle,middle
train,16074,scienceqa,high,middle,middle
train,16075,scienceqa,high,middle,middle
train,16076,scienceqa,high,middle,middle
train,16077,scienceqa,high,middle,middle
train,16078,scienceqa,high,high,high
train,16079,scienceqa,high,middle,middle
train,16080,scienceqa,high,high,high
train,16081,scienceqa,high,high,high
train,16082,scienceqa,high,middle,middle
train,16083,scienceqa,high,middle,middle
train,16084,scienceqa,high,middle,middle
train,16085,scienceqa,high,middle,middle
train,16086,scienceqa,high,middle,middle
train,16087,scienceqa,high,middle,middle
train,16088,scienceqa,high,middle,middle
train,16089,scienceqa,high,middle,middle
train,16090,scienceqa,high,middle,middle
train,16091,scienceqa,high,high,high
train,16092,scienceqa,high,middle,middle
train,16093,scienceqa,high,middle,middle
train,16094,scienceqa,high,middle,middle
train,16095,scienceqa,high,middle,middle
train,16096,scienceqa,high,high,high
train,16097,scienceqa,high,middle,middle
train,16098,scienceqa,high,middle,middle
train,16099,scienceqa,high,high,high
train,16100,scienceqa,high,high,high
train,16101,scienceqa,high,middle,middle
train,16102,scienceqa,high,middle,middle
train,16103,scienceqa,high,middle,middle
train,16104,scienceqa,high,middle,middle
train,16105,scienceqa,high,middle,middle
train,16106,scienceqa,middle,middle,middle
train,16107,scienceqa,middle,middle,middle
train,16108,scienceqa,middle,middle,middle
train,16109,scienceqa,middle,middle,middle
train,16110,scienceqa,middle,middle,middle
train,16111,scienceqa,middle,middle,middle
train,16112,scienceqa,middle,middle,middle
train,16113,scienceqa,middle,middle,middle
train,16114,scienceqa,middle,middle,middle
train,16115,scienceqa,middle,middle,middle
train,16116,scienceqa,middle,middle,middle
train,16117,scienceqa,middle,middle,middle
train,16118,scienceqa,middle,middle,middle
train,16119,scienceqa,middle,middle,middle
train,16120,scienceqa,middle,middle,middle
train,16121,scienceqa,middle,middle,middle
train,16122,scienceqa,middle,middle,middle
train,16123,scienceqa,middle,middle,middle
train,16124,scienceqa,middle,middle,middle
train,16125,scienceqa,middle,middle,middle
train,16126,scienceqa,middle,middle,middle
train,16127,scienceqa,middle,middle,middle
train,16128,scienceqa,middle,middle,middle
train,16129,scienceqa,middle,middle,middle
train,16130,scienceqa,middle,middle,middle
train,16131,scienceqa,middle,middle,middle
train,16132,scienceqa,middle,middle,middle
train,16133,scienceqa,middle,middle,middle
train,16134,scienceqa,middle,middle,middle
train,16135,scienceqa,middle,middle,middle
train,16136,scienceqa,middle,middle,middle
train,16137,scienceqa,middle,middle,middle
train,16138,scienceqa,middle,middle,middle
train,16139,scienceqa,middle,middle,middle
train,16140,scienceqa,middle,middle,middle
train,16141,scienceqa,middle,middle,middle
train,16142,scienceqa,middle,middle,middle
train,16143,scienceqa,middle,middle,middle
train,16144,scienceqa,middle,middle,middle
train,16145,scienceqa,middle,middle,middle
train,16146,scienceqa,middle,middle,middle
train,16147,scienceqa,middle,middle,middle
train,16148,scienceqa,middle,middle,middle
train,16149,scienceqa,middle,middle,middle
train,16150,scienceqa,middle,middle,middle
train,16151,scienceqa,middle,middle,middle
train,16152,scienceqa,middle,middle,middle
train,16153,scienceqa,middle,middle,middle
train,16154,scienceqa,middle,middle,middle
train,16155,scienceqa,middle,middle,middle
train,16156,scienceqa,middle,high,high
train,16157,scienceqa,middle,middle,middle
train,16158,scienceqa,middle,middle,middle
train,16159,scienceqa,middle,middle,middle
train,16160,scienceqa,middle,middle,middle
train,16161,scienceqa,middle,middle,middle
train,16162,scienceqa,middle,middle,middle
train,16163,scienceqa,middle,middle,middle
train,16164,scienceqa,middle,middle,middle
train,16165,scienceqa,middle,middle,middle
train,16166,scienceqa,middle,middle,middle
train,16167,scienceqa,middle,middle,middle
train,16168,scienceqa,middle,middle,middle
train,16169,scienceqa,middle,middle,middle
train,16170,scienceqa,middle,middle,middle
train,16171,scienceqa,middle,middle,middle
train,16172,scienceqa,middle,middle,middle
train,16173,scienceqa,middle,middle,middle
train,16174,scienceqa,middle,middle,middle
train,16175,scienceqa,middle,middle,middle
train,16176,scienceqa,middle,middle,middle
train,16177,scienceqa,middle,middle,middle
train,16178,scienceqa,middle,middle,middle
train,16179,scienceqa,middle,middle,middle
train,16180,scienceqa,middle,middle,middle
train,16181,scienceqa,middle,middle,middle
train,16182,scienceqa,middle,middle,middle
train,16183,scienceqa,middle,middle,middle
train,16184,scienceqa,middle,middle,middle
train,16185,scienceqa,middle,middle,middle
train,16186,scienceqa,middle,middle,middle
train,16187,scienceqa,middle,middle,middle
train,16188,scienceqa,middle,middle,middle
train,16189,scienceqa,middle,middle,middle
train,16190,scienceqa,middle,middle,middle
train,16191,scienceqa,middle,middle,middle
train,16192,scienceqa,middle,middle,middle
train,16193,scienceqa,middle,middle,middle
train,16194,scienceqa,middle,middle,middle
train,16195,scienceqa,middle,middle,middle
train,16196,scienceqa,middle,middle,middle
train,16197,scienceqa,middle,middle,middle
train,16198,scienceqa,middle,middle,middle
train,16199,scienceqa,middle,middle,middle
train,16200,scienceqa,middle,middle,middle
train,16201,scienceqa,middle,middle,middle
train,16202,scienceqa,middle,middle,middle
train,16203,scienceqa,middle,middle,middle
train,16204,scienceqa,middle,middle,middle
train,16205,scienceqa,middle,middle,middle
train,16206,scienceqa,middle,middle,middle
train,16207,scienceqa,middle,middle,middle
train,16208,scienceqa,middle,middle,middle
train,16209,scienceqa,middle,middle,middle
train,16210,scienceqa,middle,middle,middle
train,16211,scienceqa,middle,middle,middle
train,16212,scienceqa,middle,middle,middle
train,16213,scienceqa,middle,middle,middle
train,16214,scienceqa,middle,middle,middle
train,16215,scienceqa,middle,middle,middle
train,16216,scienceqa,middle,middle,middle
train,16217,scienceqa,middle,middle,middle
train,16218,scienceqa,middle,middle,middle
train,16219,scienceqa,middle,middle,middle
train,16220,scienceqa,middle,middle,middle
train,16221,scienceqa,middle,middle,middle
train,16222,scienceqa,middle,middle,middle
train,16223,scienceqa,middle,middle,middle
train,16224,scienceqa,middle,middle,middle
train,16225,scienceqa,middle,middle,middle
train,16226,scienceqa,middle,middle,middle
train,16227,scienceqa,middle,middle,middle
train,16228,scienceqa,middle,middle,middle
train,16229,scienceqa,middle,middle,middle
train,16230,scienceqa,middle,middle,middle
train,16231,scienceqa,middle,middle,middle
train,16232,scienceqa,middle,middle,middle
train,16233,scienceqa,middle,middle,middle
train,16234,scienceqa,middle,middle,middle
train,16235,scienceqa,middle,middle,middle
train,16236,scienceqa,middle,middle,middle
train,16237,scienceqa,middle,middle,middle
train,16238,scienceqa,middle,middle,middle
train,16239,scienceqa,middle,middle,middle
train,16240,scienceqa,middle,middle,middle
train,16241,scienceqa,middle,middle,middle
train,16242,scienceqa,middle,middle,middle
train,16243,scienceqa,middle,middle,middle
train,16244,scienceqa,middle,middle,middle
train,16245,scienceqa,middle,middle,middle
train,16246,scienceqa,middle,middle,middle
train,16247,scienceqa,middle,middle,middle
train,16248,scienceqa,middle,middle,middle
train,16249,scienceqa,middle,middle,middle
train,16250,scienceqa,middle,middle,middle
train,16251,scienceqa,middle,middle,middle
train,16252,scienceqa,middle,middle,middle
train,16253,scienceqa,middle,middle,middle
train,16254,scienceqa,middle,middle,middle
train,16255,scienceqa,middle,middle,middle
train,16256,scienceqa,middle,middle,middle
train,16257,scienceqa,middle,middle,middle
train,16258,scienceqa,middle,middle,middle
train,16259,scienceqa,middle,middle,middle
train,16260,scienceqa,middle,middle,middle
train,16261,scienceqa,middle,middle,middle
train,16262,scienceqa,middle,middle,middle
train,16263,scienceqa,middle,middle,middle
train,16264,scienceqa,middle,middle,middle
train,16265,scienceqa,middle,middle,middle
train,16266,scienceqa,middle,middle,middle
train,16267,scienceqa,middle,middle,middle
train,16268,scienceqa,middle,middle,middle
train,16269,scienceqa,middle,middle,middle
train,16270,scienceqa,middle,middle,middle
train,16271,scienceqa,middle,middle,middle
train,16272,scienceqa,middle,middle,middle
train,16273,scienceqa,middle,middle,middle
train,16274,scienceqa,middle,middle,middle
train,16275,scienceqa,middle,middle,middle
train,16276,scienceqa,middle,middle,middle
train,16277,scienceqa,middle,middle,middle
train,16278,scienceqa,middle,middle,middle
train,16279,scienceqa,middle,middle,middle
train,16280,scienceqa,middle,middle,middle
train,16281,scienceqa,middle,middle,middle
train,16282,scienceqa,middle,middle,middle
train,16283,scienceqa,middle,middle,middle
train,16284,scienceqa,middle,middle,middle
train,16285,scienceqa,middle,middle,middle
train,16286,scienceqa,middle,middle,middle
train,16287,scienceqa,middle,middle,middle
train,16288,scienceqa,middle,middle,middle
train,16289,scienceqa,middle,middle,middle
train,16290,scienceqa,middle,middle,middle
train,16291,scienceqa,middle,middle,middle
train,16292,scienceqa,middle,middle,middle
train,16293,scienceqa,middle,middle,middle
train,16294,scienceqa,middle,middle,middle
train,16295,scienceqa,middle,middle,middle
train,16296,scienceqa,middle,middle,middle
train,16297,scienceqa,middle,middle,middle
train,16298,scienceqa,middle,middle,middle
train,16299,scienceqa,middle,middle,middle
train,16300,scienceqa,middle,middle,middle
train,16301,scienceqa,middle,middle,middle
train,16302,scienceqa,middle,middle,middle
train,16303,scienceqa,middle,middle,middle
train,16304,scienceqa,middle,middle,middle
train,16305,scienceqa,middle,middle,middle
train,16306,scienceqa,middle,middle,middle
train,16307,scienceqa,middle,middle,middle
train,16308,scienceqa,middle,middle,middle
train,16309,scienceqa,middle,middle,middle
train,16310,scienceqa,middle,middle,middle
train,16311,scienceqa,middle,middle,middle
train,16312,scienceqa,middle,middle,middle
train,16313,scienceqa,middle,middle,middle
train,16314,scienceqa,middle,middle,middle
train,16315,scienceqa,middle,middle,middle
train,16316,scienceqa,middle,middle,middle
train,16317,scienceqa,middle,middle,middle
train,16318,scienceqa,middle,middle,middle
train,16319,scienceqa,middle,middle,middle
train,16320,scienceqa,middle,middle,middle
train,16321,scienceqa,middle,middle,middle
train,16322,scienceqa,middle,middle,middle
train,16323,scienceqa,middle,middle,middle
train,16324,scienceqa,middle,middle,middle
train,16325,scienceqa,middle,middle,middle
train,16326,scienceqa,middle,middle,middle
train,16327,scienceqa,middle,middle,middle
train,16328,scienceqa,middle,middle,middle
train,16329,scienceqa,middle,middle,middle
train,16330,scienceqa,middle,middle,middle
train,16331,scienceqa,middle,middle,middle
train,16332,scienceqa,middle,middle,middle
train,16333,scienceqa,middle,middle,middle
train,16334,scienceqa,middle,middle,middle
train,16335,scienceqa,middle,middle,middle
train,16336,scienceqa,middle,middle,middle
train,16337,scienceqa,middle,middle,middle
train,16338,scienceqa,middle,middle,middle
train,16339,scienceqa,middle,middle,middle
train,16340,scienceqa,middle,middle,middle
train,16341,scienceqa,middle,middle,middle
train,16342,scienceqa,middle,middle,middle
train,16343,scienceqa,middle,middle,middle
train,16344,scienceqa,middle,middle,middle
train,16345,scienceqa,middle,middle,middle
train,16346,scienceqa,middle,middle,middle
train,16347,scienceqa,middle,middle,middle
train,16348,scienceqa,middle,middle,middle
train,16349,scienceqa,middle,middle,middle
train,16350,scienceqa,middle,middle,middle
train,16351,scienceqa,middle,middle,middle
train,16352,scienceqa,middle,middle,middle
train,16353,scienceqa,middle,middle,middle
train,16354,scienceqa,middle,middle,middle
train,16355,scienceqa,middle,middle,middle
train,16356,scienceqa,middle,middle,middle
train,16357,scienceqa,middle,middle,middle
train,16358,scienceqa,middle,middle,middle
train,16359,scienceqa,middle,middle,middle
train,16360,scienceqa,middle,middle,middle
train,16361,scienceqa,middle,middle,middle
train,16362,scienceqa,middle,middle,middle
train,16363,scienceqa,middle,middle,middle
train,16364,scienceqa,middle,middle,middle
train,16365,scienceqa,middle,middle,middle
train,16366,scienceqa,middle,middle,middle
train,16367,scienceqa,middle,middle,middle
train,16368,scienceqa,middle,middle,middle
train,16369,scienceqa,middle,middle,middle
train,16370,scienceqa,middle,middle,middle
train,16371,scienceqa,middle,middle,middle
train,16372,scienceqa,middle,middle,middle
train,16373,scienceqa,middle,middle,middle
train,16374,scienceqa,middle,middle,middle
train,16375,scienceqa,middle,middle,middle
train,16376,scienceqa,middle,middle,middle
train,16377,scienceqa,middle,middle,middle
train,16378,scienceqa,middle,middle,middle
train,16379,scienceqa,middle,middle,middle
train,16380,scienceqa,middle,middle,middle
train,16381,scienceqa,middle,middle,middle
train,16382,scienceqa,middle,middle,middle
train,16383,scienceqa,middle,middle,middle
train,16384,scienceqa,middle,middle,middle
train,16385,scienceqa,middle,middle,middle
train,16386,scienceqa,middle,middle,middle
train,16387,scienceqa,middle,middle,middle
train,16388,scienceqa,middle,middle,middle
train,16389,scienceqa,middle,middle,middle
train,16390,scienceqa,middle,middle,middle
train,16391,scienceqa,middle,middle,middle
train,16392,scienceqa,middle,middle,middle
train,16393,scienceqa,middle,middle,middle
train,16394,scienceqa,middle,middle,middle
train,16395,scienceqa,middle,middle,middle
train,16396,scienceqa,middle,middle,middle
train,16397,scienceqa,middle,middle,middle
train,16398,scienceqa,middle,middle,middle
train,16399,scienceqa,middle,middle,middle
train,16400,scienceqa,middle,middle,middle
train,16401,scienceqa,middle,middle,middle
train,16402,scienceqa,middle,middle,middle
train,16403,scienceqa,middle,middle,middle
train,16404,scienceqa,middle,middle,middle
train,16405,scienceqa,middle,middle,middle
train,16406,scienceqa,middle,middle,middle
train,16407,scienceqa,middle,middle,middle
train,16408,scienceqa,middle,middle,middle
train,16409,scienceqa,middle,middle,middle
train,16410,scienceqa,middle,middle,middle
train,16411,scienceqa,middle,middle,middle
train,16412,scienceqa,middle,middle,middle
train,16413,scienceqa,middle,middle,middle
train,16414,scienceqa,middle,middle,middle
train,16415,scienceqa,middle,middle,middle
train,16416,scienceqa,middle,middle,middle
train,16417,scienceqa,middle,middle,middle
train,16418,scienceqa,middle,middle,middle
train,16419,scienceqa,middle,middle,middle
train,16420,scienceqa,middle,middle,middle
train,16421,scienceqa,middle,middle,middle
train,16422,scienceqa,middle,middle,middle
train,16423,scienceqa,middle,middle,middle
train,16424,scienceqa,middle,middle,middle
train,16425,scienceqa,middle,middle,middle
train,16426,scienceqa,middle,middle,middle
train,16427,scienceqa,middle,middle,middle
train,16428,scienceqa,middle,middle,middle
train,16429,scienceqa,middle,high,high
train,16430,scienceqa,middle,middle,middle
train,16431,scienceqa,middle,middle,middle
train,16432,scienceqa,middle,middle,middle
train,16433,scienceqa,middle,middle,middle
train,16434,scienceqa,middle,middle,middle
train,16435,scienceqa,middle,middle,middle
train,16436,scienceqa,middle,middle,middle
train,16437,scienceqa,middle,middle,middle
train,16438,scienceqa,middle,middle,middle
train,16439,scienceqa,middle,middle,middle
train,16440,scienceqa,middle,middle,middle
train,16441,scienceqa,middle,middle,middle
train,16442,scienceqa,middle,middle,middle
train,16443,scienceqa,middle,middle,middle
train,16444,scienceqa,middle,middle,middle
train,16445,scienceqa,middle,middle,middle
train,16446,scienceqa,middle,middle,middle
train,16447,scienceqa,middle,middle,middle
train,16448,scienceqa,middle,middle,middle
train,16449,scienceqa,middle,middle,middle
train,16450,scienceqa,middle,middle,middle
train,16451,scienceqa,middle,middle,middle
train,16452,scienceqa,middle,middle,middle
train,16453,scienceqa,middle,middle,middle
train,16454,scienceqa,middle,middle,middle
train,16455,scienceqa,middle,middle,middle
train,16456,scienceqa,middle,middle,middle
train,16457,scienceqa,middle,middle,middle
train,16458,scienceqa,middle,middle,middle
train,16459,scienceqa,middle,middle,middle
train,16460,scienceqa,middle,middle,middle
train,16461,scienceqa,middle,middle,middle
train,16462,scienceqa,middle,middle,middle
train,16463,scienceqa,middle,middle,middle
train,16464,scienceqa,middle,middle,middle
train,16465,scienceqa,middle,middle,middle
train,16466,scienceqa,middle,middle,middle
train,16467,scienceqa,middle,middle,middle
train,16468,scienceqa,middle,middle,middle
train,16469,scienceqa,middle,middle,middle
train,16470,scienceqa,middle,middle,middle
train,16471,scienceqa,middle,middle,middle
train,16472,scienceqa,middle,middle,middle
train,16473,scienceqa,middle,middle,middle
train,16474,scienceqa,middle,middle,middle
train,16475,scienceqa,middle,middle,middle
train,16476,scienceqa,middle,middle,middle
train,16477,scienceqa,middle,middle,middle
train,16478,scienceqa,middle,middle,middle
train,16479,scienceqa,middle,middle,middle
train,16480,scienceqa,middle,middle,middle
train,16481,scienceqa,middle,middle,middle
train,16482,scienceqa,middle,middle,middle
train,16483,scienceqa,middle,middle,middle
train,16484,scienceqa,middle,middle,middle
train,16485,scienceqa,middle,middle,middle
train,16486,scienceqa,middle,middle,middle
train,16487,scienceqa,middle,middle,middle
train,16488,scienceqa,middle,middle,middle
train,16489,scienceqa,middle,middle,middle
train,16490,scienceqa,middle,middle,middle
train,16491,scienceqa,middle,middle,middle
train,16492,scienceqa,middle,middle,middle
train,16493,scienceqa,middle,middle,middle
train,16494,scienceqa,middle,middle,middle
train,16495,scienceqa,middle,middle,middle
train,16496,scienceqa,middle,middle,middle
train,16497,scienceqa,middle,middle,middle
train,16498,scienceqa,middle,middle,middle
train,16499,scienceqa,middle,middle,middle
train,16500,scienceqa,middle,middle,middle
train,16501,scienceqa,middle,middle,middle
train,16502,scienceqa,middle,middle,middle
train,16503,scienceqa,middle,middle,middle
train,16504,scienceqa,middle,middle,middle
train,16505,scienceqa,middle,middle,middle
train,16506,scienceqa,middle,middle,middle
train,16507,scienceqa,middle,middle,middle
train,16508,scienceqa,middle,middle,middle
train,16509,scienceqa,middle,middle,middle
train,16510,scienceqa,middle,middle,middle
train,16511,scienceqa,middle,middle,middle
train,16512,scienceqa,middle,middle,middle
train,16513,scienceqa,middle,middle,middle
train,16514,scienceqa,middle,middle,middle
train,16515,scienceqa,middle,middle,middle
train,16516,scienceqa,middle,middle,middle
train,16517,scienceqa,middle,middle,middle
train,16518,scienceqa,middle,middle,middle
train,16519,scienceqa,middle,middle,middle
train,16520,scienceqa,middle,middle,middle
train,16521,scienceqa,middle,middle,middle
train,16522,scienceqa,middle,middle,middle
train,16523,scienceqa,middle,middle,middle
train,16524,scienceqa,middle,middle,middle
train,16525,scienceqa,middle,middle,middle
train,16526,scienceqa,middle,middle,middle
train,16527,scienceqa,middle,middle,middle
train,16528,scienceqa,middle,middle,middle
train,16529,scienceqa,middle,middle,middle
train,16530,scienceqa,middle,middle,middle
train,16531,scienceqa,middle,middle,middle
train,16532,scienceqa,middle,middle,middle
train,16533,scienceqa,middle,high,high
train,16534,scienceqa,middle,middle,middle
train,16535,scienceqa,middle,middle,middle
train,16536,scienceqa,middle,middle,middle
train,16537,scienceqa,middle,middle,middle
train,16538,scienceqa,middle,middle,middle
train,16539,scienceqa,middle,middle,middle
train,16540,scienceqa,middle,middle,middle
train,16541,scienceqa,middle,middle,middle
train,16542,scienceqa,middle,middle,middle
train,16543,scienceqa,middle,middle,middle
train,16544,scienceqa,middle,middle,middle
train,16545,scienceqa,middle,middle,middle
train,16546,scienceqa,middle,middle,middle
train,16547,scienceqa,middle,middle,middle
train,16548,scienceqa,middle,middle,middle
train,16549,scienceqa,middle,middle,middle
train,16550,scienceqa,middle,middle,middle
train,16551,scienceqa,middle,middle,middle
train,16552,scienceqa,middle,middle,middle
train,16553,scienceqa,middle,middle,middle
train,16554,scienceqa,middle,middle,middle
train,16555,scienceqa,middle,middle,middle
train,16556,scienceqa,middle,middle,middle
train,16557,scienceqa,middle,middle,middle
train,16558,scienceqa,middle,middle,middle
train,16559,scienceqa,middle,middle,middle
train,16560,scienceqa,middle,high,high
train,16561,scienceqa,middle,middle,middle
train,16562,scienceqa,middle,middle,middle
train,16563,scienceqa,middle,middle,middle
train,16564,scienceqa,middle,middle,middle
train,16565,scienceqa,middle,middle,middle
train,16566,scienceqa,middle,middle,middle
train,16567,scienceqa,middle,middle,middle
train,16568,scienceqa,middle,middle,middle
train,16569,scienceqa,middle,high,high
train,16570,scienceqa,middle,middle,middle
train,16571,scienceqa,middle,middle,middle
train,16572,scienceqa,middle,middle,middle
train,16573,scienceqa,middle,middle,middle
train,16574,scienceqa,middle,middle,middle
train,16575,scienceqa,middle,middle,middle
train,16576,scienceqa,middle,middle,middle
train,16577,scienceqa,middle,middle,middle
train,16578,scienceqa,middle,middle,middle
train,16579,scienceqa,middle,middle,middle
train,16580,scienceqa,middle,middle,middle
train,16581,scienceqa,middle,middle,middle
train,16582,scienceqa,middle,middle,middle
train,16583,scienceqa,middle,middle,middle
train,16584,scienceqa,middle,middle,middle
train,16585,scienceqa,middle,middle,middle
train,16586,scienceqa,middle,high,high
train,16587,scienceqa,middle,middle,middle
train,16588,scienceqa,middle,middle,middle
train,16589,scienceqa,middle,middle,middle
train,16590,scienceqa,middle,middle,middle
train,16591,scienceqa,middle,middle,middle
train,16592,scienceqa,middle,middle,middle
train,16593,scienceqa,middle,middle,middle
train,16594,scienceqa,middle,middle,middle
train,16595,scienceqa,middle,middle,middle
train,16596,scienceqa,middle,middle,middle
train,16597,scienceqa,middle,middle,middle
train,16598,scienceqa,middle,middle,middle
train,16599,scienceqa,middle,middle,middle
train,16600,scienceqa,middle,middle,middle
train,16601,scienceqa,middle,middle,middle
train,16602,scienceqa,middle,middle,middle
train,16603,scienceqa,middle,middle,middle
train,16604,scienceqa,middle,middle,middle
train,16605,scienceqa,middle,middle,middle
train,16606,scienceqa,middle,middle,middle
train,16607,scienceqa,middle,middle,middle
train,16608,scienceqa,middle,middle,middle
train,16609,scienceqa,middle,middle,middle
train,16610,scienceqa,middle,middle,middle
train,16611,scienceqa,middle,middle,middle
train,16612,scienceqa,middle,middle,middle
train,16613,scienceqa,middle,middle,middle
train,16614,scienceqa,middle,middle,middle
train,16615,scienceqa,middle,middle,middle
train,16616,scienceqa,middle,middle,middle
train,16617,scienceqa,middle,middle,middle
train,16618,scienceqa,middle,middle,middle
train,16619,scienceqa,middle,middle,middle
train,16620,scienceqa,middle,middle,middle
train,16621,scienceqa,middle,middle,middle
train,16622,scienceqa,middle,middle,middle
train,16623,scienceqa,middle,middle,middle
train,16624,scienceqa,middle,middle,middle
train,16625,scienceqa,middle,middle,middle
train,16626,scienceqa,middle,middle,middle
train,16627,scienceqa,middle,middle,middle
train,16628,scienceqa,middle,middle,middle
train,16629,scienceqa,middle,middle,middle
train,16630,scienceqa,middle,middle,middle
train,16631,scienceqa,middle,middle,middle
train,16632,scienceqa,middle,middle,middle
train,16633,scienceqa,middle,middle,middle
train,16634,scienceqa,middle,middle,middle
train,16635,scienceqa,middle,middle,middle
train,16636,scienceqa,middle,middle,middle
train,16637,scienceqa,middle,middle,middle
train,16638,scienceqa,middle,middle,middle
train,16639,scienceqa,middle,middle,middle
train,16640,scienceqa,middle,middle,middle
train,16641,scienceqa,middle,middle,middle
train,16642,scienceqa,middle,middle,middle
train,16643,scienceqa,middle,middle,middle
train,16644,scienceqa,middle,high,high
train,16645,scienceqa,middle,middle,middle
train,16646,scienceqa,middle,middle,middle
train,16647,scienceqa,middle,middle,middle
train,16648,scienceqa,middle,middle,middle
train,16649,scienceqa,middle,middle,middle
train,16650,scienceqa,middle,middle,middle
train,16651,scienceqa,middle,middle,middle
train,16652,scienceqa,middle,middle,middle
train,16653,scienceqa,middle,middle,middle
train,16654,scienceqa,middle,middle,middle
train,16655,scienceqa,middle,middle,middle
train,16656,scienceqa,middle,middle,middle
train,16657,scienceqa,middle,middle,middle
train,16658,scienceqa,middle,middle,middle
train,16659,scienceqa,middle,middle,middle
train,16660,scienceqa,middle,middle,middle
train,16661,scienceqa,middle,middle,middle
train,16662,scienceqa,middle,middle,middle
train,16663,scienceqa,middle,middle,middle
train,16664,scienceqa,middle,middle,middle
train,16665,scienceqa,middle,middle,middle
train,16666,scienceqa,middle,middle,middle
train,16667,scienceqa,middle,middle,middle
train,16668,scienceqa,middle,middle,middle
train,16669,scienceqa,middle,middle,middle
train,16670,scienceqa,middle,middle,middle
train,16671,scienceqa,middle,middle,middle
train,16672,scienceqa,middle,middle,middle
train,16673,scienceqa,middle,middle,middle
train,16674,scienceqa,middle,middle,middle
train,16675,scienceqa,middle,middle,middle
train,16676,scienceqa,middle,middle,middle
train,16677,scienceqa,middle,middle,middle
train,16678,scienceqa,middle,middle,middle
train,16679,scienceqa,middle,middle,middle
train,16680,scienceqa,middle,middle,middle
train,16681,scienceqa,middle,middle,middle
train,16682,scienceqa,middle,middle,middle
train,16683,scienceqa,middle,middle,middle
train,16684,scienceqa,middle,middle,middle
train,16685,scienceqa,middle,high,high
train,16686,scienceqa,middle,middle,middle
train,16687,scienceqa,middle,middle,middle
train,16688,scienceqa,middle,middle,middle
train,16689,scienceqa,middle,middle,middle
train,16690,scienceqa,middle,middle,middle
train,16691,scienceqa,middle,middle,middle
train,16692,scienceqa,middle,middle,middle
train,16693,scienceqa,middle,middle,middle
train,16694,scienceqa,middle,middle,middle
train,16695,scienceqa,middle,middle,middle
train,16696,scienceqa,middle,middle,middle
train,16697,scienceqa,middle,middle,middle
train,16698,scienceqa,middle,middle,middle
train,16699,scienceqa,middle,middle,middle
train,16700,scienceqa,middle,middle,middle
train,16701,scienceqa,middle,middle,middle
train,16702,scienceqa,middle,middle,middle
train,16703,scienceqa,middle,middle,middle
train,16704,scienceqa,middle,middle,middle
train,16705,scienceqa,middle,middle,middle
train,16706,scienceqa,middle,middle,middle
train,16707,scienceqa,middle,middle,middle
train,16708,scienceqa,middle,middle,middle
train,16709,scienceqa,middle,middle,middle
train,16710,scienceqa,middle,middle,middle
train,16711,scienceqa,middle,middle,middle
train,16712,scienceqa,middle,middle,middle
train,16713,scienceqa,middle,middle,middle
train,16714,scienceqa,middle,middle,middle
train,16715,scienceqa,middle,middle,middle
train,16716,scienceqa,middle,middle,middle
train,16717,scienceqa,middle,middle,middle
train,16718,scienceqa,middle,middle,middle
train,16719,scienceqa,middle,middle,middle
train,16720,scienceqa,middle,middle,middle
train,16721,scienceqa,middle,middle,middle
train,16722,scienceqa,middle,middle,middle
train,16723,scienceqa,middle,middle,middle
train,16724,scienceqa,middle,middle,middle
train,16725,scienceqa,middle,middle,middle
train,16726,scienceqa,middle,middle,middle
train,16727,scienceqa,middle,middle,middle
train,16728,scienceqa,middle,middle,middle
train,16729,scienceqa,middle,middle,middle
train,16730,scienceqa,middle,middle,middle
train,16731,scienceqa,middle,middle,middle
train,16732,scienceqa,middle,middle,middle
train,16733,scienceqa,middle,middle,middle
train,16734,scienceqa,middle,middle,middle
train,16735,scienceqa,middle,middle,middle
train,16736,scienceqa,middle,middle,middle
train,16737,scienceqa,middle,middle,middle
train,16738,scienceqa,middle,middle,middle
train,16739,scienceqa,middle,middle,middle
train,16740,scienceqa,middle,middle,middle
train,16741,scienceqa,middle,middle,middle
train,16742,scienceqa,middle,middle,middle
train,16743,scienceqa,middle,middle,middle
train,16744,scienceqa,middle,middle,middle
train,16745,scienceqa,middle,middle,middle
train,16746,scienceqa,middle,middle,middle
train,16747,scienceqa,middle,middle,middle
train,16748,scienceqa,middle,middle,middle
train,16749,scienceqa,middle,middle,middle
train,16750,scienceqa,middle,middle,middle
train,16751,scienceqa,middle,middle,middle
train,16752,scienceqa,middle,middle,middle
train,16753,scienceqa,middle,middle,middle
train,16754,scienceqa,middle,middle,middle
train,16755,scienceqa,middle,middle,middle
train,16756,scienceqa,middle,middle,middle
train,16757,scienceqa,middle,middle,middle
train,16758,scienceqa,middle,middle,middle
train,16759,scienceqa,middle,middle,middle
train,16760,scienceqa,middle,middle,middle
train,16761,scienceqa,middle,middle,middle
train,16762,scienceqa,middle,middle,middle
train,16763,scienceqa,middle,middle,middle
train,16764,scienceqa,middle,middle,middle
train,16765,scienceqa,middle,middle,middle
train,16766,scienceqa,middle,middle,middle
train,16767,scienceqa,middle,middle,middle
train,16768,scienceqa,middle,middle,middle
train,16769,scienceqa,middle,middle,middle
train,16770,scienceqa,middle,middle,middle
train,16771,scienceqa,middle,middle,middle
train,16772,scienceqa,middle,middle,middle
train,16773,scienceqa,middle,middle,middle
train,16774,scienceqa,middle,middle,middle
train,16775,scienceqa,middle,middle,middle
train,16776,scienceqa,middle,middle,middle
train,16777,scienceqa,middle,middle,middle
train,16778,scienceqa,middle,middle,middle
train,16779,scienceqa,middle,middle,middle
train,16780,scienceqa,middle,middle,middle
train,16781,scienceqa,middle,middle,middle
train,16782,scienceqa,middle,middle,middle
train,16783,scienceqa,middle,middle,middle
train,16784,scienceqa,middle,middle,middle
train,16785,scienceqa,middle,middle,middle
train,16786,scienceqa,middle,middle,middle
train,16787,scienceqa,middle,middle,middle
train,16788,scienceqa,middle,middle,middle
train,16789,scienceqa,middle,middle,middle
train,16790,scienceqa,middle,middle,middle
train,16791,scienceqa,middle,middle,middle
train,16792,scienceqa,middle,middle,middle
train,16793,scienceqa,middle,middle,middle
train,16794,scienceqa,middle,middle,middle
train,16795,scienceqa,middle,middle,middle
train,16796,scienceqa,middle,middle,middle
train,16797,scienceqa,middle,middle,middle
train,16798,scienceqa,middle,middle,middle
train,16799,scienceqa,middle,middle,middle
train,16800,scienceqa,middle,middle,middle
train,16801,scienceqa,middle,middle,middle
train,16802,scienceqa,middle,middle,middle
train,16803,scienceqa,middle,middle,middle
train,16804,scienceqa,middle,middle,middle
train,16805,scienceqa,middle,middle,middle
train,16806,scienceqa,middle,middle,middle
train,16807,scienceqa,middle,middle,middle
train,16808,scienceqa,middle,middle,middle
train,16809,scienceqa,middle,middle,middle
train,16810,scienceqa,middle,middle,middle
train,16811,scienceqa,middle,middle,middle
train,16812,scienceqa,middle,middle,middle
train,16813,scienceqa,middle,middle,middle
train,16814,scienceqa,middle,middle,middle
train,16815,scienceqa,middle,middle,middle
train,16816,scienceqa,middle,middle,middle
train,16817,scienceqa,middle,middle,middle
train,16818,scienceqa,middle,middle,middle
train,16819,scienceqa,middle,middle,middle
train,16820,scienceqa,middle,middle,middle
train,16821,scienceqa,middle,middle,middle
train,16822,scienceqa,middle,middle,middle
train,16823,scienceqa,middle,middle,middle
train,16824,scienceqa,middle,middle,middle
train,16825,scienceqa,middle,middle,middle
train,16826,scienceqa,middle,middle,middle
train,16827,scienceqa,middle,middle,middle
train,16828,scienceqa,middle,middle,middle
train,16829,scienceqa,middle,middle,middle
train,16830,scienceqa,middle,middle,middle
train,16831,scienceqa,middle,middle,middle
train,16832,scienceqa,middle,middle,middle
train,16833,scienceqa,middle,middle,middle
train,16834,scienceqa,middle,middle,middle
train,16835,scienceqa,middle,middle,middle
train,16836,scienceqa,middle,middle,middle
train,16837,scienceqa,middle,middle,middle
train,16838,scienceqa,middle,middle,middle
train,16839,scienceqa,middle,middle,middle
train,16840,scienceqa,middle,middle,middle
train,16841,scienceqa,middle,middle,middle
train,16842,scienceqa,middle,middle,middle
train,16843,scienceqa,middle,middle,middle
train,16844,scienceqa,middle,middle,middle
train,16845,scienceqa,middle,middle,middle
train,16846,scienceqa,middle,middle,middle
train,16847,scienceqa,middle,middle,middle
train,16848,scienceqa,middle,middle,middle
train,16849,scienceqa,middle,middle,middle
train,16850,scienceqa,middle,middle,middle
train,16851,scienceqa,middle,middle,middle
train,16852,scienceqa,middle,middle,middle
train,16853,scienceqa,middle,middle,middle
train,16854,scienceqa,middle,middle,middle
train,16855,scienceqa,middle,middle,middle
train,16856,scienceqa,middle,middle,middle
train,16857,scienceqa,middle,middle,middle
train,16858,scienceqa,middle,middle,middle
train,16859,scienceqa,middle,middle,middle
train,16860,scienceqa,middle,middle,middle
train,16861,scienceqa,middle,middle,middle
train,16862,scienceqa,middle,middle,middle
train,16863,scienceqa,middle,middle,middle
train,16864,scienceqa,middle,middle,middle
train,16865,scienceqa,middle,middle,middle
train,16866,scienceqa,middle,middle,middle
train,16867,scienceqa,middle,middle,middle
train,16868,scienceqa,middle,middle,middle
train,16869,scienceqa,middle,middle,middle
train,16870,scienceqa,middle,middle,middle
train,16871,scienceqa,middle,middle,middle
train,16872,scienceqa,middle,middle,middle
train,16873,scienceqa,middle,middle,middle
train,16874,scienceqa,middle,middle,middle
train,16875,scienceqa,middle,middle,middle
train,16876,scienceqa,middle,middle,middle
train,16877,scienceqa,middle,middle,middle
train,16878,scienceqa,middle,middle,middle
train,16879,scienceqa,middle,middle,middle
train,16880,scienceqa,middle,middle,middle
train,16881,scienceqa,middle,middle,middle
train,16882,scienceqa,middle,middle,middle
train,16883,scienceqa,middle,middle,middle
train,16884,scienceqa,middle,middle,middle
train,16885,scienceqa,middle,middle,middle
train,16886,scienceqa,middle,middle,middle
train,16887,scienceqa,middle,middle,middle
train,16888,scienceqa,middle,middle,middle
train,16889,scienceqa,middle,middle,middle
train,16890,scienceqa,middle,middle,middle
train,16891,scienceqa,middle,middle,middle
train,16892,scienceqa,middle,middle,middle
train,16893,scienceqa,middle,middle,middle
train,16894,scienceqa,middle,middle,middle
train,16895,scienceqa,middle,middle,middle
train,16896,scienceqa,middle,middle,middle
train,16897,scienceqa,middle,middle,middle
train,16898,scienceqa,middle,middle,middle
train,16899,scienceqa,middle,middle,middle
train,16900,scienceqa,middle,middle,middle
train,16901,scienceqa,middle,middle,middle
train,16902,scienceqa,middle,middle,middle
train,16903,scienceqa,middle,middle,middle
train,16904,scienceqa,middle,middle,middle
train,16905,scienceqa,middle,middle,middle
train,16906,scienceqa,middle,middle,middle
train,16907,scienceqa,middle,middle,middle
train,16908,scienceqa,middle,middle,middle
train,16909,scienceqa,middle,middle,middle
train,16910,scienceqa,middle,middle,middle
train,16911,scienceqa,middle,middle,middle
train,16912,scienceqa,middle,middle,middle
train,16913,scienceqa,middle,middle,middle
train,16914,scienceqa,middle,middle,middle
train,16915,scienceqa,middle,middle,middle
train,16916,scienceqa,middle,middle,middle
train,16917,scienceqa,middle,middle,middle
train,16918,scienceqa,middle,middle,middle
train,16919,scienceqa,middle,middle,middle
train,16920,scienceqa,middle,middle,middle
train,16921,scienceqa,middle,middle,middle
train,16922,scienceqa,middle,middle,middle
train,16923,scienceqa,middle,middle,middle
train,16924,scienceqa,middle,middle,middle
train,16925,scienceqa,middle,middle,middle
train,16926,scienceqa,middle,middle,middle
train,16927,scienceqa,middle,middle,middle
train,16928,scienceqa,middle,middle,middle
train,16929,scienceqa,middle,middle,middle
train,16930,scienceqa,middle,middle,middle
train,16931,scienceqa,middle,middle,middle
train,16932,scienceqa,middle,middle,middle
train,16933,scienceqa,middle,middle,middle
train,16934,scienceqa,middle,middle,middle
train,16935,scienceqa,middle,middle,middle
train,16936,scienceqa,middle,middle,middle
train,16937,scienceqa,middle,middle,middle
train,16938,scienceqa,middle,middle,middle
train,16939,scienceqa,middle,middle,middle
train,16940,scienceqa,middle,middle,middle
train,16941,scienceqa,middle,middle,middle
train,16942,scienceqa,middle,middle,middle
train,16943,scienceqa,middle,middle,middle
train,16944,scienceqa,middle,middle,middle
train,16945,scienceqa,middle,middle,middle
train,16946,scienceqa,middle,middle,middle
train,16947,scienceqa,middle,middle,middle
train,16948,scienceqa,middle,middle,middle
train,16949,scienceqa,middle,middle,middle
train,16950,scienceqa,middle,middle,middle
train,16951,scienceqa,middle,middle,middle
train,16952,scienceqa,middle,middle,middle
train,16953,scienceqa,middle,middle,middle
train,16954,scienceqa,middle,middle,middle
train,16955,scienceqa,middle,middle,middle
train,16956,scienceqa,middle,middle,middle
train,16957,scienceqa,middle,middle,middle
train,16958,scienceqa,middle,middle,middle
train,16959,scienceqa,middle,middle,middle
train,16960,scienceqa,middle,middle,middle
train,16961,scienceqa,middle,middle,middle
train,16962,scienceqa,middle,middle,middle
train,16963,scienceqa,middle,middle,middle
train,16964,scienceqa,middle,middle,middle
train,16965,scienceqa,middle,middle,middle
train,16966,scienceqa,middle,high,high
train,16967,scienceqa,middle,middle,middle
train,16968,scienceqa,middle,middle,middle
train,16969,scienceqa,middle,middle,middle
train,16970,scienceqa,middle,middle,middle
train,16971,scienceqa,middle,middle,middle
train,16972,scienceqa,middle,middle,middle
train,16973,scienceqa,middle,middle,middle
train,16974,scienceqa,middle,middle,middle
train,16975,scienceqa,middle,middle,middle
train,16976,scienceqa,middle,middle,middle
train,16977,scienceqa,middle,middle,middle
train,16978,scienceqa,middle,middle,middle
train,16979,scienceqa,middle,middle,middle
train,16980,scienceqa,middle,middle,middle
train,16981,scienceqa,middle,middle,middle
train,16982,scienceqa,middle,middle,middle
train,16983,scienceqa,middle,middle,middle
train,16984,scienceqa,middle,middle,middle
train,16985,scienceqa,middle,middle,middle
train,16986,scienceqa,middle,middle,middle
train,16987,scienceqa,middle,middle,middle
train,16988,scienceqa,middle,middle,middle
train,16989,scienceqa,middle,middle,middle
train,16990,scienceqa,middle,middle,middle
train,16991,scienceqa,middle,middle,middle
train,16992,scienceqa,middle,middle,middle
train,16993,scienceqa,middle,middle,middle
train,16994,scienceqa,middle,middle,middle
train,16995,scienceqa,middle,middle,middle
train,16996,scienceqa,middle,middle,middle
train,16997,scienceqa,middle,middle,middle
train,16998,scienceqa,middle,middle,middle
train,16999,scienceqa,middle,middle,middle
train,17000,scienceqa,middle,middle,middle
train,17001,scienceqa,middle,middle,middle
train,17002,scienceqa,middle,middle,middle
train,17003,scienceqa,middle,middle,middle
train,17004,scienceqa,middle,middle,middle
train,17005,scienceqa,middle,middle,middle
train,17006,scienceqa,middle,middle,middle
train,17007,scienceqa,middle,middle,middle
train,17008,scienceqa,middle,middle,middle
train,17009,scienceqa,middle,middle,middle
train,17010,scienceqa,middle,middle,middle
train,17011,scienceqa,middle,middle,middle
train,17012,scienceqa,middle,middle,middle
train,17013,scienceqa,middle,middle,middle
train,17014,scienceqa,middle,middle,middle
train,17015,scienceqa,middle,middle,middle
train,17016,scienceqa,middle,middle,middle
train,17017,scienceqa,middle,middle,middle
train,17018,scienceqa,middle,middle,middle
train,17019,scienceqa,middle,middle,middle
train,17020,scienceqa,middle,middle,middle
train,17021,scienceqa,middle,middle,middle
train,17022,scienceqa,middle,middle,middle
train,17023,scienceqa,middle,middle,middle
train,17024,scienceqa,middle,middle,middle
train,17025,scienceqa,middle,middle,middle
train,17026,scienceqa,middle,middle,middle
train,17027,scienceqa,middle,middle,middle
train,17028,scienceqa,middle,middle,middle
train,17029,scienceqa,middle,middle,middle
train,17030,scienceqa,middle,middle,middle
train,17031,scienceqa,middle,middle,middle
train,17032,scienceqa,middle,middle,middle
train,17033,scienceqa,middle,middle,middle
train,17034,scienceqa,middle,middle,middle
train,17035,scienceqa,middle,middle,middle
train,17036,scienceqa,middle,middle,middle
train,17037,scienceqa,middle,middle,middle
train,17038,scienceqa,middle,middle,middle
train,17039,scienceqa,middle,middle,middle
train,17040,scienceqa,middle,middle,middle
train,17041,scienceqa,middle,middle,middle
train,17042,scienceqa,middle,middle,middle
train,17043,scienceqa,middle,middle,middle
train,17044,scienceqa,middle,middle,middle
train,17045,scienceqa,middle,middle,middle
train,17046,scienceqa,middle,middle,middle
train,17047,scienceqa,middle,middle,middle
train,17048,scienceqa,middle,middle,middle
train,17049,scienceqa,middle,middle,middle
train,17050,scienceqa,middle,middle,middle
train,17051,scienceqa,middle,middle,middle
train,17052,scienceqa,middle,middle,middle
train,17053,scienceqa,middle,high,high
train,17054,scienceqa,middle,middle,middle
train,17055,scienceqa,middle,middle,middle
train,17056,scienceqa,middle,middle,middle
train,17057,scienceqa,middle,middle,middle
train,17058,scienceqa,middle,middle,middle
train,17059,scienceqa,middle,middle,middle
train,17060,scienceqa,middle,middle,middle
train,17061,scienceqa,middle,middle,middle
train,17062,scienceqa,middle,middle,middle
train,17063,scienceqa,middle,middle,middle
train,17064,scienceqa,middle,middle,middle
train,17065,scienceqa,middle,middle,middle
train,17066,scienceqa,middle,middle,middle
train,17067,scienceqa,middle,middle,middle
train,17068,scienceqa,middle,middle,middle
train,17069,scienceqa,middle,middle,middle
train,17070,scienceqa,middle,middle,middle
train,17071,scienceqa,middle,middle,middle
train,17072,scienceqa,middle,middle,middle
train,17073,scienceqa,middle,middle,middle
train,17074,scienceqa,middle,middle,middle
train,17075,scienceqa,middle,middle,middle
train,17076,scienceqa,middle,middle,middle
train,17077,scienceqa,middle,middle,middle
train,17078,scienceqa,middle,middle,middle
train,17079,scienceqa,middle,middle,middle
train,17080,scienceqa,middle,middle,middle
train,17081,scienceqa,middle,middle,middle
train,17082,scienceqa,middle,middle,middle
train,17083,scienceqa,middle,middle,middle
train,17084,scienceqa,middle,middle,middle
train,17085,scienceqa,middle,middle,middle
train,17086,scienceqa,middle,middle,middle
train,17087,scienceqa,middle,middle,middle
train,17088,scienceqa,middle,middle,middle
train,17089,scienceqa,middle,middle,middle
train,17090,scienceqa,middle,middle,middle
train,17091,scienceqa,middle,middle,middle
train,17092,scienceqa,middle,middle,middle
train,17093,scienceqa,middle,middle,middle
train,17094,scienceqa,middle,middle,middle
train,17095,scienceqa,middle,middle,middle
train,17096,scienceqa,middle,middle,middle
train,17097,scienceqa,middle,middle,middle
train,17098,scienceqa,middle,middle,middle
train,17099,scienceqa,middle,middle,middle
train,17100,scienceqa,middle,middle,middle
train,17101,scienceqa,middle,middle,middle
train,17102,scienceqa,middle,middle,middle
train,17103,scienceqa,middle,middle,middle
train,17104,scienceqa,middle,middle,middle
train,17105,scienceqa,middle,middle,middle
train,17106,scienceqa,middle,middle,middle
train,17107,scienceqa,middle,middle,middle
train,17108,scienceqa,middle,middle,middle
train,17109,scienceqa,middle,middle,middle
train,17110,scienceqa,middle,middle,middle
train,17111,scienceqa,middle,middle,middle
train,17112,scienceqa,middle,middle,middle
train,17113,scienceqa,middle,middle,middle
train,17114,scienceqa,middle,middle,middle
train,17115,scienceqa,middle,middle,middle
train,17116,scienceqa,middle,middle,middle
train,17117,scienceqa,middle,middle,middle
train,17118,scienceqa,middle,middle,middle
train,17119,scienceqa,middle,middle,middle
train,17120,scienceqa,middle,middle,middle
train,17121,scienceqa,middle,middle,middle
train,17122,scienceqa,middle,middle,middle
train,17123,scienceqa,middle,middle,middle
train,17124,scienceqa,middle,middle,middle
train,17125,scienceqa,middle,middle,middle
train,17126,scienceqa,middle,high,high
train,17127,scienceqa,middle,middle,middle
train,17128,scienceqa,middle,middle,middle
train,17129,scienceqa,middle,middle,middle
train,17130,scienceqa,middle,middle,middle
train,17131,scienceqa,middle,middle,middle
train,17132,scienceqa,middle,middle,middle
train,17133,scienceqa,middle,middle,middle
train,17134,scienceqa,middle,middle,middle
train,17135,scienceqa,middle,middle,middle
train,17136,scienceqa,middle,middle,middle
train,17137,scienceqa,middle,middle,middle
train,17138,scienceqa,middle,middle,middle
train,17139,scienceqa,middle,middle,middle
train,17140,scienceqa,middle,middle,middle
train,17141,scienceqa,middle,middle,middle
train,17142,scienceqa,middle,middle,middle
train,17143,scienceqa,middle,middle,middle
train,17144,scienceqa,middle,middle,middle
train,17145,scienceqa,middle,middle,middle
train,17146,scienceqa,middle,middle,middle
train,17147,scienceqa,middle,middle,middle
train,17148,scienceqa,middle,middle,middle
train,17149,scienceqa,middle,middle,middle
train,17150,scienceqa,middle,middle,middle
train,17151,scienceqa,middle,middle,middle
train,17152,scienceqa,middle,middle,middle
train,17153,scienceqa,middle,middle,middle
train,17154,scienceqa,middle,middle,middle
train,17155,scienceqa,middle,middle,middle
train,17156,scienceqa,middle,middle,middle
train,17157,scienceqa,middle,middle,middle
train,17158,scienceqa,middle,middle,middle
train,17159,scienceqa,middle,middle,middle
train,17160,scienceqa,middle,middle,middle
train,17161,scienceqa,middle,middle,middle
train,17162,scienceqa,middle,middle,middle
train,17163,scienceqa,middle,middle,middle
train,17164,scienceqa,middle,middle,middle
train,17165,scienceqa,middle,middle,middle
train,17166,scienceqa,middle,middle,middle
train,17167,scienceqa,middle,middle,middle
train,17168,scienceqa,middle,middle,middle
train,17169,scienceqa,middle,middle,middle
train,17170,scienceqa,middle,middle,middle
train,17171,scienceqa,middle,middle,middle
train,17172,scienceqa,middle,middle,middle
train,17173,scienceqa,middle,middle,middle
train,17174,scienceqa,middle,high,high
train,17175,scienceqa,middle,middle,middle
train,17176,scienceqa,middle,middle,middle
train,17177,scienceqa,middle,middle,middle
train,17178,scienceqa,middle,middle,middle
train,17179,scienceqa,middle,middle,middle
train,17180,scienceqa,middle,middle,middle
train,17181,scienceqa,middle,middle,middle
train,17182,scienceqa,middle,middle,middle
train,17183,scienceqa,middle,middle,middle
train,17184,scienceqa,middle,middle,middle
train,17185,scienceqa,middle,middle,middle
train,17186,scienceqa,middle,middle,middle
train,17187,scienceqa,middle,middle,middle
train,17188,scienceqa,middle,middle,middle
train,17189,scienceqa,middle,middle,middle
train,17190,scienceqa,middle,middle,middle
train,17191,scienceqa,middle,middle,middle
train,17192,scienceqa,middle,middle,middle
train,17193,scienceqa,middle,middle,middle
train,17194,scienceqa,middle,middle,middle
train,17195,scienceqa,middle,middle,middle
train,17196,scienceqa,middle,middle,middle
train,17197,scienceqa,middle,middle,middle
train,17198,scienceqa,middle,high,high
train,17199,scienceqa,middle,middle,middle
train,17200,scienceqa,middle,middle,middle
train,17201,scienceqa,middle,middle,middle
train,17202,scienceqa,middle,middle,middle
train,17203,scienceqa,middle,middle,middle
train,17204,scienceqa,middle,middle,middle
train,17205,scienceqa,middle,middle,middle
train,17206,scienceqa,middle,middle,middle
train,17207,scienceqa,middle,middle,middle
train,17208,scienceqa,middle,middle,middle
train,17209,scienceqa,middle,middle,middle
train,17210,scienceqa,middle,middle,middle
train,17211,scienceqa,middle,middle,middle
train,17212,scienceqa,middle,middle,middle
train,17213,scienceqa,middle,middle,middle
train,17214,scienceqa,middle,middle,middle
train,17215,scienceqa,middle,middle,middle
train,17216,scienceqa,middle,middle,middle
train,17217,scienceqa,middle,middle,middle
train,17218,scienceqa,middle,middle,middle
train,17219,scienceqa,middle,middle,middle
train,17220,scienceqa,middle,middle,middle
train,17221,scienceqa,middle,middle,middle
train,17222,scienceqa,middle,middle,middle
train,17223,scienceqa,middle,middle,middle
train,17224,scienceqa,middle,middle,middle
train,17225,scienceqa,middle,middle,middle
train,17226,scienceqa,middle,middle,middle
train,17227,scienceqa,middle,middle,middle
train,17228,scienceqa,middle,middle,middle
train,17229,scienceqa,middle,middle,middle
train,17230,scienceqa,middle,middle,middle
train,17231,scienceqa,middle,middle,middle
train,17232,scienceqa,middle,middle,middle
train,17233,scienceqa,middle,middle,middle
train,17234,scienceqa,middle,middle,middle
train,17235,scienceqa,middle,middle,middle
train,17236,scienceqa,middle,middle,middle
train,17237,scienceqa,middle,middle,middle
train,17238,scienceqa,middle,middle,middle
train,17239,scienceqa,middle,middle,middle
train,17240,scienceqa,middle,middle,middle
train,17241,scienceqa,middle,high,high
train,17242,scienceqa,middle,middle,middle
train,17243,scienceqa,middle,middle,middle
train,17244,scienceqa,middle,middle,middle
train,17245,scienceqa,middle,middle,middle
train,17246,scienceqa,middle,middle,middle
train,17247,scienceqa,middle,middle,middle
train,17248,scienceqa,middle,middle,middle
train,17249,scienceqa,middle,middle,middle
train,17250,scienceqa,middle,middle,middle
train,17251,scienceqa,middle,middle,middle
train,17252,scienceqa,middle,middle,middle
train,17253,scienceqa,middle,middle,middle
train,17254,scienceqa,middle,middle,middle
train,17255,scienceqa,middle,middle,middle
train,17256,scienceqa,middle,middle,middle
train,17257,scienceqa,middle,middle,middle
train,17258,scienceqa,middle,middle,middle
train,17259,scienceqa,middle,middle,middle
train,17260,scienceqa,middle,middle,middle
train,17261,scienceqa,middle,middle,middle
train,17262,scienceqa,middle,middle,middle
train,17263,scienceqa,middle,middle,middle
train,17264,scienceqa,middle,middle,middle
train,17265,scienceqa,middle,middle,middle
train,17266,scienceqa,middle,middle,middle
train,17267,scienceqa,middle,middle,middle
train,17268,scienceqa,middle,middle,middle
train,17269,scienceqa,middle,middle,middle
train,17270,scienceqa,middle,middle,middle
train,17271,scienceqa,middle,middle,middle
train,17272,scienceqa,middle,middle,middle
train,17273,scienceqa,middle,middle,middle
train,17274,scienceqa,middle,middle,middle
train,17275,scienceqa,middle,middle,middle
train,17276,scienceqa,middle,middle,middle
train,17277,scienceqa,middle,middle,middle
train,17278,scienceqa,middle,middle,middle
train,17279,scienceqa,middle,middle,middle
train,17280,scienceqa,middle,middle,middle
train,17281,scienceqa,middle,middle,middle
train,17282,scienceqa,middle,middle,middle
train,17283,scienceqa,middle,middle,middle
train,17284,scienceqa,middle,middle,middle
train,17285,scienceqa,middle,middle,middle
train,17286,scienceqa,middle,middle,middle
train,17287,scienceqa,middle,middle,middle
train,17288,scienceqa,middle,middle,middle
train,17289,scienceqa,middle,middle,middle
train,17290,scienceqa,middle,middle,middle
train,17291,scienceqa,middle,middle,middle
train,17292,scienceqa,middle,middle,middle
train,17293,scienceqa,middle,middle,middle
train,17294,scienceqa,middle,middle,middle
train,17295,scienceqa,middle,middle,middle
train,17296,scienceqa,middle,middle,middle
train,17297,scienceqa,middle,middle,middle
train,17298,scienceqa,middle,middle,middle
train,17299,scienceqa,middle,middle,middle
train,17300,scienceqa,middle,middle,middle
train,17301,scienceqa,middle,middle,middle
train,17302,scienceqa,middle,middle,middle
train,17303,scienceqa,middle,middle,middle
train,17304,scienceqa,middle,middle,middle
train,17305,scienceqa,middle,middle,middle
